sourceFile,symbolName,symbolKind,isExported,cppTargetFile,status
"reactjs/packages/react/src/BadMapPolyfill.js","hasBadMapPolyfill","variable-export",true,"packages/React/src/react/BadMapPolyfill.cpp","not-started"
"reactjs/packages/react/src/ReactAct.js","actScopeDepth","const-export",false,"packages/React/src/react/ReactAct.cpp","not-started"
"reactjs/packages/react/src/ReactAct.js","didWarnNoAwaitAct","const-export",false,"packages/React/src/react/ReactAct.cpp","not-started"
"reactjs/packages/react/src/ReactAct.js","aggregateErrors","function",false,"packages/React/src/react/ReactAct.cpp","not-started"
"reactjs/packages/react/src/ReactAct.js","act","function",true,"packages/React/src/react/ReactAct.cpp","not-started"
"reactjs/packages/react/src/ReactAct.js","didAwaitActCall","const-export",false,"packages/React/src/react/ReactAct.cpp","not-started"
"reactjs/packages/react/src/ReactAct.js","popActScope","function",false,"packages/React/src/react/ReactAct.cpp","not-started"
"reactjs/packages/react/src/ReactAct.js","recursivelyFlushAsyncActWork","function",false,"packages/React/src/react/ReactAct.cpp","not-started"
"reactjs/packages/react/src/ReactAct.js","isFlushing","const-export",false,"packages/React/src/react/ReactAct.cpp","not-started"
"reactjs/packages/react/src/ReactAct.js","flushActQueue","function",false,"packages/React/src/react/ReactAct.cpp","not-started"
"reactjs/packages/react/src/ReactAct.js","i","const-export",false,"packages/React/src/react/ReactAct.cpp","not-started"
"reactjs/packages/react/src/ReactBaseClasses.js","emptyObject","variable-export",false,"packages/React/src/react/ReactBaseClasses.cpp","not-started"
"reactjs/packages/react/src/ReactBaseClasses.js","Component","function",false,"packages/React/src/react/ReactBaseClasses.cpp","not-started"
"reactjs/packages/react/src/ReactBaseClasses.js","deprecatedAPIs","variable-export",false,"packages/React/src/react/ReactBaseClasses.cpp","not-started"
"reactjs/packages/react/src/ReactBaseClasses.js","defineDeprecationWarning","function",false,"packages/React/src/react/ReactBaseClasses.cpp","not-started"
"reactjs/packages/react/src/ReactBaseClasses.js","ComponentDummy","function",false,"packages/React/src/react/ReactBaseClasses.cpp","not-started"
"reactjs/packages/react/src/ReactBaseClasses.js","PureComponent","function",false,"packages/React/src/react/ReactBaseClasses.cpp","not-started"
"reactjs/packages/react/src/ReactBaseClasses.js","Component","variable-export",true,"packages/React/src/react/ReactBaseClasses.cpp","not-started"
"reactjs/packages/react/src/ReactBaseClasses.js","PureComponent","variable-export",true,"packages/React/src/react/ReactBaseClasses.cpp","not-started"
"reactjs/packages/react/src/ReactCacheClient.js","noopCache","function",false,"packages/React/src/react/ReactCacheClient.cpp","not-started"
"reactjs/packages/react/src/ReactCacheClient.js","cache","variable-export",true,"packages/React/src/react/ReactCacheClient.cpp","not-started"
"reactjs/packages/react/src/ReactCacheClient.js","noopCacheSignal","function",false,"packages/React/src/react/ReactCacheClient.cpp","not-started"
"reactjs/packages/react/src/ReactCacheClient.js","cacheSignal","variable-export",true,"packages/React/src/react/ReactCacheClient.cpp","not-started"
"reactjs/packages/react/src/ReactCacheImpl.js","UNTERMINATED","const-export",false,"packages/React/src/react/ReactCacheImpl.cpp","not-started"
"reactjs/packages/react/src/ReactCacheImpl.js","TERMINATED","const-export",false,"packages/React/src/react/ReactCacheImpl.cpp","not-started"
"reactjs/packages/react/src/ReactCacheImpl.js","ERRORED","const-export",false,"packages/React/src/react/ReactCacheImpl.cpp","not-started"
"reactjs/packages/react/src/ReactCacheImpl.js","createCacheRoot","function",false,"packages/React/src/react/ReactCacheImpl.cpp","not-started"
"reactjs/packages/react/src/ReactCacheImpl.js","createCacheNode","function",false,"packages/React/src/react/ReactCacheImpl.cpp","not-started"
"reactjs/packages/react/src/ReactCacheImpl.js","cache","function",true,"packages/React/src/react/ReactCacheImpl.cpp","not-started"
"reactjs/packages/react/src/ReactCacheImpl.js","i","const-export",false,"packages/React/src/react/ReactCacheImpl.cpp","not-started"
"reactjs/packages/react/src/ReactCacheImpl.js","cacheSignal","function",true,"packages/React/src/react/ReactCacheImpl.cpp","not-started"
"reactjs/packages/react/src/ReactCacheServer.js","cache","variable-export",true,"packages/React/src/react/ReactCacheServer.cpp","not-started"
"reactjs/packages/react/src/ReactCacheServer.js","cacheSignal","variable-export",true,"packages/React/src/react/ReactCacheServer.cpp","not-started"
"reactjs/packages/react/src/ReactChildren.js","SEPARATOR","const-export",false,"packages/React/src/react/ReactChildren.cpp","not-started"
"reactjs/packages/react/src/ReactChildren.js","SUBSEPARATOR","const-export",false,"packages/React/src/react/ReactChildren.cpp","not-started"
"reactjs/packages/react/src/ReactChildren.js","escape","function",false,"packages/React/src/react/ReactChildren.cpp","not-started"
"reactjs/packages/react/src/ReactChildren.js","escaperLookup","variable-export",false,"packages/React/src/react/ReactChildren.cpp","not-started"
"reactjs/packages/react/src/ReactChildren.js","didWarnAboutMaps","const-export",false,"packages/React/src/react/ReactChildren.cpp","not-started"
"reactjs/packages/react/src/ReactChildren.js","escapeUserProvidedKey","function",false,"packages/React/src/react/ReactChildren.cpp","not-started"
"reactjs/packages/react/src/ReactChildren.js","getElementKey","function",false,"packages/React/src/react/ReactChildren.cpp","not-started"
"reactjs/packages/react/src/ReactChildren.js","resolveThenable","function",false,"packages/React/src/react/ReactChildren.cpp","not-started"
"reactjs/packages/react/src/ReactChildren.js","mapIntoArray","function",false,"packages/React/src/react/ReactChildren.cpp","not-started"
"reactjs/packages/react/src/ReactChildren.js","invokeCallback","const-export",false,"packages/React/src/react/ReactChildren.cpp","not-started"
"reactjs/packages/react/src/ReactChildren.js","escapedChildKey","const-export",false,"packages/React/src/react/ReactChildren.cpp","not-started"
"reactjs/packages/react/src/ReactChildren.js","subtreeCount","const-export",false,"packages/React/src/react/ReactChildren.cpp","not-started"
"reactjs/packages/react/src/ReactChildren.js","i","const-export",false,"packages/React/src/react/ReactChildren.cpp","not-started"
"reactjs/packages/react/src/ReactChildren.js","ii","const-export",false,"packages/React/src/react/ReactChildren.cpp","not-started"
"reactjs/packages/react/src/ReactChildren.js","mapChildren","function",false,"packages/React/src/react/ReactChildren.cpp","not-started"
"reactjs/packages/react/src/ReactChildren.js","count","const-export",false,"packages/React/src/react/ReactChildren.cpp","not-started"
"reactjs/packages/react/src/ReactChildren.js","countChildren","function",false,"packages/React/src/react/ReactChildren.cpp","not-started"
"reactjs/packages/react/src/ReactChildren.js","n","const-export",false,"packages/React/src/react/ReactChildren.cpp","not-started"
"reactjs/packages/react/src/ReactChildren.js","forEachChildren","function",false,"packages/React/src/react/ReactChildren.cpp","not-started"
"reactjs/packages/react/src/ReactChildren.js","toArray","function",false,"packages/React/src/react/ReactChildren.cpp","not-started"
"reactjs/packages/react/src/ReactChildren.js","onlyChild","function",false,"packages/React/src/react/ReactChildren.cpp","not-started"
"reactjs/packages/react/src/ReactChildren.js","forEach","variable-export",true,"packages/React/src/react/ReactChildren.cpp","not-started"
"reactjs/packages/react/src/ReactChildren.js","map","variable-export",true,"packages/React/src/react/ReactChildren.cpp","not-started"
"reactjs/packages/react/src/ReactChildren.js","count","variable-export",true,"packages/React/src/react/ReactChildren.cpp","not-started"
"reactjs/packages/react/src/ReactChildren.js","only","variable-export",true,"packages/React/src/react/ReactChildren.cpp","not-started"
"reactjs/packages/react/src/ReactChildren.js","toArray","variable-export",true,"packages/React/src/react/ReactChildren.cpp","not-started"
"reactjs/packages/react/src/ReactClient.js","Children","variable-export",false,"packages/React/src/react/ReactClient.cpp","not-started"
"reactjs/packages/react/src/ReactClient.js","Children","variable-export",true,"packages/React/src/react/ReactClient.cpp","not-started"
"reactjs/packages/react/src/ReactClient.js","createRef","variable-export",true,"packages/React/src/react/ReactClient.cpp","not-started"
"reactjs/packages/react/src/ReactClient.js","Component","variable-export",true,"packages/React/src/react/ReactClient.cpp","not-started"
"reactjs/packages/react/src/ReactClient.js","PureComponent","variable-export",true,"packages/React/src/react/ReactClient.cpp","not-started"
"reactjs/packages/react/src/ReactClient.js","createContext","variable-export",true,"packages/React/src/react/ReactClient.cpp","not-started"
"reactjs/packages/react/src/ReactClient.js","forwardRef","variable-export",true,"packages/React/src/react/ReactClient.cpp","not-started"
"reactjs/packages/react/src/ReactClient.js","lazy","variable-export",true,"packages/React/src/react/ReactClient.cpp","not-started"
"reactjs/packages/react/src/ReactClient.js","memo","variable-export",true,"packages/React/src/react/ReactClient.cpp","not-started"
"reactjs/packages/react/src/ReactClient.js","cache","variable-export",true,"packages/React/src/react/ReactClient.cpp","not-started"
"reactjs/packages/react/src/ReactClient.js","cacheSignal","variable-export",true,"packages/React/src/react/ReactClient.cpp","not-started"
"reactjs/packages/react/src/ReactClient.js","unstable_postpone","variable-export",true,"packages/React/src/react/ReactClient.cpp","not-started"
"reactjs/packages/react/src/ReactClient.js","useCallback","variable-export",true,"packages/React/src/react/ReactClient.cpp","not-started"
"reactjs/packages/react/src/ReactClient.js","useContext","variable-export",true,"packages/React/src/react/ReactClient.cpp","not-started"
"reactjs/packages/react/src/ReactClient.js","useEffect","variable-export",true,"packages/React/src/react/ReactClient.cpp","not-started"
"reactjs/packages/react/src/ReactClient.js","experimental_useEffectEvent","variable-export",true,"packages/React/src/react/ReactClient.cpp","not-started"
"reactjs/packages/react/src/ReactClient.js","useImperativeHandle","variable-export",true,"packages/React/src/react/ReactClient.cpp","not-started"
"reactjs/packages/react/src/ReactClient.js","useDebugValue","variable-export",true,"packages/React/src/react/ReactClient.cpp","not-started"
"reactjs/packages/react/src/ReactClient.js","useInsertionEffect","variable-export",true,"packages/React/src/react/ReactClient.cpp","not-started"
"reactjs/packages/react/src/ReactClient.js","useLayoutEffect","variable-export",true,"packages/React/src/react/ReactClient.cpp","not-started"
"reactjs/packages/react/src/ReactClient.js","useMemo","variable-export",true,"packages/React/src/react/ReactClient.cpp","not-started"
"reactjs/packages/react/src/ReactClient.js","useOptimistic","variable-export",true,"packages/React/src/react/ReactClient.cpp","not-started"
"reactjs/packages/react/src/ReactClient.js","useActionState","variable-export",true,"packages/React/src/react/ReactClient.cpp","not-started"
"reactjs/packages/react/src/ReactClient.js","useSyncExternalStore","variable-export",true,"packages/React/src/react/ReactClient.cpp","not-started"
"reactjs/packages/react/src/ReactClient.js","useReducer","variable-export",true,"packages/React/src/react/ReactClient.cpp","not-started"
"reactjs/packages/react/src/ReactClient.js","useRef","variable-export",true,"packages/React/src/react/ReactClient.cpp","not-started"
"reactjs/packages/react/src/ReactClient.js","useState","variable-export",true,"packages/React/src/react/ReactClient.cpp","not-started"
"reactjs/packages/react/src/ReactClient.js","Fragment","variable-export",true,"packages/React/src/react/ReactClient.cpp","not-started"
"reactjs/packages/react/src/ReactClient.js","Profiler","variable-export",true,"packages/React/src/react/ReactClient.cpp","not-started"
"reactjs/packages/react/src/ReactClient.js","StrictMode","variable-export",true,"packages/React/src/react/ReactClient.cpp","not-started"
"reactjs/packages/react/src/ReactClient.js","Suspense","variable-export",true,"packages/React/src/react/ReactClient.cpp","not-started"
"reactjs/packages/react/src/ReactClient.js","createElement","variable-export",true,"packages/React/src/react/ReactClient.cpp","not-started"
"reactjs/packages/react/src/ReactClient.js","cloneElement","variable-export",true,"packages/React/src/react/ReactClient.cpp","not-started"
"reactjs/packages/react/src/ReactClient.js","isValidElement","variable-export",true,"packages/React/src/react/ReactClient.cpp","not-started"
"reactjs/packages/react/src/ReactClient.js","version","variable-export",true,"packages/React/src/react/ReactClient.cpp","not-started"
"reactjs/packages/react/src/ReactClient.js","__CLIENT_INTERNALS_DO_NOT_USE_OR_WARN_USERS_THEY_CANNOT_UPGRADE","variable-export",true,"packages/React/src/react/ReactClient.cpp","not-started"
"reactjs/packages/react/src/ReactClient.js","__COMPILER_RUNTIME","variable-export",true,"packages/React/src/react/ReactClient.cpp","not-started"
"reactjs/packages/react/src/ReactClient.js","useTransition","variable-export",true,"packages/React/src/react/ReactClient.cpp","not-started"
"reactjs/packages/react/src/ReactClient.js","startTransition","variable-export",true,"packages/React/src/react/ReactClient.cpp","not-started"
"reactjs/packages/react/src/ReactClient.js","useDeferredValue","variable-export",true,"packages/React/src/react/ReactClient.cpp","not-started"
"reactjs/packages/react/src/ReactClient.js","unstable_SuspenseList","variable-export",true,"packages/React/src/react/ReactClient.cpp","not-started"
"reactjs/packages/react/src/ReactClient.js","unstable_LegacyHidden","variable-export",true,"packages/React/src/react/ReactClient.cpp","not-started"
"reactjs/packages/react/src/ReactClient.js","unstable_Activity","variable-export",true,"packages/React/src/react/ReactClient.cpp","not-started"
"reactjs/packages/react/src/ReactClient.js","unstable_getCacheForType","variable-export",true,"packages/React/src/react/ReactClient.cpp","not-started"
"reactjs/packages/react/src/ReactClient.js","unstable_useCacheRefresh","variable-export",true,"packages/React/src/react/ReactClient.cpp","not-started"
"reactjs/packages/react/src/ReactClient.js","use","variable-export",true,"packages/React/src/react/ReactClient.cpp","not-started"
"reactjs/packages/react/src/ReactClient.js","unstable_Scope","variable-export",true,"packages/React/src/react/ReactClient.cpp","not-started"
"reactjs/packages/react/src/ReactClient.js","unstable_TracingMarker","variable-export",true,"packages/React/src/react/ReactClient.cpp","not-started"
"reactjs/packages/react/src/ReactClient.js","unstable_ViewTransition","variable-export",true,"packages/React/src/react/ReactClient.cpp","not-started"
"reactjs/packages/react/src/ReactClient.js","unstable_addTransitionType","variable-export",true,"packages/React/src/react/ReactClient.cpp","not-started"
"reactjs/packages/react/src/ReactClient.js","unstable_startGestureTransition","variable-export",true,"packages/React/src/react/ReactClient.cpp","not-started"
"reactjs/packages/react/src/ReactClient.js","useId","variable-export",true,"packages/React/src/react/ReactClient.cpp","not-started"
"reactjs/packages/react/src/ReactClient.js","act","variable-export",true,"packages/React/src/react/ReactClient.cpp","not-started"
"reactjs/packages/react/src/ReactClient.js","captureOwnerStack","variable-export",true,"packages/React/src/react/ReactClient.cpp","not-started"
"reactjs/packages/react/src/ReactCompilerRuntime.js","c","variable-export",true,"packages/React/src/react/ReactCompilerRuntime.cpp","not-started"
"reactjs/packages/react/src/ReactContext.js","createContext","function",true,"packages/React/src/react/ReactContext.cpp","not-started"
"reactjs/packages/react/src/ReactContext.js","context","variable-export",false,"packages/React/src/react/ReactContext.cpp","not-started"
"reactjs/packages/react/src/ReactCreateRef.js","createRef","function",true,"packages/React/src/react/ReactCreateRef.cpp","not-started"
"reactjs/packages/react/src/ReactCreateRef.js","refObject","variable-export",false,"packages/React/src/react/ReactCreateRef.cpp","not-started"
"reactjs/packages/react/src/ReactForwardRef.js","forwardRef","function",true,"packages/React/src/react/ReactForwardRef.cpp","not-started"
"reactjs/packages/react/src/ReactForwardRef.js","elementType","variable-export",false,"packages/React/src/react/ReactForwardRef.cpp","not-started"
"reactjs/packages/react/src/ReactHooks.js","resolveDispatcher","function",false,"packages/React/src/react/ReactHooks.cpp","not-started"
"reactjs/packages/react/src/ReactHooks.js","getCacheForType","function",true,"packages/React/src/react/ReactHooks.cpp","not-started"
"reactjs/packages/react/src/ReactHooks.js","useContext","function",true,"packages/React/src/react/ReactHooks.cpp","not-started"
"reactjs/packages/react/src/ReactHooks.js","useState","function",true,"packages/React/src/react/ReactHooks.cpp","not-started"
"reactjs/packages/react/src/ReactHooks.js","useReducer","function",true,"packages/React/src/react/ReactHooks.cpp","not-started"
"reactjs/packages/react/src/ReactHooks.js","useRef","function",true,"packages/React/src/react/ReactHooks.cpp","not-started"
"reactjs/packages/react/src/ReactHooks.js","useEffect","function",true,"packages/React/src/react/ReactHooks.cpp","not-started"
"reactjs/packages/react/src/ReactHooks.js","useInsertionEffect","function",true,"packages/React/src/react/ReactHooks.cpp","not-started"
"reactjs/packages/react/src/ReactHooks.js","useLayoutEffect","function",true,"packages/React/src/react/ReactHooks.cpp","not-started"
"reactjs/packages/react/src/ReactHooks.js","useCallback","function",true,"packages/React/src/react/ReactHooks.cpp","not-started"
"reactjs/packages/react/src/ReactHooks.js","useMemo","function",true,"packages/React/src/react/ReactHooks.cpp","not-started"
"reactjs/packages/react/src/ReactHooks.js","useImperativeHandle","function",true,"packages/React/src/react/ReactHooks.cpp","not-started"
"reactjs/packages/react/src/ReactHooks.js","useDebugValue","function",true,"packages/React/src/react/ReactHooks.cpp","not-started"
"reactjs/packages/react/src/ReactHooks.js","useTransition","function",true,"packages/React/src/react/ReactHooks.cpp","not-started"
"reactjs/packages/react/src/ReactHooks.js","useDeferredValue","function",true,"packages/React/src/react/ReactHooks.cpp","not-started"
"reactjs/packages/react/src/ReactHooks.js","useId","function",true,"packages/React/src/react/ReactHooks.cpp","not-started"
"reactjs/packages/react/src/ReactHooks.js","useSyncExternalStore","function",true,"packages/React/src/react/ReactHooks.cpp","not-started"
"reactjs/packages/react/src/ReactHooks.js","useCacheRefresh","function",true,"packages/React/src/react/ReactHooks.cpp","not-started"
"reactjs/packages/react/src/ReactHooks.js","use","function",true,"packages/React/src/react/ReactHooks.cpp","not-started"
"reactjs/packages/react/src/ReactHooks.js","useMemoCache","function",true,"packages/React/src/react/ReactHooks.cpp","not-started"
"reactjs/packages/react/src/ReactHooks.js","useEffectEvent","function",true,"packages/React/src/react/ReactHooks.cpp","not-started"
"reactjs/packages/react/src/ReactHooks.js","useOptimistic","function",true,"packages/React/src/react/ReactHooks.cpp","not-started"
"reactjs/packages/react/src/ReactHooks.js","useActionState","function",true,"packages/React/src/react/ReactHooks.cpp","not-started"
"reactjs/packages/react/src/ReactLazy.js","Pending","const-export",false,"packages/React/src/react/ReactLazy.cpp","not-started"
"reactjs/packages/react/src/ReactLazy.js","Resolved","const-export",false,"packages/React/src/react/ReactLazy.cpp","not-started"
"reactjs/packages/react/src/ReactLazy.js","Rejected","const-export",false,"packages/React/src/react/ReactLazy.cpp","not-started"
"reactjs/packages/react/src/ReactLazy.js","LazyComponent","type-export",true,"packages/React/src/react/ReactLazy.h","not-started"
"reactjs/packages/react/src/ReactLazy.js","lazyInitializer","function",false,"packages/React/src/react/ReactLazy.cpp","not-started"
"reactjs/packages/react/src/ReactLazy.js","lazy","function",true,"packages/React/src/react/ReactLazy.cpp","not-started"
"reactjs/packages/react/src/ReactLazy.js","payload","variable-export",false,"packages/React/src/react/ReactLazy.cpp","not-started"
"reactjs/packages/react/src/ReactLazy.js","lazyType","variable-export",false,"packages/React/src/react/ReactLazy.cpp","not-started"
"reactjs/packages/react/src/ReactLazy.js","ioInfo","variable-export",false,"packages/React/src/react/ReactLazy.cpp","not-started"
"reactjs/packages/react/src/ReactMemo.js","memo","function",true,"packages/React/src/react/ReactMemo.cpp","not-started"
"reactjs/packages/react/src/ReactMemo.js","elementType","variable-export",false,"packages/React/src/react/ReactMemo.cpp","not-started"
"reactjs/packages/react/src/ReactNoopUpdateQueue.js","didWarnStateUpdateForUnmountedComponent","variable-export",false,"packages/React/src/react/ReactNoopUpdateQueue.cpp","not-started"
"reactjs/packages/react/src/ReactNoopUpdateQueue.js","warnNoop","function",false,"packages/React/src/react/ReactNoopUpdateQueue.cpp","not-started"
"reactjs/packages/react/src/ReactNoopUpdateQueue.js","ReactNoopUpdateQueue","variable-export",false,"packages/React/src/react/ReactNoopUpdateQueue.cpp","not-started"
"reactjs/packages/react/src/ReactNoopUpdateQueue.js","ReactNoopUpdateQueue","default-export",true,"packages/React/src/react/ReactNoopUpdateQueue.cpp","not-started"
"reactjs/packages/react/src/ReactOwnerStack.js","captureOwnerStack","function",true,"packages/React/src/react/ReactOwnerStack.cpp","not-started"
"reactjs/packages/react/src/ReactPostpone.js","Postpone","variable-export",true,"packages/React/src/react/ReactPostpone.cpp","not-started"
"reactjs/packages/react/src/ReactPostpone.js","postpone","function",true,"packages/React/src/react/ReactPostpone.cpp","not-started"
"reactjs/packages/react/src/ReactServer.experimental.development.js","__SERVER_INTERNALS_DO_NOT_USE_OR_WARN_USERS_THEY_CANNOT_UPGRADE","variable-export",true,"packages/React/src/react/ReactServer.experimental.development.cpp","not-started"
"reactjs/packages/react/src/ReactServer.experimental.development.js","Children","variable-export",false,"packages/React/src/react/ReactServer.experimental.development.cpp","not-started"
"reactjs/packages/react/src/ReactServer.experimental.development.js","experimental_taintUniqueValue","variable-export",true,"packages/React/src/react/ReactServer.experimental.development.cpp","not-started"
"reactjs/packages/react/src/ReactServer.experimental.development.js","experimental_taintObjectReference","variable-export",true,"packages/React/src/react/ReactServer.experimental.development.cpp","not-started"
"reactjs/packages/react/src/ReactServer.experimental.development.js","Children","variable-export",true,"packages/React/src/react/ReactServer.experimental.development.cpp","not-started"
"reactjs/packages/react/src/ReactServer.experimental.development.js","Fragment","variable-export",true,"packages/React/src/react/ReactServer.experimental.development.cpp","not-started"
"reactjs/packages/react/src/ReactServer.experimental.development.js","Profiler","variable-export",true,"packages/React/src/react/ReactServer.experimental.development.cpp","not-started"
"reactjs/packages/react/src/ReactServer.experimental.development.js","StrictMode","variable-export",true,"packages/React/src/react/ReactServer.experimental.development.cpp","not-started"
"reactjs/packages/react/src/ReactServer.experimental.development.js","Suspense","variable-export",true,"packages/React/src/react/ReactServer.experimental.development.cpp","not-started"
"reactjs/packages/react/src/ReactServer.experimental.development.js","cloneElement","variable-export",true,"packages/React/src/react/ReactServer.experimental.development.cpp","not-started"
"reactjs/packages/react/src/ReactServer.experimental.development.js","createElement","variable-export",true,"packages/React/src/react/ReactServer.experimental.development.cpp","not-started"
"reactjs/packages/react/src/ReactServer.experimental.development.js","createRef","variable-export",true,"packages/React/src/react/ReactServer.experimental.development.cpp","not-started"
"reactjs/packages/react/src/ReactServer.experimental.development.js","use","variable-export",true,"packages/React/src/react/ReactServer.experimental.development.cpp","not-started"
"reactjs/packages/react/src/ReactServer.experimental.development.js","forwardRef","variable-export",true,"packages/React/src/react/ReactServer.experimental.development.cpp","not-started"
"reactjs/packages/react/src/ReactServer.experimental.development.js","isValidElement","variable-export",true,"packages/React/src/react/ReactServer.experimental.development.cpp","not-started"
"reactjs/packages/react/src/ReactServer.experimental.development.js","lazy","variable-export",true,"packages/React/src/react/ReactServer.experimental.development.cpp","not-started"
"reactjs/packages/react/src/ReactServer.experimental.development.js","memo","variable-export",true,"packages/React/src/react/ReactServer.experimental.development.cpp","not-started"
"reactjs/packages/react/src/ReactServer.experimental.development.js","cache","variable-export",true,"packages/React/src/react/ReactServer.experimental.development.cpp","not-started"
"reactjs/packages/react/src/ReactServer.experimental.development.js","cacheSignal","variable-export",true,"packages/React/src/react/ReactServer.experimental.development.cpp","not-started"
"reactjs/packages/react/src/ReactServer.experimental.development.js","startTransition","variable-export",true,"packages/React/src/react/ReactServer.experimental.development.cpp","not-started"
"reactjs/packages/react/src/ReactServer.experimental.development.js","unstable_getCacheForType","variable-export",true,"packages/React/src/react/ReactServer.experimental.development.cpp","not-started"
"reactjs/packages/react/src/ReactServer.experimental.development.js","unstable_postpone","variable-export",true,"packages/React/src/react/ReactServer.experimental.development.cpp","not-started"
"reactjs/packages/react/src/ReactServer.experimental.development.js","useId","variable-export",true,"packages/React/src/react/ReactServer.experimental.development.cpp","not-started"
"reactjs/packages/react/src/ReactServer.experimental.development.js","useCallback","variable-export",true,"packages/React/src/react/ReactServer.experimental.development.cpp","not-started"
"reactjs/packages/react/src/ReactServer.experimental.development.js","useDebugValue","variable-export",true,"packages/React/src/react/ReactServer.experimental.development.cpp","not-started"
"reactjs/packages/react/src/ReactServer.experimental.development.js","useMemo","variable-export",true,"packages/React/src/react/ReactServer.experimental.development.cpp","not-started"
"reactjs/packages/react/src/ReactServer.experimental.development.js","version","variable-export",true,"packages/React/src/react/ReactServer.experimental.development.cpp","not-started"
"reactjs/packages/react/src/ReactServer.experimental.development.js","unstable_SuspenseList","variable-export",true,"packages/React/src/react/ReactServer.experimental.development.cpp","not-started"
"reactjs/packages/react/src/ReactServer.experimental.development.js","unstable_ViewTransition","variable-export",true,"packages/React/src/react/ReactServer.experimental.development.cpp","not-started"
"reactjs/packages/react/src/ReactServer.experimental.development.js","captureOwnerStack","variable-export",true,"packages/React/src/react/ReactServer.experimental.development.cpp","not-started"
"reactjs/packages/react/src/ReactServer.experimental.js","__SERVER_INTERNALS_DO_NOT_USE_OR_WARN_USERS_THEY_CANNOT_UPGRADE","variable-export",true,"packages/React/src/react/ReactServer.experimental.cpp","not-started"
"reactjs/packages/react/src/ReactServer.experimental.js","Children","variable-export",false,"packages/React/src/react/ReactServer.experimental.cpp","not-started"
"reactjs/packages/react/src/ReactServer.experimental.js","experimental_taintUniqueValue","variable-export",true,"packages/React/src/react/ReactServer.experimental.cpp","not-started"
"reactjs/packages/react/src/ReactServer.experimental.js","experimental_taintObjectReference","variable-export",true,"packages/React/src/react/ReactServer.experimental.cpp","not-started"
"reactjs/packages/react/src/ReactServer.experimental.js","Children","variable-export",true,"packages/React/src/react/ReactServer.experimental.cpp","not-started"
"reactjs/packages/react/src/ReactServer.experimental.js","Fragment","variable-export",true,"packages/React/src/react/ReactServer.experimental.cpp","not-started"
"reactjs/packages/react/src/ReactServer.experimental.js","Profiler","variable-export",true,"packages/React/src/react/ReactServer.experimental.cpp","not-started"
"reactjs/packages/react/src/ReactServer.experimental.js","StrictMode","variable-export",true,"packages/React/src/react/ReactServer.experimental.cpp","not-started"
"reactjs/packages/react/src/ReactServer.experimental.js","Suspense","variable-export",true,"packages/React/src/react/ReactServer.experimental.cpp","not-started"
"reactjs/packages/react/src/ReactServer.experimental.js","cloneElement","variable-export",true,"packages/React/src/react/ReactServer.experimental.cpp","not-started"
"reactjs/packages/react/src/ReactServer.experimental.js","createElement","variable-export",true,"packages/React/src/react/ReactServer.experimental.cpp","not-started"
"reactjs/packages/react/src/ReactServer.experimental.js","createRef","variable-export",true,"packages/React/src/react/ReactServer.experimental.cpp","not-started"
"reactjs/packages/react/src/ReactServer.experimental.js","use","variable-export",true,"packages/React/src/react/ReactServer.experimental.cpp","not-started"
"reactjs/packages/react/src/ReactServer.experimental.js","forwardRef","variable-export",true,"packages/React/src/react/ReactServer.experimental.cpp","not-started"
"reactjs/packages/react/src/ReactServer.experimental.js","isValidElement","variable-export",true,"packages/React/src/react/ReactServer.experimental.cpp","not-started"
"reactjs/packages/react/src/ReactServer.experimental.js","lazy","variable-export",true,"packages/React/src/react/ReactServer.experimental.cpp","not-started"
"reactjs/packages/react/src/ReactServer.experimental.js","memo","variable-export",true,"packages/React/src/react/ReactServer.experimental.cpp","not-started"
"reactjs/packages/react/src/ReactServer.experimental.js","cache","variable-export",true,"packages/React/src/react/ReactServer.experimental.cpp","not-started"
"reactjs/packages/react/src/ReactServer.experimental.js","cacheSignal","variable-export",true,"packages/React/src/react/ReactServer.experimental.cpp","not-started"
"reactjs/packages/react/src/ReactServer.experimental.js","startTransition","variable-export",true,"packages/React/src/react/ReactServer.experimental.cpp","not-started"
"reactjs/packages/react/src/ReactServer.experimental.js","unstable_getCacheForType","variable-export",true,"packages/React/src/react/ReactServer.experimental.cpp","not-started"
"reactjs/packages/react/src/ReactServer.experimental.js","unstable_postpone","variable-export",true,"packages/React/src/react/ReactServer.experimental.cpp","not-started"
"reactjs/packages/react/src/ReactServer.experimental.js","useId","variable-export",true,"packages/React/src/react/ReactServer.experimental.cpp","not-started"
"reactjs/packages/react/src/ReactServer.experimental.js","useCallback","variable-export",true,"packages/React/src/react/ReactServer.experimental.cpp","not-started"
"reactjs/packages/react/src/ReactServer.experimental.js","useDebugValue","variable-export",true,"packages/React/src/react/ReactServer.experimental.cpp","not-started"
"reactjs/packages/react/src/ReactServer.experimental.js","useMemo","variable-export",true,"packages/React/src/react/ReactServer.experimental.cpp","not-started"
"reactjs/packages/react/src/ReactServer.experimental.js","version","variable-export",true,"packages/React/src/react/ReactServer.experimental.cpp","not-started"
"reactjs/packages/react/src/ReactServer.experimental.js","unstable_SuspenseList","variable-export",true,"packages/React/src/react/ReactServer.experimental.cpp","not-started"
"reactjs/packages/react/src/ReactServer.experimental.js","unstable_ViewTransition","variable-export",true,"packages/React/src/react/ReactServer.experimental.cpp","not-started"
"reactjs/packages/react/src/ReactServer.experimental.js","unstable_Activity","variable-export",true,"packages/React/src/react/ReactServer.experimental.cpp","not-started"
"reactjs/packages/react/src/ReactServer.fb.js","__SERVER_INTERNALS_DO_NOT_USE_OR_WARN_USERS_THEY_CANNOT_UPGRADE","variable-export",true,"packages/React/src/react/ReactServer.fb.cpp","not-started"
"reactjs/packages/react/src/ReactServer.fb.js","Children","variable-export",false,"packages/React/src/react/ReactServer.fb.cpp","not-started"
"reactjs/packages/react/src/ReactServer.fb.js","Children","variable-export",true,"packages/React/src/react/ReactServer.fb.cpp","not-started"
"reactjs/packages/react/src/ReactServer.fb.js","Fragment","variable-export",true,"packages/React/src/react/ReactServer.fb.cpp","not-started"
"reactjs/packages/react/src/ReactServer.fb.js","Profiler","variable-export",true,"packages/React/src/react/ReactServer.fb.cpp","not-started"
"reactjs/packages/react/src/ReactServer.fb.js","StrictMode","variable-export",true,"packages/React/src/react/ReactServer.fb.cpp","not-started"
"reactjs/packages/react/src/ReactServer.fb.js","Suspense","variable-export",true,"packages/React/src/react/ReactServer.fb.cpp","not-started"
"reactjs/packages/react/src/ReactServer.fb.js","cloneElement","variable-export",true,"packages/React/src/react/ReactServer.fb.cpp","not-started"
"reactjs/packages/react/src/ReactServer.fb.js","createElement","variable-export",true,"packages/React/src/react/ReactServer.fb.cpp","not-started"
"reactjs/packages/react/src/ReactServer.fb.js","createRef","variable-export",true,"packages/React/src/react/ReactServer.fb.cpp","not-started"
"reactjs/packages/react/src/ReactServer.fb.js","use","variable-export",true,"packages/React/src/react/ReactServer.fb.cpp","not-started"
"reactjs/packages/react/src/ReactServer.fb.js","forwardRef","variable-export",true,"packages/React/src/react/ReactServer.fb.cpp","not-started"
"reactjs/packages/react/src/ReactServer.fb.js","isValidElement","variable-export",true,"packages/React/src/react/ReactServer.fb.cpp","not-started"
"reactjs/packages/react/src/ReactServer.fb.js","lazy","variable-export",true,"packages/React/src/react/ReactServer.fb.cpp","not-started"
"reactjs/packages/react/src/ReactServer.fb.js","memo","variable-export",true,"packages/React/src/react/ReactServer.fb.cpp","not-started"
"reactjs/packages/react/src/ReactServer.fb.js","cache","variable-export",true,"packages/React/src/react/ReactServer.fb.cpp","not-started"
"reactjs/packages/react/src/ReactServer.fb.js","cacheSignal","variable-export",true,"packages/React/src/react/ReactServer.fb.cpp","not-started"
"reactjs/packages/react/src/ReactServer.fb.js","useId","variable-export",true,"packages/React/src/react/ReactServer.fb.cpp","not-started"
"reactjs/packages/react/src/ReactServer.fb.js","useCallback","variable-export",true,"packages/React/src/react/ReactServer.fb.cpp","not-started"
"reactjs/packages/react/src/ReactServer.fb.js","useDebugValue","variable-export",true,"packages/React/src/react/ReactServer.fb.cpp","not-started"
"reactjs/packages/react/src/ReactServer.fb.js","useMemo","variable-export",true,"packages/React/src/react/ReactServer.fb.cpp","not-started"
"reactjs/packages/react/src/ReactServer.fb.js","version","variable-export",true,"packages/React/src/react/ReactServer.fb.cpp","not-started"
"reactjs/packages/react/src/ReactServer.fb.js","captureOwnerStack","variable-export",true,"packages/React/src/react/ReactServer.fb.cpp","not-started"
"reactjs/packages/react/src/ReactServer.js","__SERVER_INTERNALS_DO_NOT_USE_OR_WARN_USERS_THEY_CANNOT_UPGRADE","variable-export",true,"packages/React/src/react/ReactServer.cpp","not-started"
"reactjs/packages/react/src/ReactServer.js","Children","variable-export",false,"packages/React/src/react/ReactServer.cpp","not-started"
"reactjs/packages/react/src/ReactServer.js","Children","variable-export",true,"packages/React/src/react/ReactServer.cpp","not-started"
"reactjs/packages/react/src/ReactServer.js","Fragment","variable-export",true,"packages/React/src/react/ReactServer.cpp","not-started"
"reactjs/packages/react/src/ReactServer.js","Profiler","variable-export",true,"packages/React/src/react/ReactServer.cpp","not-started"
"reactjs/packages/react/src/ReactServer.js","StrictMode","variable-export",true,"packages/React/src/react/ReactServer.cpp","not-started"
"reactjs/packages/react/src/ReactServer.js","Suspense","variable-export",true,"packages/React/src/react/ReactServer.cpp","not-started"
"reactjs/packages/react/src/ReactServer.js","cloneElement","variable-export",true,"packages/React/src/react/ReactServer.cpp","not-started"
"reactjs/packages/react/src/ReactServer.js","createElement","variable-export",true,"packages/React/src/react/ReactServer.cpp","not-started"
"reactjs/packages/react/src/ReactServer.js","createRef","variable-export",true,"packages/React/src/react/ReactServer.cpp","not-started"
"reactjs/packages/react/src/ReactServer.js","use","variable-export",true,"packages/React/src/react/ReactServer.cpp","not-started"
"reactjs/packages/react/src/ReactServer.js","forwardRef","variable-export",true,"packages/React/src/react/ReactServer.cpp","not-started"
"reactjs/packages/react/src/ReactServer.js","isValidElement","variable-export",true,"packages/React/src/react/ReactServer.cpp","not-started"
"reactjs/packages/react/src/ReactServer.js","lazy","variable-export",true,"packages/React/src/react/ReactServer.cpp","not-started"
"reactjs/packages/react/src/ReactServer.js","memo","variable-export",true,"packages/React/src/react/ReactServer.cpp","not-started"
"reactjs/packages/react/src/ReactServer.js","cache","variable-export",true,"packages/React/src/react/ReactServer.cpp","not-started"
"reactjs/packages/react/src/ReactServer.js","cacheSignal","variable-export",true,"packages/React/src/react/ReactServer.cpp","not-started"
"reactjs/packages/react/src/ReactServer.js","useId","variable-export",true,"packages/React/src/react/ReactServer.cpp","not-started"
"reactjs/packages/react/src/ReactServer.js","useCallback","variable-export",true,"packages/React/src/react/ReactServer.cpp","not-started"
"reactjs/packages/react/src/ReactServer.js","useDebugValue","variable-export",true,"packages/React/src/react/ReactServer.cpp","not-started"
"reactjs/packages/react/src/ReactServer.js","useMemo","variable-export",true,"packages/React/src/react/ReactServer.cpp","not-started"
"reactjs/packages/react/src/ReactServer.js","version","variable-export",true,"packages/React/src/react/ReactServer.cpp","not-started"
"reactjs/packages/react/src/ReactServer.js","captureOwnerStack","variable-export",true,"packages/React/src/react/ReactServer.cpp","not-started"
"reactjs/packages/react/src/ReactSharedInternalsClient.js","SharedStateClient","type-export",true,"packages/React/src/react/ReactSharedInternalsClient.h","not-started"
"reactjs/packages/react/src/ReactSharedInternalsClient.js","RendererTask","type-export",true,"packages/React/src/react/ReactSharedInternalsClient.h","not-started"
"reactjs/packages/react/src/ReactSharedInternalsClient.js","ReactSharedInternals","default-export",true,"packages/React/src/react/ReactSharedInternalsClient.cpp","not-started"
"reactjs/packages/react/src/ReactSharedInternalsServer.js","SharedStateServer","type-export",true,"packages/React/src/react/ReactSharedInternalsServer.h","not-started"
"reactjs/packages/react/src/ReactSharedInternalsServer.js","RendererTask","type-export",true,"packages/React/src/react/ReactSharedInternalsServer.h","not-started"
"reactjs/packages/react/src/ReactSharedInternalsServer.js","ReactSharedInternals","default-export",true,"packages/React/src/react/ReactSharedInternalsServer.cpp","not-started"
"reactjs/packages/react/src/ReactStartTransition.js","Transition","type-export",true,"packages/React/src/react/ReactStartTransition.h","not-started"
"reactjs/packages/react/src/ReactStartTransition.js","releaseAsyncTransition","function",false,"packages/React/src/react/ReactStartTransition.cpp","not-started"
"reactjs/packages/react/src/ReactStartTransition.js","startTransition","function",true,"packages/React/src/react/ReactStartTransition.cpp","not-started"
"reactjs/packages/react/src/ReactStartTransition.js","startGestureTransition","function",true,"packages/React/src/react/ReactStartTransition.cpp","not-started"
"reactjs/packages/react/src/ReactStartTransition.js","warnAboutTransitionSubscriptions","function",false,"packages/React/src/react/ReactStartTransition.cpp","not-started"
"reactjs/packages/react/src/ReactTaint.js","defaultMessage","const-export",false,"packages/React/src/react/ReactTaint.cpp","not-started"
"reactjs/packages/react/src/ReactTaint.js","cleanup","function",false,"packages/React/src/react/ReactTaint.cpp","not-started"
"reactjs/packages/react/src/ReactTaint.js","taintUniqueValue","function",true,"packages/React/src/react/ReactTaint.cpp","not-started"
"reactjs/packages/react/src/ReactTaint.js","taintObjectReference","function",true,"packages/React/src/react/ReactTaint.cpp","not-started"
"reactjs/packages/react/src/ReactTaintRegistry.js","Reference","type-export",true,"packages/React/src/react/ReactTaintRegistry.h","not-started"
"reactjs/packages/react/src/ReactTaintRegistry.js","TaintEntry","type-export",true,"packages/React/src/react/ReactTaintRegistry.h","not-started"
"reactjs/packages/react/src/ReactTaintRegistry.js","TaintRegistryObjects","variable-export",true,"packages/React/src/react/ReactTaintRegistry.cpp","not-started"
"reactjs/packages/react/src/ReactTaintRegistry.js","TaintRegistryValues","variable-export",true,"packages/React/src/react/ReactTaintRegistry.cpp","not-started"
"reactjs/packages/react/src/ReactTaintRegistry.js","TaintRegistryByteLengths","variable-export",true,"packages/React/src/react/ReactTaintRegistry.cpp","not-started"
"reactjs/packages/react/src/ReactTaintRegistry.js","RequestCleanupQueue","type-export",true,"packages/React/src/react/ReactTaintRegistry.h","not-started"
"reactjs/packages/react/src/ReactTaintRegistry.js","TaintRegistryPendingRequests","variable-export",true,"packages/React/src/react/ReactTaintRegistry.cpp","not-started"
"reactjs/packages/react/src/ReactTransitionType.js","TransitionTypes","type-export",true,"packages/React/src/react/ReactTransitionType.h","not-started"
"reactjs/packages/react/src/ReactTransitionType.js","addTransitionType","function",true,"packages/React/src/react/ReactTransitionType.cpp","not-started"
"reactjs/packages/react/src/jsx/ReactJSX.js","Fragment","variable-export",true,"packages/React/src/react/jsx/ReactJSX.cpp","not-started"
"reactjs/packages/react/src/jsx/ReactJSX.js","jsx","variable-export",true,"packages/React/src/react/jsx/ReactJSX.cpp","not-started"
"reactjs/packages/react/src/jsx/ReactJSX.js","jsxs","variable-export",true,"packages/React/src/react/jsx/ReactJSX.cpp","not-started"
"reactjs/packages/react/src/jsx/ReactJSX.js","jsxDEV","variable-export",true,"packages/React/src/react/jsx/ReactJSX.cpp","not-started"
"reactjs/packages/react/src/jsx/ReactJSXElement.js","getTaskName","function",false,"packages/React/src/react/jsx/ReactJSXElement.cpp","not-started"
"reactjs/packages/react/src/jsx/ReactJSXElement.js","getOwner","function",false,"packages/React/src/react/jsx/ReactJSXElement.cpp","not-started"
"reactjs/packages/react/src/jsx/ReactJSXElement.js","UnknownOwner","function",false,"packages/React/src/react/jsx/ReactJSXElement.cpp","not-started"
"reactjs/packages/react/src/jsx/ReactJSXElement.js","createFakeCallStack","variable-export",false,"packages/React/src/react/jsx/ReactJSXElement.cpp","not-started"
"reactjs/packages/react/src/jsx/ReactJSXElement.js","hasValidRef","function",false,"packages/React/src/react/jsx/ReactJSXElement.cpp","not-started"
"reactjs/packages/react/src/jsx/ReactJSXElement.js","hasValidKey","function",false,"packages/React/src/react/jsx/ReactJSXElement.cpp","not-started"
"reactjs/packages/react/src/jsx/ReactJSXElement.js","defineKeyPropWarningGetter","function",false,"packages/React/src/react/jsx/ReactJSXElement.cpp","not-started"
"reactjs/packages/react/src/jsx/ReactJSXElement.js","warnAboutAccessingKey","function",false,"packages/React/src/react/jsx/ReactJSXElement.cpp","not-started"
"reactjs/packages/react/src/jsx/ReactJSXElement.js","elementRefGetterWithDeprecationWarning","function",false,"packages/React/src/react/jsx/ReactJSXElement.cpp","not-started"
"reactjs/packages/react/src/jsx/ReactJSXElement.js","ReactElement","function",false,"packages/React/src/react/jsx/ReactJSXElement.cpp","not-started"
"reactjs/packages/react/src/jsx/ReactJSXElement.js","jsxProd","function",true,"packages/React/src/react/jsx/ReactJSXElement.cpp","not-started"
"reactjs/packages/react/src/jsx/ReactJSXElement.js","jsxProdSignatureRunningInDevWithDynamicChildren","function",true,"packages/React/src/react/jsx/ReactJSXElement.cpp","not-started"
"reactjs/packages/react/src/jsx/ReactJSXElement.js","isStaticChildren","const-export",false,"packages/React/src/react/jsx/ReactJSXElement.cpp","not-started"
"reactjs/packages/react/src/jsx/ReactJSXElement.js","jsxProdSignatureRunningInDevWithStaticChildren","function",true,"packages/React/src/react/jsx/ReactJSXElement.cpp","not-started"
"reactjs/packages/react/src/jsx/ReactJSXElement.js","isStaticChildren","const-export",false,"packages/React/src/react/jsx/ReactJSXElement.cpp","not-started"
"reactjs/packages/react/src/jsx/ReactJSXElement.js","didWarnAboutKeySpread","variable-export",false,"packages/React/src/react/jsx/ReactJSXElement.cpp","not-started"
"reactjs/packages/react/src/jsx/ReactJSXElement.js","jsxDEV","function",true,"packages/React/src/react/jsx/ReactJSXElement.cpp","not-started"
"reactjs/packages/react/src/jsx/ReactJSXElement.js","jsxDEVImpl","function",false,"packages/React/src/react/jsx/ReactJSXElement.cpp","not-started"
"reactjs/packages/react/src/jsx/ReactJSXElement.js","i","const-export",false,"packages/React/src/react/jsx/ReactJSXElement.cpp","not-started"
"reactjs/packages/react/src/jsx/ReactJSXElement.js","createElement","function",true,"packages/React/src/react/jsx/ReactJSXElement.cpp","not-started"
"reactjs/packages/react/src/jsx/ReactJSXElement.js","i","const-export",false,"packages/React/src/react/jsx/ReactJSXElement.cpp","not-started"
"reactjs/packages/react/src/jsx/ReactJSXElement.js","props","variable-export",false,"packages/React/src/react/jsx/ReactJSXElement.cpp","not-started"
"reactjs/packages/react/src/jsx/ReactJSXElement.js","childrenLength","const-export",false,"packages/React/src/react/jsx/ReactJSXElement.cpp","not-started"
"reactjs/packages/react/src/jsx/ReactJSXElement.js","i","const-export",false,"packages/React/src/react/jsx/ReactJSXElement.cpp","not-started"
"reactjs/packages/react/src/jsx/ReactJSXElement.js","cloneAndReplaceKey","function",true,"packages/React/src/react/jsx/ReactJSXElement.cpp","not-started"
"reactjs/packages/react/src/jsx/ReactJSXElement.js","cloneElement","function",true,"packages/React/src/react/jsx/ReactJSXElement.cpp","not-started"
"reactjs/packages/react/src/jsx/ReactJSXElement.js","childrenLength","const-export",false,"packages/React/src/react/jsx/ReactJSXElement.cpp","not-started"
"reactjs/packages/react/src/jsx/ReactJSXElement.js","i","const-export",false,"packages/React/src/react/jsx/ReactJSXElement.cpp","not-started"
"reactjs/packages/react/src/jsx/ReactJSXElement.js","i","const-export",false,"packages/React/src/react/jsx/ReactJSXElement.cpp","not-started"
"reactjs/packages/react/src/jsx/ReactJSXElement.js","validateChildKeys","function",false,"packages/React/src/react/jsx/ReactJSXElement.cpp","not-started"
"reactjs/packages/react/src/jsx/ReactJSXElement.js","isValidElement","function",true,"packages/React/src/react/jsx/ReactJSXElement.cpp","not-started"
"reactjs/packages/react/src/jsx/ReactJSXServer.js","Fragment","variable-export",true,"packages/React/src/react/jsx/ReactJSXServer.cpp","not-started"
"reactjs/packages/react/src/jsx/ReactJSXServer.js","jsx","variable-export",true,"packages/React/src/react/jsx/ReactJSXServer.cpp","not-started"
"reactjs/packages/react/src/jsx/ReactJSXServer.js","jsxs","variable-export",true,"packages/React/src/react/jsx/ReactJSXServer.cpp","not-started"
"reactjs/packages/react/src/jsx/ReactJSXServer.js","jsxDEV","variable-export",true,"packages/React/src/react/jsx/ReactJSXServer.cpp","not-started"
"reactjs/packages/react-reconciler/src/ReactCapturedValue.js","CapturedValue","type-export",true,"packages/React/src/react-reconciler/ReactCapturedValue.h","not-started"
"reactjs/packages/react-reconciler/src/ReactCapturedValue.js","createCapturedValueAtFiber","function",true,"packages/React/src/react-reconciler/ReactCapturedValue.cpp","not-started"
"reactjs/packages/react-reconciler/src/ReactCapturedValue.js","captured","variable-export",false,"packages/React/src/react-reconciler/ReactCapturedValue.cpp","not-started"
"reactjs/packages/react-reconciler/src/ReactCapturedValue.js","createCapturedValueFromError","function",true,"packages/React/src/react-reconciler/ReactCapturedValue.cpp","not-started"
"reactjs/packages/react-reconciler/src/ReactCapturedValue.js","captured","variable-export",false,"packages/React/src/react-reconciler/ReactCapturedValue.cpp","not-started"
"reactjs/packages/react-reconciler/src/ReactChildFiber.js","thenableIndexCounter","const-export",false,"packages/React/src/react-reconciler/ReactChildFiber.cpp","not-started"
"reactjs/packages/react-reconciler/src/ReactChildFiber.js","pushDebugInfo","function",false,"packages/React/src/react-reconciler/ReactChildFiber.cpp","not-started"
"reactjs/packages/react-reconciler/src/ReactChildFiber.js","warnForMissingKey","arrow-fn",false,"packages/React/src/react-reconciler/ReactChildFiber.cpp","not-started"
"reactjs/packages/react-reconciler/src/ReactChildFiber.js","currentComponentErrorInfo","const-export",false,"packages/React/src/react-reconciler/ReactChildFiber.cpp","not-started"
"reactjs/packages/react-reconciler/src/ReactChildFiber.js","childOwnerAppendix","const-export",false,"packages/React/src/react-reconciler/ReactChildFiber.cpp","not-started"
"reactjs/packages/react-reconciler/src/ReactChildFiber.js","validateFragmentProps","function",false,"packages/React/src/react-reconciler/ReactChildFiber.cpp","not-started"
"reactjs/packages/react-reconciler/src/ReactChildFiber.js","i","const-export",false,"packages/React/src/react-reconciler/ReactChildFiber.cpp","not-started"
"reactjs/packages/react-reconciler/src/ReactChildFiber.js","unwrapThenable","function",false,"packages/React/src/react-reconciler/ReactChildFiber.cpp","not-started"
"reactjs/packages/react-reconciler/src/ReactChildFiber.js","coerceRef","function",false,"packages/React/src/react-reconciler/ReactChildFiber.cpp","not-started"
"reactjs/packages/react-reconciler/src/ReactChildFiber.js","throwOnInvalidObjectType","function",false,"packages/React/src/react-reconciler/ReactChildFiber.cpp","not-started"
"reactjs/packages/react-reconciler/src/ReactChildFiber.js","warnOnFunctionType","function",false,"packages/React/src/react-reconciler/ReactChildFiber.cpp","not-started"
"reactjs/packages/react-reconciler/src/ReactChildFiber.js","warnOnSymbolType","function",false,"packages/React/src/react-reconciler/ReactChildFiber.cpp","not-started"
"reactjs/packages/react-reconciler/src/ReactChildFiber.js","createChildReconciler","function",false,"packages/React/src/react-reconciler/ReactChildFiber.cpp","not-started"
"reactjs/packages/react-reconciler/src/ReactChildFiber.js","deleteChild","function",false,"packages/React/src/react-reconciler/ReactChildFiber.cpp","not-started"
"reactjs/packages/react-reconciler/src/ReactChildFiber.js","deleteRemainingChildren","function",false,"packages/React/src/react-reconciler/ReactChildFiber.cpp","not-started"
"reactjs/packages/react-reconciler/src/ReactChildFiber.js","mapRemainingChildren","function",false,"packages/React/src/react-reconciler/ReactChildFiber.cpp","not-started"
"reactjs/packages/react-reconciler/src/ReactChildFiber.js","useFiber","function",false,"packages/React/src/react-reconciler/ReactChildFiber.cpp","not-started"
"reactjs/packages/react-reconciler/src/ReactChildFiber.js","placeChild","function",false,"packages/React/src/react-reconciler/ReactChildFiber.cpp","not-started"
"reactjs/packages/react-reconciler/src/ReactChildFiber.js","placeSingleChild","function",false,"packages/React/src/react-reconciler/ReactChildFiber.cpp","not-started"
"reactjs/packages/react-reconciler/src/ReactChildFiber.js","updateTextNode","function",false,"packages/React/src/react-reconciler/ReactChildFiber.cpp","not-started"
"reactjs/packages/react-reconciler/src/ReactChildFiber.js","updateElement","function",false,"packages/React/src/react-reconciler/ReactChildFiber.cpp","not-started"
"reactjs/packages/react-reconciler/src/ReactChildFiber.js","updatePortal","function",false,"packages/React/src/react-reconciler/ReactChildFiber.cpp","not-started"
"reactjs/packages/react-reconciler/src/ReactChildFiber.js","updateFragment","function",false,"packages/React/src/react-reconciler/ReactChildFiber.cpp","not-started"
"reactjs/packages/react-reconciler/src/ReactChildFiber.js","createChild","function",false,"packages/React/src/react-reconciler/ReactChildFiber.cpp","not-started"
"reactjs/packages/react-reconciler/src/ReactChildFiber.js","updateSlot","function",false,"packages/React/src/react-reconciler/ReactChildFiber.cpp","not-started"
"reactjs/packages/react-reconciler/src/ReactChildFiber.js","updateFromMap","function",false,"packages/React/src/react-reconciler/ReactChildFiber.cpp","not-started"
"reactjs/packages/react-reconciler/src/ReactChildFiber.js","warnOnInvalidKey","function",false,"packages/React/src/react-reconciler/ReactChildFiber.cpp","not-started"
"reactjs/packages/react-reconciler/src/ReactChildFiber.js","reconcileChildrenArray","function",false,"packages/React/src/react-reconciler/ReactChildFiber.cpp","not-started"
"reactjs/packages/react-reconciler/src/ReactChildFiber.js","lastPlacedIndex","const-export",false,"packages/React/src/react-reconciler/ReactChildFiber.cpp","not-started"
"reactjs/packages/react-reconciler/src/ReactChildFiber.js","newIdx","const-export",false,"packages/React/src/react-reconciler/ReactChildFiber.cpp","not-started"
"reactjs/packages/react-reconciler/src/ReactChildFiber.js","reconcileChildrenIteratable","function",false,"packages/React/src/react-reconciler/ReactChildFiber.cpp","not-started"
"reactjs/packages/react-reconciler/src/ReactChildFiber.js","reconcileChildrenAsyncIteratable","function",false,"packages/React/src/react-reconciler/ReactChildFiber.cpp","not-started"
"reactjs/packages/react-reconciler/src/ReactChildFiber.js","reconcileChildrenIterator","function",false,"packages/React/src/react-reconciler/ReactChildFiber.cpp","not-started"
"reactjs/packages/react-reconciler/src/ReactChildFiber.js","lastPlacedIndex","const-export",false,"packages/React/src/react-reconciler/ReactChildFiber.cpp","not-started"
"reactjs/packages/react-reconciler/src/ReactChildFiber.js","newIdx","const-export",false,"packages/React/src/react-reconciler/ReactChildFiber.cpp","not-started"
"reactjs/packages/react-reconciler/src/ReactChildFiber.js","reconcileSingleTextNode","function",false,"packages/React/src/react-reconciler/ReactChildFiber.cpp","not-started"
"reactjs/packages/react-reconciler/src/ReactChildFiber.js","reconcileSingleElement","function",false,"packages/React/src/react-reconciler/ReactChildFiber.cpp","not-started"
"reactjs/packages/react-reconciler/src/ReactChildFiber.js","reconcileSinglePortal","function",false,"packages/React/src/react-reconciler/ReactChildFiber.cpp","not-started"
"reactjs/packages/react-reconciler/src/ReactChildFiber.js","reconcileChildFibersImpl","function",false,"packages/React/src/react-reconciler/ReactChildFiber.cpp","not-started"
"reactjs/packages/react-reconciler/src/ReactChildFiber.js","reconcileChildFibers","function",false,"packages/React/src/react-reconciler/ReactChildFiber.cpp","not-started"
"reactjs/packages/react-reconciler/src/ReactChildFiber.js","i","const-export",false,"packages/React/src/react-reconciler/ReactChildFiber.cpp","not-started"
"reactjs/packages/react-reconciler/src/ReactChildFiber.js","reconcileChildFibers","variable-export",true,"packages/React/src/react-reconciler/ReactChildFiber.cpp","not-started"
"reactjs/packages/react-reconciler/src/ReactChildFiber.js","mountChildFibers","variable-export",true,"packages/React/src/react-reconciler/ReactChildFiber.cpp","not-started"
"reactjs/packages/react-reconciler/src/ReactChildFiber.js","resetChildReconcilerOnUnwind","function",true,"packages/React/src/react-reconciler/ReactChildFiber.cpp","not-started"
"reactjs/packages/react-reconciler/src/ReactChildFiber.js","cloneChildFibers","function",true,"packages/React/src/react-reconciler/ReactChildFiber.cpp","not-started"
"reactjs/packages/react-reconciler/src/ReactChildFiber.js","resetChildFibers","function",true,"packages/React/src/react-reconciler/ReactChildFiber.cpp","not-started"
"reactjs/packages/react-reconciler/src/ReactChildFiber.js","validateSuspenseListNestedChild","function",false,"packages/React/src/react-reconciler/ReactChildFiber.cpp","not-started"
"reactjs/packages/react-reconciler/src/ReactChildFiber.js","validateSuspenseListChildren","function",true,"packages/React/src/react-reconciler/ReactChildFiber.cpp","not-started"
"reactjs/packages/react-reconciler/src/ReactChildFiber.js","i","const-export",false,"packages/React/src/react-reconciler/ReactChildFiber.cpp","not-started"
"reactjs/packages/react-reconciler/src/ReactChildFiber.js","i","const-export",false,"packages/React/src/react-reconciler/ReactChildFiber.cpp","not-started"
"reactjs/packages/react-reconciler/src/ReactCurrentFiber.js","current","variable-export",true,"packages/React/src/react-reconciler/ReactCurrentFiber.cpp","not-started"
"reactjs/packages/react-reconciler/src/ReactCurrentFiber.js","isRendering","const-export",true,"packages/React/src/react-reconciler/ReactCurrentFiber.cpp","not-started"
"reactjs/packages/react-reconciler/src/ReactCurrentFiber.js","getCurrentFiberOwnerNameInDevOrNull","function",true,"packages/React/src/react-reconciler/ReactCurrentFiber.cpp","not-started"
"reactjs/packages/react-reconciler/src/ReactCurrentFiber.js","getCurrentFiberStackInDev","function",false,"packages/React/src/react-reconciler/ReactCurrentFiber.cpp","not-started"
"reactjs/packages/react-reconciler/src/ReactCurrentFiber.js","runWithFiberInDEV","function",true,"packages/React/src/react-reconciler/ReactCurrentFiber.cpp","not-started"
"reactjs/packages/react-reconciler/src/ReactCurrentFiber.js","resetCurrentFiber","function",true,"packages/React/src/react-reconciler/ReactCurrentFiber.cpp","not-started"
"reactjs/packages/react-reconciler/src/ReactCurrentFiber.js","setCurrentFiber","function",true,"packages/React/src/react-reconciler/ReactCurrentFiber.cpp","not-started"
"reactjs/packages/react-reconciler/src/ReactCurrentFiber.js","setIsRendering","function",true,"packages/React/src/react-reconciler/ReactCurrentFiber.cpp","not-started"
"reactjs/packages/react-reconciler/src/ReactCurrentFiber.js","getIsRendering","function",true,"packages/React/src/react-reconciler/ReactCurrentFiber.cpp","not-started"
"reactjs/packages/react-reconciler/src/ReactEventPriorities.js","EventPriority","type-export",true,"packages/React/src/react-reconciler/ReactEventPriorities.h","not-started"
"reactjs/packages/react-reconciler/src/ReactEventPriorities.js","NoEventPriority","variable-export",true,"packages/React/src/react-reconciler/ReactEventPriorities.cpp","not-started"
"reactjs/packages/react-reconciler/src/ReactEventPriorities.js","DiscreteEventPriority","variable-export",true,"packages/React/src/react-reconciler/ReactEventPriorities.cpp","not-started"
"reactjs/packages/react-reconciler/src/ReactEventPriorities.js","ContinuousEventPriority","variable-export",true,"packages/React/src/react-reconciler/ReactEventPriorities.cpp","not-started"
"reactjs/packages/react-reconciler/src/ReactEventPriorities.js","DefaultEventPriority","variable-export",true,"packages/React/src/react-reconciler/ReactEventPriorities.cpp","not-started"
"reactjs/packages/react-reconciler/src/ReactEventPriorities.js","IdleEventPriority","variable-export",true,"packages/React/src/react-reconciler/ReactEventPriorities.cpp","not-started"
"reactjs/packages/react-reconciler/src/ReactEventPriorities.js","higherEventPriority","function",true,"packages/React/src/react-reconciler/ReactEventPriorities.cpp","not-started"
"reactjs/packages/react-reconciler/src/ReactEventPriorities.js","lowerEventPriority","function",true,"packages/React/src/react-reconciler/ReactEventPriorities.cpp","not-started"
"reactjs/packages/react-reconciler/src/ReactEventPriorities.js","isHigherEventPriority","function",true,"packages/React/src/react-reconciler/ReactEventPriorities.cpp","not-started"
"reactjs/packages/react-reconciler/src/ReactEventPriorities.js","eventPriorityToLane","function",true,"packages/React/src/react-reconciler/ReactEventPriorities.cpp","not-started"
"reactjs/packages/react-reconciler/src/ReactEventPriorities.js","lanesToEventPriority","function",true,"packages/React/src/react-reconciler/ReactEventPriorities.cpp","not-started"
"reactjs/packages/react-reconciler/src/ReactFiber.js","Fiber","variable-export",true,"packages/React/src/react-reconciler/ReactFiber.cpp","not-started"
"reactjs/packages/react-reconciler/src/ReactFiber.js","FiberNode","function",false,"packages/React/src/react-reconciler/ReactFiber.cpp","not-started"
"reactjs/packages/react-reconciler/src/ReactFiber.js","createFiberImplClass","function",false,"packages/React/src/react-reconciler/ReactFiber.cpp","not-started"
"reactjs/packages/react-reconciler/src/ReactFiber.js","createFiberImplObject","function",false,"packages/React/src/react-reconciler/ReactFiber.cpp","not-started"
"reactjs/packages/react-reconciler/src/ReactFiber.js","fiber","variable-export",false,"packages/React/src/react-reconciler/ReactFiber.cpp","not-started"
"reactjs/packages/react-reconciler/src/ReactFiber.js","shouldConstruct","function",false,"packages/React/src/react-reconciler/ReactFiber.cpp","not-started"
"reactjs/packages/react-reconciler/src/ReactFiber.js","isSimpleFunctionComponent","function",true,"packages/React/src/react-reconciler/ReactFiber.cpp","not-started"
"reactjs/packages/react-reconciler/src/ReactFiber.js","isFunctionClassComponent","function",true,"packages/React/src/react-reconciler/ReactFiber.cpp","not-started"
"reactjs/packages/react-reconciler/src/ReactFiber.js","createWorkInProgress","function",true,"packages/React/src/react-reconciler/ReactFiber.cpp","not-started"
"reactjs/packages/react-reconciler/src/ReactFiber.js","resetWorkInProgress","function",true,"packages/React/src/react-reconciler/ReactFiber.cpp","not-started"
"reactjs/packages/react-reconciler/src/ReactFiber.js","createHostRootFiber","function",true,"packages/React/src/react-reconciler/ReactFiber.cpp","not-started"
"reactjs/packages/react-reconciler/src/ReactFiber.js","createFiberFromTypeAndProps","function",true,"packages/React/src/react-reconciler/ReactFiber.cpp","not-started"
"reactjs/packages/react-reconciler/src/ReactFiber.js","info","const-export",false,"packages/React/src/react-reconciler/ReactFiber.cpp","not-started"
"reactjs/packages/react-reconciler/src/ReactFiber.js","createFiberFromElement","function",true,"packages/React/src/react-reconciler/ReactFiber.cpp","not-started"
"reactjs/packages/react-reconciler/src/ReactFiber.js","createFiberFromFragment","function",true,"packages/React/src/react-reconciler/ReactFiber.cpp","not-started"
"reactjs/packages/react-reconciler/src/ReactFiber.js","createFiberFromScope","function",false,"packages/React/src/react-reconciler/ReactFiber.cpp","not-started"
"reactjs/packages/react-reconciler/src/ReactFiber.js","createFiberFromProfiler","function",false,"packages/React/src/react-reconciler/ReactFiber.cpp","not-started"
"reactjs/packages/react-reconciler/src/ReactFiber.js","createFiberFromSuspense","function",true,"packages/React/src/react-reconciler/ReactFiber.cpp","not-started"
"reactjs/packages/react-reconciler/src/ReactFiber.js","createFiberFromSuspenseList","function",true,"packages/React/src/react-reconciler/ReactFiber.cpp","not-started"
"reactjs/packages/react-reconciler/src/ReactFiber.js","createFiberFromOffscreen","function",true,"packages/React/src/react-reconciler/ReactFiber.cpp","not-started"
"reactjs/packages/react-reconciler/src/ReactFiber.js","createFiberFromActivity","function",true,"packages/React/src/react-reconciler/ReactFiber.cpp","not-started"
"reactjs/packages/react-reconciler/src/ReactFiber.js","createFiberFromViewTransition","function",true,"packages/React/src/react-reconciler/ReactFiber.cpp","not-started"
"reactjs/packages/react-reconciler/src/ReactFiber.js","instance","variable-export",false,"packages/React/src/react-reconciler/ReactFiber.cpp","not-started"
"reactjs/packages/react-reconciler/src/ReactFiber.js","createFiberFromLegacyHidden","function",true,"packages/React/src/react-reconciler/ReactFiber.cpp","not-started"
"reactjs/packages/react-reconciler/src/ReactFiber.js","createFiberFromTracingMarker","function",true,"packages/React/src/react-reconciler/ReactFiber.cpp","not-started"
"reactjs/packages/react-reconciler/src/ReactFiber.js","tracingMarkerInstance","variable-export",false,"packages/React/src/react-reconciler/ReactFiber.cpp","not-started"
"reactjs/packages/react-reconciler/src/ReactFiber.js","createFiberFromText","function",true,"packages/React/src/react-reconciler/ReactFiber.cpp","not-started"
"reactjs/packages/react-reconciler/src/ReactFiber.js","createFiberFromDehydratedFragment","function",true,"packages/React/src/react-reconciler/ReactFiber.cpp","not-started"
"reactjs/packages/react-reconciler/src/ReactFiber.js","createFiberFromPortal","function",true,"packages/React/src/react-reconciler/ReactFiber.cpp","not-started"
"reactjs/packages/react-reconciler/src/ReactFiber.js","createFiberFromThrow","function",true,"packages/React/src/react-reconciler/ReactFiber.cpp","not-started"
"reactjs/packages/react-reconciler/src/ReactFiberAct.js","isLegacyActEnvironment","function",true,"packages/React/src/react-reconciler/ReactFiberAct.cpp","not-started"
"reactjs/packages/react-reconciler/src/ReactFiberAct.js","jestIsDefined","const-export",false,"packages/React/src/react-reconciler/ReactFiberAct.cpp","not-started"
"reactjs/packages/react-reconciler/src/ReactFiberAct.js","isConcurrentActEnvironment","function",true,"packages/React/src/react-reconciler/ReactFiberAct.cpp","not-started"
"reactjs/packages/react-reconciler/src/ReactFiberActivityComponent.js","ActivityState","type-export",true,"packages/React/src/react-reconciler/ReactFiberActivityComponent.h","not-started"
"reactjs/packages/react-reconciler/src/ReactFiberApplyGesture.js","didWarnForRootClone","const-export",false,"packages/React/src/react-reconciler/ReactFiberApplyGesture.cpp","not-started"
"reactjs/packages/react-reconciler/src/ReactFiberApplyGesture.js","viewTransitionContextChanged","const-export",false,"packages/React/src/react-reconciler/ReactFiberApplyGesture.cpp","not-started"
"reactjs/packages/react-reconciler/src/ReactFiberApplyGesture.js","detectMutationOrInsertClones","function",false,"packages/React/src/react-reconciler/ReactFiberApplyGesture.cpp","not-started"
"reactjs/packages/react-reconciler/src/ReactFiberApplyGesture.js","CLONE_UPDATE","const-export",false,"packages/React/src/react-reconciler/ReactFiberApplyGesture.cpp","not-started"
"reactjs/packages/react-reconciler/src/ReactFiberApplyGesture.js","CLONE_EXIT","const-export",false,"packages/React/src/react-reconciler/ReactFiberApplyGesture.cpp","not-started"
"reactjs/packages/react-reconciler/src/ReactFiberApplyGesture.js","CLONE_UNHIDE","const-export",false,"packages/React/src/react-reconciler/ReactFiberApplyGesture.cpp","not-started"
"reactjs/packages/react-reconciler/src/ReactFiberApplyGesture.js","CLONE_APPEARING_PAIR","const-export",false,"packages/React/src/react-reconciler/ReactFiberApplyGesture.cpp","not-started"
"reactjs/packages/react-reconciler/src/ReactFiberApplyGesture.js","CLONE_UNCHANGED","const-export",false,"packages/React/src/react-reconciler/ReactFiberApplyGesture.cpp","not-started"
"reactjs/packages/react-reconciler/src/ReactFiberApplyGesture.js","INSERT_EXIT","const-export",false,"packages/React/src/react-reconciler/ReactFiberApplyGesture.cpp","not-started"
"reactjs/packages/react-reconciler/src/ReactFiberApplyGesture.js","INSERT_APPEND","const-export",false,"packages/React/src/react-reconciler/ReactFiberApplyGesture.cpp","not-started"
"reactjs/packages/react-reconciler/src/ReactFiberApplyGesture.js","INSERT_APPEARING_PAIR","const-export",false,"packages/React/src/react-reconciler/ReactFiberApplyGesture.cpp","not-started"
"reactjs/packages/react-reconciler/src/ReactFiberApplyGesture.js","applyViewTransitionToClones","function",false,"packages/React/src/react-reconciler/ReactFiberApplyGesture.cpp","not-started"
"reactjs/packages/react-reconciler/src/ReactFiberApplyGesture.js","i","const-export",false,"packages/React/src/react-reconciler/ReactFiberApplyGesture.cpp","not-started"
"reactjs/packages/react-reconciler/src/ReactFiberApplyGesture.js","trackDeletedPairViewTransitions","function",false,"packages/React/src/react-reconciler/ReactFiberApplyGesture.cpp","not-started"
"reactjs/packages/react-reconciler/src/ReactFiberApplyGesture.js","trackEnterViewTransitions","function",false,"packages/React/src/react-reconciler/ReactFiberApplyGesture.cpp","not-started"
"reactjs/packages/react-reconciler/src/ReactFiberApplyGesture.js","applyAppearingPairViewTransition","function",false,"packages/React/src/react-reconciler/ReactFiberApplyGesture.cpp","not-started"
"reactjs/packages/react-reconciler/src/ReactFiberApplyGesture.js","applyExitViewTransition","function",false,"packages/React/src/react-reconciler/ReactFiberApplyGesture.cpp","not-started"
"reactjs/packages/react-reconciler/src/ReactFiberApplyGesture.js","applyNestedViewTransition","function",false,"packages/React/src/react-reconciler/ReactFiberApplyGesture.cpp","not-started"
"reactjs/packages/react-reconciler/src/ReactFiberApplyGesture.js","applyUpdateViewTransition","function",false,"packages/React/src/react-reconciler/ReactFiberApplyGesture.cpp","not-started"
"reactjs/packages/react-reconciler/src/ReactFiberApplyGesture.js","recursivelyInsertNew","function",false,"packages/React/src/react-reconciler/ReactFiberApplyGesture.cpp","not-started"
"reactjs/packages/react-reconciler/src/ReactFiberApplyGesture.js","recursivelyInsertNewFiber","function",false,"packages/React/src/react-reconciler/ReactFiberApplyGesture.cpp","not-started"
"reactjs/packages/react-reconciler/src/ReactFiberApplyGesture.js","isHidden","const-export",false,"packages/React/src/react-reconciler/ReactFiberApplyGesture.cpp","not-started"
"reactjs/packages/react-reconciler/src/ReactFiberApplyGesture.js","recursivelyInsertClonesFromExistingTree","function",false,"packages/React/src/react-reconciler/ReactFiberApplyGesture.cpp","not-started"
"reactjs/packages/react-reconciler/src/ReactFiberApplyGesture.js","isHidden","const-export",false,"packages/React/src/react-reconciler/ReactFiberApplyGesture.cpp","not-started"
"reactjs/packages/react-reconciler/src/ReactFiberApplyGesture.js","recursivelyInsertClones","function",false,"packages/React/src/react-reconciler/ReactFiberApplyGesture.cpp","not-started"
"reactjs/packages/react-reconciler/src/ReactFiberApplyGesture.js","i","const-export",false,"packages/React/src/react-reconciler/ReactFiberApplyGesture.cpp","not-started"
"reactjs/packages/react-reconciler/src/ReactFiberApplyGesture.js","insertDestinationClonesOfFiber","function",false,"packages/React/src/react-reconciler/ReactFiberApplyGesture.cpp","not-started"
"reactjs/packages/react-reconciler/src/ReactFiberApplyGesture.js","isHidden","const-export",false,"packages/React/src/react-reconciler/ReactFiberApplyGesture.cpp","not-started"
"reactjs/packages/react-reconciler/src/ReactFiberApplyGesture.js","insertDestinationClones","function",true,"packages/React/src/react-reconciler/ReactFiberApplyGesture.cpp","not-started"
"reactjs/packages/react-reconciler/src/ReactFiberApplyGesture.js","measureExitViewTransitions","function",false,"packages/React/src/react-reconciler/ReactFiberApplyGesture.cpp","not-started"
"reactjs/packages/react-reconciler/src/ReactFiberApplyGesture.js","recursivelyApplyViewTransitions","function",false,"packages/React/src/react-reconciler/ReactFiberApplyGesture.cpp","not-started"
"reactjs/packages/react-reconciler/src/ReactFiberApplyGesture.js","i","const-export",false,"packages/React/src/react-reconciler/ReactFiberApplyGesture.cpp","not-started"
"reactjs/packages/react-reconciler/src/ReactFiberApplyGesture.js","applyViewTransitionsOnFiber","function",false,"packages/React/src/react-reconciler/ReactFiberApplyGesture.cpp","not-started"
"reactjs/packages/react-reconciler/src/ReactFiberApplyGesture.js","isHidden","const-export",false,"packages/React/src/react-reconciler/ReactFiberApplyGesture.cpp","not-started"
"reactjs/packages/react-reconciler/src/ReactFiberApplyGesture.js","applyDepartureTransitions","function",true,"packages/React/src/react-reconciler/ReactFiberApplyGesture.cpp","not-started"
"reactjs/packages/react-reconciler/src/ReactFiberApplyGesture.js","i","const-export",false,"packages/React/src/react-reconciler/ReactFiberApplyGesture.cpp","not-started"
"reactjs/packages/react-reconciler/src/ReactFiberApplyGesture.js","recursivelyRestoreViewTransitions","function",false,"packages/React/src/react-reconciler/ReactFiberApplyGesture.cpp","not-started"
"reactjs/packages/react-reconciler/src/ReactFiberApplyGesture.js","i","const-export",false,"packages/React/src/react-reconciler/ReactFiberApplyGesture.cpp","not-started"
"reactjs/packages/react-reconciler/src/ReactFiberApplyGesture.js","restoreViewTransitionsOnFiber","function",false,"packages/React/src/react-reconciler/ReactFiberApplyGesture.cpp","not-started"
"reactjs/packages/react-reconciler/src/ReactFiberApplyGesture.js","isHidden","const-export",false,"packages/React/src/react-reconciler/ReactFiberApplyGesture.cpp","not-started"
"reactjs/packages/react-reconciler/src/ReactFiberApplyGesture.js","startGestureAnimations","function",true,"packages/React/src/react-reconciler/ReactFiberApplyGesture.cpp","not-started"
"reactjs/packages/react-reconciler/src/ReactFiberAsyncAction.js","currentEntangledPendingCount","const-export",false,"packages/React/src/react-reconciler/ReactFiberAsyncAction.cpp","not-started"
"reactjs/packages/react-reconciler/src/ReactFiberAsyncAction.js","pendingEntangledRoots","const-export",false,"packages/React/src/react-reconciler/ReactFiberAsyncAction.cpp","not-started"
"reactjs/packages/react-reconciler/src/ReactFiberAsyncAction.js","needsIsomorphicIndicator","const-export",false,"packages/React/src/react-reconciler/ReactFiberAsyncAction.cpp","not-started"
"reactjs/packages/react-reconciler/src/ReactFiberAsyncAction.js","entangleAsyncAction","function",true,"packages/React/src/react-reconciler/ReactFiberAsyncAction.cpp","not-started"
"reactjs/packages/react-reconciler/src/ReactFiberAsyncAction.js","entangledThenable","variable-export",false,"packages/React/src/react-reconciler/ReactFiberAsyncAction.cpp","not-started"
"reactjs/packages/react-reconciler/src/ReactFiberAsyncAction.js","pingEngtangledActionScope","function",false,"packages/React/src/react-reconciler/ReactFiberAsyncAction.cpp","not-started"
"reactjs/packages/react-reconciler/src/ReactFiberAsyncAction.js","i","const-export",false,"packages/React/src/react-reconciler/ReactFiberAsyncAction.cpp","not-started"
"reactjs/packages/react-reconciler/src/ReactFiberAsyncAction.js","chainThenableValue","function",true,"packages/React/src/react-reconciler/ReactFiberAsyncAction.cpp","not-started"
"reactjs/packages/react-reconciler/src/ReactFiberAsyncAction.js","thenableWithOverride","variable-export",false,"packages/React/src/react-reconciler/ReactFiberAsyncAction.cpp","not-started"
"reactjs/packages/react-reconciler/src/ReactFiberAsyncAction.js","i","const-export",false,"packages/React/src/react-reconciler/ReactFiberAsyncAction.cpp","not-started"
"reactjs/packages/react-reconciler/src/ReactFiberAsyncAction.js","i","const-export",false,"packages/React/src/react-reconciler/ReactFiberAsyncAction.cpp","not-started"
"reactjs/packages/react-reconciler/src/ReactFiberAsyncAction.js","peekEntangledActionLane","function",true,"packages/React/src/react-reconciler/ReactFiberAsyncAction.cpp","not-started"
"reactjs/packages/react-reconciler/src/ReactFiberAsyncAction.js","peekEntangledActionThenable","function",true,"packages/React/src/react-reconciler/ReactFiberAsyncAction.cpp","not-started"
"reactjs/packages/react-reconciler/src/ReactFiberAsyncAction.js","registerDefaultIndicator","function",true,"packages/React/src/react-reconciler/ReactFiberAsyncAction.cpp","not-started"
"reactjs/packages/react-reconciler/src/ReactFiberAsyncAction.js","startIsomorphicDefaultIndicatorIfNeeded","function",true,"packages/React/src/react-reconciler/ReactFiberAsyncAction.cpp","not-started"
"reactjs/packages/react-reconciler/src/ReactFiberAsyncAction.js","stopIsomorphicDefaultIndicator","function",false,"packages/React/src/react-reconciler/ReactFiberAsyncAction.cpp","not-started"
"reactjs/packages/react-reconciler/src/ReactFiberAsyncAction.js","releaseIsomorphicIndicator","function",false,"packages/React/src/react-reconciler/ReactFiberAsyncAction.cpp","not-started"
"reactjs/packages/react-reconciler/src/ReactFiberAsyncAction.js","hasOngoingIsomorphicIndicator","function",true,"packages/React/src/react-reconciler/ReactFiberAsyncAction.cpp","not-started"
"reactjs/packages/react-reconciler/src/ReactFiberAsyncAction.js","retainIsomorphicIndicator","function",true,"packages/React/src/react-reconciler/ReactFiberAsyncAction.cpp","not-started"
"reactjs/packages/react-reconciler/src/ReactFiberAsyncAction.js","markIsomorphicIndicatorHandled","function",true,"packages/React/src/react-reconciler/ReactFiberAsyncAction.cpp","not-started"
"reactjs/packages/react-reconciler/src/ReactFiberAsyncDispatcher.js","getCacheForType","function",false,"packages/React/src/react-reconciler/ReactFiberAsyncDispatcher.cpp","not-started"
"reactjs/packages/react-reconciler/src/ReactFiberAsyncDispatcher.js","cacheSignal","function",false,"packages/React/src/react-reconciler/ReactFiberAsyncDispatcher.cpp","not-started"
"reactjs/packages/react-reconciler/src/ReactFiberAsyncDispatcher.js","DefaultAsyncDispatcher","variable-export",true,"packages/React/src/react-reconciler/ReactFiberAsyncDispatcher.cpp","not-started"
"reactjs/packages/react-reconciler/src/ReactFiberBeginWork.js","SelectiveHydrationException","variable-export",true,"packages/React/src/react-reconciler/ReactFiberBeginWork.cpp","not-started"
"reactjs/packages/react-reconciler/src/ReactFiberBeginWork.js","didReceiveUpdate","const-export",false,"packages/React/src/react-reconciler/ReactFiberBeginWork.cpp","not-started"
"reactjs/packages/react-reconciler/src/ReactFiberBeginWork.js","didWarnAboutReassigningProps","variable-export",true,"packages/React/src/react-reconciler/ReactFiberBeginWork.cpp","not-started"
"reactjs/packages/react-reconciler/src/ReactFiberBeginWork.js","reconcileChildren","function",true,"packages/React/src/react-reconciler/ReactFiberBeginWork.cpp","not-started"
"reactjs/packages/react-reconciler/src/ReactFiberBeginWork.js","forceUnmountCurrentAndReconcile","function",false,"packages/React/src/react-reconciler/ReactFiberBeginWork.cpp","not-started"
"reactjs/packages/react-reconciler/src/ReactFiberBeginWork.js","updateForwardRef","function",false,"packages/React/src/react-reconciler/ReactFiberBeginWork.cpp","not-started"
"reactjs/packages/react-reconciler/src/ReactFiberBeginWork.js","updateMemoComponent","function",false,"packages/React/src/react-reconciler/ReactFiberBeginWork.cpp","not-started"
"reactjs/packages/react-reconciler/src/ReactFiberBeginWork.js","updateSimpleMemoComponent","function",false,"packages/React/src/react-reconciler/ReactFiberBeginWork.cpp","not-started"
"reactjs/packages/react-reconciler/src/ReactFiberBeginWork.js","updateOffscreenComponent","function",false,"packages/React/src/react-reconciler/ReactFiberBeginWork.cpp","not-started"
"reactjs/packages/react-reconciler/src/ReactFiberBeginWork.js","primaryChildInstance","variable-export",false,"packages/React/src/react-reconciler/ReactFiberBeginWork.cpp","not-started"
"reactjs/packages/react-reconciler/src/ReactFiberBeginWork.js","didSuspend","const-export",false,"packages/React/src/react-reconciler/ReactFiberBeginWork.cpp","not-started"
"reactjs/packages/react-reconciler/src/ReactFiberBeginWork.js","nextState","variable-export",false,"packages/React/src/react-reconciler/ReactFiberBeginWork.cpp","not-started"
"reactjs/packages/react-reconciler/src/ReactFiberBeginWork.js","nextState","variable-export",false,"packages/React/src/react-reconciler/ReactFiberBeginWork.cpp","not-started"
"reactjs/packages/react-reconciler/src/ReactFiberBeginWork.js","bailoutOffscreenComponent","function",false,"packages/React/src/react-reconciler/ReactFiberBeginWork.cpp","not-started"
"reactjs/packages/react-reconciler/src/ReactFiberBeginWork.js","primaryChildInstance","variable-export",false,"packages/React/src/react-reconciler/ReactFiberBeginWork.cpp","not-started"
"reactjs/packages/react-reconciler/src/ReactFiberBeginWork.js","deferHiddenOffscreenComponent","function",false,"packages/React/src/react-reconciler/ReactFiberBeginWork.cpp","not-started"
"reactjs/packages/react-reconciler/src/ReactFiberBeginWork.js","nextState","variable-export",false,"packages/React/src/react-reconciler/ReactFiberBeginWork.cpp","not-started"
"reactjs/packages/react-reconciler/src/ReactFiberBeginWork.js","updateLegacyHiddenComponent","function",false,"packages/React/src/react-reconciler/ReactFiberBeginWork.cpp","not-started"
"reactjs/packages/react-reconciler/src/ReactFiberBeginWork.js","mountActivityChildren","function",false,"packages/React/src/react-reconciler/ReactFiberBeginWork.cpp","not-started"
"reactjs/packages/react-reconciler/src/ReactFiberBeginWork.js","offscreenChildProps","variable-export",false,"packages/React/src/react-reconciler/ReactFiberBeginWork.cpp","not-started"
"reactjs/packages/react-reconciler/src/ReactFiberBeginWork.js","retryActivityComponentWithoutHydrating","function",false,"packages/React/src/react-reconciler/ReactFiberBeginWork.cpp","not-started"
"reactjs/packages/react-reconciler/src/ReactFiberBeginWork.js","mountDehydratedActivityComponent","function",false,"packages/React/src/react-reconciler/ReactFiberBeginWork.cpp","not-started"
"reactjs/packages/react-reconciler/src/ReactFiberBeginWork.js","updateDehydratedActivityComponent","function",false,"packages/React/src/react-reconciler/ReactFiberBeginWork.cpp","not-started"
"reactjs/packages/react-reconciler/src/ReactFiberBeginWork.js","updateActivityComponent","function",false,"packages/React/src/react-reconciler/ReactFiberBeginWork.cpp","not-started"
"reactjs/packages/react-reconciler/src/ReactFiberBeginWork.js","didSuspend","const-export",false,"packages/React/src/react-reconciler/ReactFiberBeginWork.cpp","not-started"
"reactjs/packages/react-reconciler/src/ReactFiberBeginWork.js","offscreenChildProps","variable-export",false,"packages/React/src/react-reconciler/ReactFiberBeginWork.cpp","not-started"
"reactjs/packages/react-reconciler/src/ReactFiberBeginWork.js","updateCacheComponent","function",false,"packages/React/src/react-reconciler/ReactFiberBeginWork.cpp","not-started"
"reactjs/packages/react-reconciler/src/ReactFiberBeginWork.js","initialState","variable-export",false,"packages/React/src/react-reconciler/ReactFiberBeginWork.cpp","not-started"
"reactjs/packages/react-reconciler/src/ReactFiberBeginWork.js","derivedState","variable-export",false,"packages/React/src/react-reconciler/ReactFiberBeginWork.cpp","not-started"
"reactjs/packages/react-reconciler/src/ReactFiberBeginWork.js","updateTracingMarkerComponent","function",false,"packages/React/src/react-reconciler/ReactFiberBeginWork.cpp","not-started"
"reactjs/packages/react-reconciler/src/ReactFiberBeginWork.js","markerInstance","variable-export",false,"packages/React/src/react-reconciler/ReactFiberBeginWork.cpp","not-started"
"reactjs/packages/react-reconciler/src/ReactFiberBeginWork.js","updateFragment","function",false,"packages/React/src/react-reconciler/ReactFiberBeginWork.cpp","not-started"
"reactjs/packages/react-reconciler/src/ReactFiberBeginWork.js","updateMode","function",false,"packages/React/src/react-reconciler/ReactFiberBeginWork.cpp","not-started"
"reactjs/packages/react-reconciler/src/ReactFiberBeginWork.js","updateProfiler","function",false,"packages/React/src/react-reconciler/ReactFiberBeginWork.cpp","not-started"
"reactjs/packages/react-reconciler/src/ReactFiberBeginWork.js","markRef","function",false,"packages/React/src/react-reconciler/ReactFiberBeginWork.cpp","not-started"
"reactjs/packages/react-reconciler/src/ReactFiberBeginWork.js","mountIncompleteFunctionComponent","function",false,"packages/React/src/react-reconciler/ReactFiberBeginWork.cpp","not-started"
"reactjs/packages/react-reconciler/src/ReactFiberBeginWork.js","updateFunctionComponent","function",false,"packages/React/src/react-reconciler/ReactFiberBeginWork.cpp","not-started"
"reactjs/packages/react-reconciler/src/ReactFiberBeginWork.js","replayFunctionComponent","function",true,"packages/React/src/react-reconciler/ReactFiberBeginWork.cpp","not-started"
"reactjs/packages/react-reconciler/src/ReactFiberBeginWork.js","updateClassComponent","function",false,"packages/React/src/react-reconciler/ReactFiberBeginWork.cpp","not-started"
"reactjs/packages/react-reconciler/src/ReactFiberBeginWork.js","finishClassComponent","function",false,"packages/React/src/react-reconciler/ReactFiberBeginWork.cpp","not-started"
"reactjs/packages/react-reconciler/src/ReactFiberBeginWork.js","didCaptureError","const-export",false,"packages/React/src/react-reconciler/ReactFiberBeginWork.cpp","not-started"
"reactjs/packages/react-reconciler/src/ReactFiberBeginWork.js","pushHostRootContext","function",false,"packages/React/src/react-reconciler/ReactFiberBeginWork.cpp","not-started"
"reactjs/packages/react-reconciler/src/ReactFiberBeginWork.js","updateHostRoot","function",false,"packages/React/src/react-reconciler/ReactFiberBeginWork.cpp","not-started"
"reactjs/packages/react-reconciler/src/ReactFiberBeginWork.js","overrideState","variable-export",false,"packages/React/src/react-reconciler/ReactFiberBeginWork.cpp","not-started"
"reactjs/packages/react-reconciler/src/ReactFiberBeginWork.js","mountHostRootWithoutHydrating","function",false,"packages/React/src/react-reconciler/ReactFiberBeginWork.cpp","not-started"
"reactjs/packages/react-reconciler/src/ReactFiberBeginWork.js","updateHostComponent","function",false,"packages/React/src/react-reconciler/ReactFiberBeginWork.cpp","not-started"
"reactjs/packages/react-reconciler/src/ReactFiberBeginWork.js","updateHostHoistable","function",false,"packages/React/src/react-reconciler/ReactFiberBeginWork.cpp","not-started"
"reactjs/packages/react-reconciler/src/ReactFiberBeginWork.js","updateHostSingleton","function",false,"packages/React/src/react-reconciler/ReactFiberBeginWork.cpp","not-started"
"reactjs/packages/react-reconciler/src/ReactFiberBeginWork.js","updateHostText","function",false,"packages/React/src/react-reconciler/ReactFiberBeginWork.cpp","not-started"
"reactjs/packages/react-reconciler/src/ReactFiberBeginWork.js","mountLazyComponent","function",false,"packages/React/src/react-reconciler/ReactFiberBeginWork.cpp","not-started"
"reactjs/packages/react-reconciler/src/ReactFiberBeginWork.js","hint","const-export",false,"packages/React/src/react-reconciler/ReactFiberBeginWork.cpp","not-started"
"reactjs/packages/react-reconciler/src/ReactFiberBeginWork.js","mountIncompleteClassComponent","function",false,"packages/React/src/react-reconciler/ReactFiberBeginWork.cpp","not-started"
"reactjs/packages/react-reconciler/src/ReactFiberBeginWork.js","validateFunctionComponentInDev","function",false,"packages/React/src/react-reconciler/ReactFiberBeginWork.cpp","not-started"
"reactjs/packages/react-reconciler/src/ReactFiberBeginWork.js","SUSPENDED_MARKER","variable-export",false,"packages/React/src/react-reconciler/ReactFiberBeginWork.cpp","not-started"
"reactjs/packages/react-reconciler/src/ReactFiberBeginWork.js","mountSuspenseOffscreenState","function",false,"packages/React/src/react-reconciler/ReactFiberBeginWork.cpp","not-started"
"reactjs/packages/react-reconciler/src/ReactFiberBeginWork.js","updateSuspenseOffscreenState","function",false,"packages/React/src/react-reconciler/ReactFiberBeginWork.cpp","not-started"
"reactjs/packages/react-reconciler/src/ReactFiberBeginWork.js","shouldRemainOnFallback","function",false,"packages/React/src/react-reconciler/ReactFiberBeginWork.cpp","not-started"
"reactjs/packages/react-reconciler/src/ReactFiberBeginWork.js","getRemainingWorkInPrimaryTree","function",false,"packages/React/src/react-reconciler/ReactFiberBeginWork.cpp","not-started"
"reactjs/packages/react-reconciler/src/ReactFiberBeginWork.js","updateSuspenseComponent","function",false,"packages/React/src/react-reconciler/ReactFiberBeginWork.cpp","not-started"
"reactjs/packages/react-reconciler/src/ReactFiberBeginWork.js","showFallback","const-export",false,"packages/React/src/react-reconciler/ReactFiberBeginWork.cpp","not-started"
"reactjs/packages/react-reconciler/src/ReactFiberBeginWork.js","didSuspend","const-export",false,"packages/React/src/react-reconciler/ReactFiberBeginWork.cpp","not-started"
"reactjs/packages/react-reconciler/src/ReactFiberBeginWork.js","didPrimaryChildrenDefer","const-export",false,"packages/React/src/react-reconciler/ReactFiberBeginWork.cpp","not-started"
"reactjs/packages/react-reconciler/src/ReactFiberBeginWork.js","newOffscreenQueue","variable-export",false,"packages/React/src/react-reconciler/ReactFiberBeginWork.cpp","not-started"
"reactjs/packages/react-reconciler/src/ReactFiberBeginWork.js","newOffscreenQueue","variable-export",false,"packages/React/src/react-reconciler/ReactFiberBeginWork.cpp","not-started"
"reactjs/packages/react-reconciler/src/ReactFiberBeginWork.js","newOffscreenQueue","variable-export",false,"packages/React/src/react-reconciler/ReactFiberBeginWork.cpp","not-started"
"reactjs/packages/react-reconciler/src/ReactFiberBeginWork.js","mountSuspensePrimaryChildren","function",false,"packages/React/src/react-reconciler/ReactFiberBeginWork.cpp","not-started"
"reactjs/packages/react-reconciler/src/ReactFiberBeginWork.js","primaryChildProps","variable-export",false,"packages/React/src/react-reconciler/ReactFiberBeginWork.cpp","not-started"
"reactjs/packages/react-reconciler/src/ReactFiberBeginWork.js","mountSuspenseFallbackChildren","function",false,"packages/React/src/react-reconciler/ReactFiberBeginWork.cpp","not-started"
"reactjs/packages/react-reconciler/src/ReactFiberBeginWork.js","primaryChildProps","variable-export",false,"packages/React/src/react-reconciler/ReactFiberBeginWork.cpp","not-started"
"reactjs/packages/react-reconciler/src/ReactFiberBeginWork.js","mountWorkInProgressOffscreenFiber","function",false,"packages/React/src/react-reconciler/ReactFiberBeginWork.cpp","not-started"
"reactjs/packages/react-reconciler/src/ReactFiberBeginWork.js","updateWorkInProgressOffscreenFiber","function",false,"packages/React/src/react-reconciler/ReactFiberBeginWork.cpp","not-started"
"reactjs/packages/react-reconciler/src/ReactFiberBeginWork.js","updateSuspensePrimaryChildren","function",false,"packages/React/src/react-reconciler/ReactFiberBeginWork.cpp","not-started"
"reactjs/packages/react-reconciler/src/ReactFiberBeginWork.js","updateSuspenseFallbackChildren","function",false,"packages/React/src/react-reconciler/ReactFiberBeginWork.cpp","not-started"
"reactjs/packages/react-reconciler/src/ReactFiberBeginWork.js","primaryChildProps","variable-export",false,"packages/React/src/react-reconciler/ReactFiberBeginWork.cpp","not-started"
"reactjs/packages/react-reconciler/src/ReactFiberBeginWork.js","retrySuspenseComponentWithoutHydrating","function",false,"packages/React/src/react-reconciler/ReactFiberBeginWork.cpp","not-started"
"reactjs/packages/react-reconciler/src/ReactFiberBeginWork.js","mountSuspenseFallbackAfterRetryWithoutHydrating","function",false,"packages/React/src/react-reconciler/ReactFiberBeginWork.cpp","not-started"
"reactjs/packages/react-reconciler/src/ReactFiberBeginWork.js","primaryChildProps","variable-export",false,"packages/React/src/react-reconciler/ReactFiberBeginWork.cpp","not-started"
"reactjs/packages/react-reconciler/src/ReactFiberBeginWork.js","mountDehydratedSuspenseComponent","function",false,"packages/React/src/react-reconciler/ReactFiberBeginWork.cpp","not-started"
"reactjs/packages/react-reconciler/src/ReactFiberBeginWork.js","updateDehydratedSuspenseComponent","function",false,"packages/React/src/react-reconciler/ReactFiberBeginWork.cpp","not-started"
"reactjs/packages/react-reconciler/src/ReactFiberBeginWork.js","scheduleSuspenseWorkOnFiber","function",false,"packages/React/src/react-reconciler/ReactFiberBeginWork.cpp","not-started"
"reactjs/packages/react-reconciler/src/ReactFiberBeginWork.js","propagateSuspenseContextChange","function",false,"packages/React/src/react-reconciler/ReactFiberBeginWork.cpp","not-started"
"reactjs/packages/react-reconciler/src/ReactFiberBeginWork.js","findLastContentRow","function",false,"packages/React/src/react-reconciler/ReactFiberBeginWork.cpp","not-started"
"reactjs/packages/react-reconciler/src/ReactFiberBeginWork.js","validateRevealOrder","function",false,"packages/React/src/react-reconciler/ReactFiberBeginWork.cpp","not-started"
"reactjs/packages/react-reconciler/src/ReactFiberBeginWork.js","validateTailOptions","function",false,"packages/React/src/react-reconciler/ReactFiberBeginWork.cpp","not-started"
"reactjs/packages/react-reconciler/src/ReactFiberBeginWork.js","initSuspenseListRenderState","function",false,"packages/React/src/react-reconciler/ReactFiberBeginWork.cpp","not-started"
"reactjs/packages/react-reconciler/src/ReactFiberBeginWork.js","updateSuspenseListComponent","function",false,"packages/React/src/react-reconciler/ReactFiberBeginWork.cpp","not-started"
"reactjs/packages/react-reconciler/src/ReactFiberBeginWork.js","updateViewTransition","function",false,"packages/React/src/react-reconciler/ReactFiberBeginWork.cpp","not-started"
"reactjs/packages/react-reconciler/src/ReactFiberBeginWork.js","updatePortalComponent","function",false,"packages/React/src/react-reconciler/ReactFiberBeginWork.cpp","not-started"
"reactjs/packages/react-reconciler/src/ReactFiberBeginWork.js","hasWarnedAboutUsingNoValuePropOnContextProvider","const-export",false,"packages/React/src/react-reconciler/ReactFiberBeginWork.cpp","not-started"
"reactjs/packages/react-reconciler/src/ReactFiberBeginWork.js","updateContextProvider","function",false,"packages/React/src/react-reconciler/ReactFiberBeginWork.cpp","not-started"
"reactjs/packages/react-reconciler/src/ReactFiberBeginWork.js","updateContextConsumer","function",false,"packages/React/src/react-reconciler/ReactFiberBeginWork.cpp","not-started"
"reactjs/packages/react-reconciler/src/ReactFiberBeginWork.js","updateScopeComponent","function",false,"packages/React/src/react-reconciler/ReactFiberBeginWork.cpp","not-started"
"reactjs/packages/react-reconciler/src/ReactFiberBeginWork.js","markWorkInProgressReceivedUpdate","function",true,"packages/React/src/react-reconciler/ReactFiberBeginWork.cpp","not-started"
"reactjs/packages/react-reconciler/src/ReactFiberBeginWork.js","checkIfWorkInProgressReceivedUpdate","function",true,"packages/React/src/react-reconciler/ReactFiberBeginWork.cpp","not-started"
"reactjs/packages/react-reconciler/src/ReactFiberBeginWork.js","resetSuspendedCurrentOnMountInLegacyMode","function",false,"packages/React/src/react-reconciler/ReactFiberBeginWork.cpp","not-started"
"reactjs/packages/react-reconciler/src/ReactFiberBeginWork.js","bailoutOnAlreadyFinishedWork","function",false,"packages/React/src/react-reconciler/ReactFiberBeginWork.cpp","not-started"
"reactjs/packages/react-reconciler/src/ReactFiberBeginWork.js","remountFiber","function",false,"packages/React/src/react-reconciler/ReactFiberBeginWork.cpp","not-started"
"reactjs/packages/react-reconciler/src/ReactFiberBeginWork.js","checkScheduledUpdateOrContext","function",false,"packages/React/src/react-reconciler/ReactFiberBeginWork.cpp","not-started"
"reactjs/packages/react-reconciler/src/ReactFiberBeginWork.js","attemptEarlyBailoutIfNoScheduledUpdate","function",false,"packages/React/src/react-reconciler/ReactFiberBeginWork.cpp","not-started"
"reactjs/packages/react-reconciler/src/ReactFiberBeginWork.js","didSuspendBefore","const-export",false,"packages/React/src/react-reconciler/ReactFiberBeginWork.cpp","not-started"
"reactjs/packages/react-reconciler/src/ReactFiberBeginWork.js","beginWork","function",false,"packages/React/src/react-reconciler/ReactFiberBeginWork.cpp","not-started"
"reactjs/packages/react-reconciler/src/ReactFiberBeginWork.js","beginWork","variable-export",true,"packages/React/src/react-reconciler/ReactFiberBeginWork.cpp","not-started"
"reactjs/packages/react-reconciler/src/ReactFiberCacheComponent.js","Cache","type-export",true,"packages/React/src/react-reconciler/ReactFiberCacheComponent.h","not-started"
"reactjs/packages/react-reconciler/src/ReactFiberCacheComponent.js","CacheComponentState","type-export",true,"packages/React/src/react-reconciler/ReactFiberCacheComponent.h","not-started"
"reactjs/packages/react-reconciler/src/ReactFiberCacheComponent.js","SpawnedCachePool","type-export",true,"packages/React/src/react-reconciler/ReactFiberCacheComponent.h","not-started"
"reactjs/packages/react-reconciler/src/ReactFiberCacheComponent.js","CacheContext","variable-export",true,"packages/React/src/react-reconciler/ReactFiberCacheComponent.cpp","not-started"
"reactjs/packages/react-reconciler/src/ReactFiberCacheComponent.js","createCache","function",true,"packages/React/src/react-reconciler/ReactFiberCacheComponent.cpp","not-started"
"reactjs/packages/react-reconciler/src/ReactFiberCacheComponent.js","retainCache","function",true,"packages/React/src/react-reconciler/ReactFiberCacheComponent.cpp","not-started"
"reactjs/packages/react-reconciler/src/ReactFiberCacheComponent.js","releaseCache","function",true,"packages/React/src/react-reconciler/ReactFiberCacheComponent.cpp","not-started"
"reactjs/packages/react-reconciler/src/ReactFiberCacheComponent.js","pushCacheProvider","function",true,"packages/React/src/react-reconciler/ReactFiberCacheComponent.cpp","not-started"
"reactjs/packages/react-reconciler/src/ReactFiberCacheComponent.js","popCacheProvider","function",true,"packages/React/src/react-reconciler/ReactFiberCacheComponent.cpp","not-started"
"reactjs/packages/react-reconciler/src/ReactFiberCallUserSpace.js","callComponent","variable-export",false,"packages/React/src/react-reconciler/ReactFiberCallUserSpace.cpp","not-started"
"reactjs/packages/react-reconciler/src/ReactFiberCallUserSpace.js","callComponentInDEV","variable-export",true,"packages/React/src/react-reconciler/ReactFiberCallUserSpace.cpp","not-started"
"reactjs/packages/react-reconciler/src/ReactFiberCallUserSpace.js","callRender","variable-export",false,"packages/React/src/react-reconciler/ReactFiberCallUserSpace.cpp","not-started"
"reactjs/packages/react-reconciler/src/ReactFiberCallUserSpace.js","callRenderInDEV","variable-export",true,"packages/React/src/react-reconciler/ReactFiberCallUserSpace.cpp","not-started"
"reactjs/packages/react-reconciler/src/ReactFiberCallUserSpace.js","callComponentDidMount","variable-export",false,"packages/React/src/react-reconciler/ReactFiberCallUserSpace.cpp","not-started"
"reactjs/packages/react-reconciler/src/ReactFiberCallUserSpace.js","callComponentDidMountInDEV","variable-export",true,"packages/React/src/react-reconciler/ReactFiberCallUserSpace.cpp","not-started"
"reactjs/packages/react-reconciler/src/ReactFiberCallUserSpace.js","callComponentDidUpdate","variable-export",false,"packages/React/src/react-reconciler/ReactFiberCallUserSpace.cpp","not-started"
"reactjs/packages/react-reconciler/src/ReactFiberCallUserSpace.js","callComponentDidUpdateInDEV","variable-export",true,"packages/React/src/react-reconciler/ReactFiberCallUserSpace.cpp","not-started"
"reactjs/packages/react-reconciler/src/ReactFiberCallUserSpace.js","callComponentDidCatch","variable-export",false,"packages/React/src/react-reconciler/ReactFiberCallUserSpace.cpp","not-started"
"reactjs/packages/react-reconciler/src/ReactFiberCallUserSpace.js","callComponentDidCatchInDEV","variable-export",true,"packages/React/src/react-reconciler/ReactFiberCallUserSpace.cpp","not-started"
"reactjs/packages/react-reconciler/src/ReactFiberCallUserSpace.js","callComponentWillUnmount","variable-export",false,"packages/React/src/react-reconciler/ReactFiberCallUserSpace.cpp","not-started"
"reactjs/packages/react-reconciler/src/ReactFiberCallUserSpace.js","callComponentWillUnmountInDEV","variable-export",true,"packages/React/src/react-reconciler/ReactFiberCallUserSpace.cpp","not-started"
"reactjs/packages/react-reconciler/src/ReactFiberCallUserSpace.js","callCreate","variable-export",false,"packages/React/src/react-reconciler/ReactFiberCallUserSpace.cpp","not-started"
"reactjs/packages/react-reconciler/src/ReactFiberCallUserSpace.js","callCreateInDEV","variable-export",true,"packages/React/src/react-reconciler/ReactFiberCallUserSpace.cpp","not-started"
"reactjs/packages/react-reconciler/src/ReactFiberCallUserSpace.js","callDestroy","variable-export",false,"packages/React/src/react-reconciler/ReactFiberCallUserSpace.cpp","not-started"
"reactjs/packages/react-reconciler/src/ReactFiberCallUserSpace.js","callDestroyInDEV","variable-export",true,"packages/React/src/react-reconciler/ReactFiberCallUserSpace.cpp","not-started"
"reactjs/packages/react-reconciler/src/ReactFiberCallUserSpace.js","callLazyInit","variable-export",false,"packages/React/src/react-reconciler/ReactFiberCallUserSpace.cpp","not-started"
"reactjs/packages/react-reconciler/src/ReactFiberCallUserSpace.js","callLazyInitInDEV","variable-export",true,"packages/React/src/react-reconciler/ReactFiberCallUserSpace.cpp","not-started"
"reactjs/packages/react-reconciler/src/ReactFiberClassComponent.js","fakeInternalInstance","variable-export",false,"packages/React/src/react-reconciler/ReactFiberClassComponent.cpp","not-started"
"reactjs/packages/react-reconciler/src/ReactFiberClassComponent.js","warnOnInvalidCallback","function",false,"packages/React/src/react-reconciler/ReactFiberClassComponent.cpp","not-started"
"reactjs/packages/react-reconciler/src/ReactFiberClassComponent.js","warnOnUndefinedDerivedState","function",false,"packages/React/src/react-reconciler/ReactFiberClassComponent.cpp","not-started"
"reactjs/packages/react-reconciler/src/ReactFiberClassComponent.js","applyDerivedStateFromProps","function",false,"packages/React/src/react-reconciler/ReactFiberClassComponent.cpp","not-started"
"reactjs/packages/react-reconciler/src/ReactFiberClassComponent.js","classComponentUpdater","variable-export",false,"packages/React/src/react-reconciler/ReactFiberClassComponent.cpp","not-started"
"reactjs/packages/react-reconciler/src/ReactFiberClassComponent.js","checkShouldComponentUpdate","function",false,"packages/React/src/react-reconciler/ReactFiberClassComponent.cpp","not-started"
"reactjs/packages/react-reconciler/src/ReactFiberClassComponent.js","checkClassInstance","function",false,"packages/React/src/react-reconciler/ReactFiberClassComponent.cpp","not-started"
"reactjs/packages/react-reconciler/src/ReactFiberClassComponent.js","hasMutatedProps","const-export",false,"packages/React/src/react-reconciler/ReactFiberClassComponent.cpp","not-started"
"reactjs/packages/react-reconciler/src/ReactFiberClassComponent.js","constructClassInstance","function",false,"packages/React/src/react-reconciler/ReactFiberClassComponent.cpp","not-started"
"reactjs/packages/react-reconciler/src/ReactFiberClassComponent.js","isLegacyContextConsumer","const-export",false,"packages/React/src/react-reconciler/ReactFiberClassComponent.cpp","not-started"
"reactjs/packages/react-reconciler/src/ReactFiberClassComponent.js","addendum","const-export",false,"packages/React/src/react-reconciler/ReactFiberClassComponent.cpp","not-started"
"reactjs/packages/react-reconciler/src/ReactFiberClassComponent.js","callComponentWillMount","function",false,"packages/React/src/react-reconciler/ReactFiberClassComponent.cpp","not-started"
"reactjs/packages/react-reconciler/src/ReactFiberClassComponent.js","callComponentWillReceiveProps","function",false,"packages/React/src/react-reconciler/ReactFiberClassComponent.cpp","not-started"
"reactjs/packages/react-reconciler/src/ReactFiberClassComponent.js","mountClassInstance","function",false,"packages/React/src/react-reconciler/ReactFiberClassComponent.cpp","not-started"
"reactjs/packages/react-reconciler/src/ReactFiberClassComponent.js","resumeMountClassInstance","function",false,"packages/React/src/react-reconciler/ReactFiberClassComponent.cpp","not-started"
"reactjs/packages/react-reconciler/src/ReactFiberClassComponent.js","didReceiveNewProps","const-export",false,"packages/React/src/react-reconciler/ReactFiberClassComponent.cpp","not-started"
"reactjs/packages/react-reconciler/src/ReactFiberClassComponent.js","updateClassInstance","function",false,"packages/React/src/react-reconciler/ReactFiberClassComponent.cpp","not-started"
"reactjs/packages/react-reconciler/src/ReactFiberClassComponent.js","resolveClassComponentProps","function",true,"packages/React/src/react-reconciler/ReactFiberClassComponent.cpp","not-started"
"reactjs/packages/react-reconciler/src/ReactFiberClassComponent.js","constructClassInstance","variable-export",true,"packages/React/src/react-reconciler/ReactFiberClassComponent.cpp","not-started"
"reactjs/packages/react-reconciler/src/ReactFiberClassComponent.js","mountClassInstance","variable-export",true,"packages/React/src/react-reconciler/ReactFiberClassComponent.cpp","not-started"
"reactjs/packages/react-reconciler/src/ReactFiberClassComponent.js","resumeMountClassInstance","variable-export",true,"packages/React/src/react-reconciler/ReactFiberClassComponent.cpp","not-started"
"reactjs/packages/react-reconciler/src/ReactFiberClassComponent.js","updateClassInstance","variable-export",true,"packages/React/src/react-reconciler/ReactFiberClassComponent.cpp","not-started"
"reactjs/packages/react-reconciler/src/ReactFiberClassUpdateQueue.js","Update","type-export",true,"packages/React/src/react-reconciler/ReactFiberClassUpdateQueue.h","not-started"
"reactjs/packages/react-reconciler/src/ReactFiberClassUpdateQueue.js","SharedQueue","type-export",true,"packages/React/src/react-reconciler/ReactFiberClassUpdateQueue.h","not-started"
"reactjs/packages/react-reconciler/src/ReactFiberClassUpdateQueue.js","UpdateQueue","type-export",true,"packages/React/src/react-reconciler/ReactFiberClassUpdateQueue.h","not-started"
"reactjs/packages/react-reconciler/src/ReactFiberClassUpdateQueue.js","UpdateState","const-export",true,"packages/React/src/react-reconciler/ReactFiberClassUpdateQueue.cpp","not-started"
"reactjs/packages/react-reconciler/src/ReactFiberClassUpdateQueue.js","ReplaceState","const-export",true,"packages/React/src/react-reconciler/ReactFiberClassUpdateQueue.cpp","not-started"
"reactjs/packages/react-reconciler/src/ReactFiberClassUpdateQueue.js","ForceUpdate","const-export",true,"packages/React/src/react-reconciler/ReactFiberClassUpdateQueue.cpp","not-started"
"reactjs/packages/react-reconciler/src/ReactFiberClassUpdateQueue.js","CaptureUpdate","const-export",true,"packages/React/src/react-reconciler/ReactFiberClassUpdateQueue.cpp","not-started"
"reactjs/packages/react-reconciler/src/ReactFiberClassUpdateQueue.js","hasForceUpdate","const-export",false,"packages/React/src/react-reconciler/ReactFiberClassUpdateQueue.cpp","not-started"
"reactjs/packages/react-reconciler/src/ReactFiberClassUpdateQueue.js","resetCurrentlyProcessingQueue","variable-export",true,"packages/React/src/react-reconciler/ReactFiberClassUpdateQueue.cpp","not-started"
"reactjs/packages/react-reconciler/src/ReactFiberClassUpdateQueue.js","initializeUpdateQueue","function",true,"packages/React/src/react-reconciler/ReactFiberClassUpdateQueue.cpp","not-started"
"reactjs/packages/react-reconciler/src/ReactFiberClassUpdateQueue.js","queue","variable-export",false,"packages/React/src/react-reconciler/ReactFiberClassUpdateQueue.cpp","not-started"
"reactjs/packages/react-reconciler/src/ReactFiberClassUpdateQueue.js","cloneUpdateQueue","function",true,"packages/React/src/react-reconciler/ReactFiberClassUpdateQueue.cpp","not-started"
"reactjs/packages/react-reconciler/src/ReactFiberClassUpdateQueue.js","clone","variable-export",false,"packages/React/src/react-reconciler/ReactFiberClassUpdateQueue.cpp","not-started"
"reactjs/packages/react-reconciler/src/ReactFiberClassUpdateQueue.js","createUpdate","function",true,"packages/React/src/react-reconciler/ReactFiberClassUpdateQueue.cpp","not-started"
"reactjs/packages/react-reconciler/src/ReactFiberClassUpdateQueue.js","update","variable-export",false,"packages/React/src/react-reconciler/ReactFiberClassUpdateQueue.cpp","not-started"
"reactjs/packages/react-reconciler/src/ReactFiberClassUpdateQueue.js","enqueueUpdate","function",true,"packages/React/src/react-reconciler/ReactFiberClassUpdateQueue.cpp","not-started"
"reactjs/packages/react-reconciler/src/ReactFiberClassUpdateQueue.js","entangleTransitions","function",true,"packages/React/src/react-reconciler/ReactFiberClassUpdateQueue.cpp","not-started"
"reactjs/packages/react-reconciler/src/ReactFiberClassUpdateQueue.js","enqueueCapturedUpdate","function",true,"packages/React/src/react-reconciler/ReactFiberClassUpdateQueue.cpp","not-started"
"reactjs/packages/react-reconciler/src/ReactFiberClassUpdateQueue.js","clone","variable-export",false,"packages/React/src/react-reconciler/ReactFiberClassUpdateQueue.cpp","not-started"
"reactjs/packages/react-reconciler/src/ReactFiberClassUpdateQueue.js","getStateFromUpdate","function",false,"packages/React/src/react-reconciler/ReactFiberClassUpdateQueue.cpp","not-started"
"reactjs/packages/react-reconciler/src/ReactFiberClassUpdateQueue.js","didReadFromEntangledAsyncAction","const-export",false,"packages/React/src/react-reconciler/ReactFiberClassUpdateQueue.cpp","not-started"
"reactjs/packages/react-reconciler/src/ReactFiberClassUpdateQueue.js","suspendIfUpdateReadFromEntangledAsyncAction","function",true,"packages/React/src/react-reconciler/ReactFiberClassUpdateQueue.cpp","not-started"
"reactjs/packages/react-reconciler/src/ReactFiberClassUpdateQueue.js","processUpdateQueue","function",true,"packages/React/src/react-reconciler/ReactFiberClassUpdateQueue.cpp","not-started"
"reactjs/packages/react-reconciler/src/ReactFiberClassUpdateQueue.js","isHiddenUpdate","const-export",false,"packages/React/src/react-reconciler/ReactFiberClassUpdateQueue.cpp","not-started"
"reactjs/packages/react-reconciler/src/ReactFiberClassUpdateQueue.js","clone","variable-export",false,"packages/React/src/react-reconciler/ReactFiberClassUpdateQueue.cpp","not-started"
"reactjs/packages/react-reconciler/src/ReactFiberClassUpdateQueue.js","clone","variable-export",false,"packages/React/src/react-reconciler/ReactFiberClassUpdateQueue.cpp","not-started"
"reactjs/packages/react-reconciler/src/ReactFiberClassUpdateQueue.js","callCallback","function",false,"packages/React/src/react-reconciler/ReactFiberClassUpdateQueue.cpp","not-started"
"reactjs/packages/react-reconciler/src/ReactFiberClassUpdateQueue.js","resetHasForceUpdateBeforeProcessing","function",true,"packages/React/src/react-reconciler/ReactFiberClassUpdateQueue.cpp","not-started"
"reactjs/packages/react-reconciler/src/ReactFiberClassUpdateQueue.js","checkHasForceUpdateAfterProcessing","function",true,"packages/React/src/react-reconciler/ReactFiberClassUpdateQueue.cpp","not-started"
"reactjs/packages/react-reconciler/src/ReactFiberClassUpdateQueue.js","deferHiddenCallbacks","function",true,"packages/React/src/react-reconciler/ReactFiberClassUpdateQueue.cpp","not-started"
"reactjs/packages/react-reconciler/src/ReactFiberClassUpdateQueue.js","commitHiddenCallbacks","function",true,"packages/React/src/react-reconciler/ReactFiberClassUpdateQueue.cpp","not-started"
"reactjs/packages/react-reconciler/src/ReactFiberClassUpdateQueue.js","i","const-export",false,"packages/React/src/react-reconciler/ReactFiberClassUpdateQueue.cpp","not-started"
"reactjs/packages/react-reconciler/src/ReactFiberClassUpdateQueue.js","commitCallbacks","function",true,"packages/React/src/react-reconciler/ReactFiberClassUpdateQueue.cpp","not-started"
"reactjs/packages/react-reconciler/src/ReactFiberClassUpdateQueue.js","i","const-export",false,"packages/React/src/react-reconciler/ReactFiberClassUpdateQueue.cpp","not-started"
"reactjs/packages/react-reconciler/src/ReactFiberCommitEffects.js","shouldProfile","function",false,"packages/React/src/react-reconciler/ReactFiberCommitEffects.cpp","not-started"
"reactjs/packages/react-reconciler/src/ReactFiberCommitEffects.js","commitHookLayoutEffects","function",true,"packages/React/src/react-reconciler/ReactFiberCommitEffects.cpp","not-started"
"reactjs/packages/react-reconciler/src/ReactFiberCommitEffects.js","commitHookLayoutUnmountEffects","function",true,"packages/React/src/react-reconciler/ReactFiberCommitEffects.cpp","not-started"
"reactjs/packages/react-reconciler/src/ReactFiberCommitEffects.js","commitHookEffectListMount","function",true,"packages/React/src/react-reconciler/ReactFiberCommitEffects.cpp","not-started"
"reactjs/packages/react-reconciler/src/ReactFiberCommitEffects.js","commitHookEffectListUnmount","function",true,"packages/React/src/react-reconciler/ReactFiberCommitEffects.cpp","not-started"
"reactjs/packages/react-reconciler/src/ReactFiberCommitEffects.js","commitHookPassiveMountEffects","function",true,"packages/React/src/react-reconciler/ReactFiberCommitEffects.cpp","not-started"
"reactjs/packages/react-reconciler/src/ReactFiberCommitEffects.js","commitHookPassiveUnmountEffects","function",true,"packages/React/src/react-reconciler/ReactFiberCommitEffects.cpp","not-started"
"reactjs/packages/react-reconciler/src/ReactFiberCommitEffects.js","commitClassLayoutLifecycles","function",true,"packages/React/src/react-reconciler/ReactFiberCommitEffects.cpp","not-started"
"reactjs/packages/react-reconciler/src/ReactFiberCommitEffects.js","commitClassDidMount","function",true,"packages/React/src/react-reconciler/ReactFiberCommitEffects.cpp","not-started"
"reactjs/packages/react-reconciler/src/ReactFiberCommitEffects.js","commitClassCallbacks","function",true,"packages/React/src/react-reconciler/ReactFiberCommitEffects.cpp","not-started"
"reactjs/packages/react-reconciler/src/ReactFiberCommitEffects.js","commitClassHiddenCallbacks","function",true,"packages/React/src/react-reconciler/ReactFiberCommitEffects.cpp","not-started"
"reactjs/packages/react-reconciler/src/ReactFiberCommitEffects.js","commitRootCallbacks","function",true,"packages/React/src/react-reconciler/ReactFiberCommitEffects.cpp","not-started"
"reactjs/packages/react-reconciler/src/ReactFiberCommitEffects.js","callGetSnapshotBeforeUpdates","function",false,"packages/React/src/react-reconciler/ReactFiberCommitEffects.cpp","not-started"
"reactjs/packages/react-reconciler/src/ReactFiberCommitEffects.js","commitClassSnapshot","function",true,"packages/React/src/react-reconciler/ReactFiberCommitEffects.cpp","not-started"
"reactjs/packages/react-reconciler/src/ReactFiberCommitEffects.js","safelyCallComponentWillUnmount","function",true,"packages/React/src/react-reconciler/ReactFiberCommitEffects.cpp","not-started"
"reactjs/packages/react-reconciler/src/ReactFiberCommitEffects.js","commitAttachRef","function",false,"packages/React/src/react-reconciler/ReactFiberCommitEffects.cpp","not-started"
"reactjs/packages/react-reconciler/src/ReactFiberCommitEffects.js","safelyAttachRef","function",true,"packages/React/src/react-reconciler/ReactFiberCommitEffects.cpp","not-started"
"reactjs/packages/react-reconciler/src/ReactFiberCommitEffects.js","safelyDetachRef","function",true,"packages/React/src/react-reconciler/ReactFiberCommitEffects.cpp","not-started"
"reactjs/packages/react-reconciler/src/ReactFiberCommitEffects.js","safelyCallDestroy","function",false,"packages/React/src/react-reconciler/ReactFiberCommitEffects.cpp","not-started"
"reactjs/packages/react-reconciler/src/ReactFiberCommitEffects.js","commitProfiler","function",false,"packages/React/src/react-reconciler/ReactFiberCommitEffects.cpp","not-started"
"reactjs/packages/react-reconciler/src/ReactFiberCommitEffects.js","commitProfilerUpdate","function",true,"packages/React/src/react-reconciler/ReactFiberCommitEffects.cpp","not-started"
"reactjs/packages/react-reconciler/src/ReactFiberCommitEffects.js","commitProfilerPostCommitImpl","function",false,"packages/React/src/react-reconciler/ReactFiberCommitEffects.cpp","not-started"
"reactjs/packages/react-reconciler/src/ReactFiberCommitEffects.js","commitProfilerPostCommit","function",true,"packages/React/src/react-reconciler/ReactFiberCommitEffects.cpp","not-started"
"reactjs/packages/react-reconciler/src/ReactFiberCommitHostEffects.js","commitHostMount","function",true,"packages/React/src/react-reconciler/ReactFiberCommitHostEffects.cpp","not-started"
"reactjs/packages/react-reconciler/src/ReactFiberCommitHostEffects.js","commitHostHydratedInstance","function",true,"packages/React/src/react-reconciler/ReactFiberCommitHostEffects.cpp","not-started"
"reactjs/packages/react-reconciler/src/ReactFiberCommitHostEffects.js","commitHostUpdate","function",true,"packages/React/src/react-reconciler/ReactFiberCommitHostEffects.cpp","not-started"
"reactjs/packages/react-reconciler/src/ReactFiberCommitHostEffects.js","commitHostTextUpdate","function",true,"packages/React/src/react-reconciler/ReactFiberCommitHostEffects.cpp","not-started"
"reactjs/packages/react-reconciler/src/ReactFiberCommitHostEffects.js","commitHostResetTextContent","function",true,"packages/React/src/react-reconciler/ReactFiberCommitHostEffects.cpp","not-started"
"reactjs/packages/react-reconciler/src/ReactFiberCommitHostEffects.js","commitShowHideSuspenseBoundary","function",true,"packages/React/src/react-reconciler/ReactFiberCommitHostEffects.cpp","not-started"
"reactjs/packages/react-reconciler/src/ReactFiberCommitHostEffects.js","commitShowHideHostInstance","function",true,"packages/React/src/react-reconciler/ReactFiberCommitHostEffects.cpp","not-started"
"reactjs/packages/react-reconciler/src/ReactFiberCommitHostEffects.js","commitShowHideHostTextInstance","function",true,"packages/React/src/react-reconciler/ReactFiberCommitHostEffects.cpp","not-started"
"reactjs/packages/react-reconciler/src/ReactFiberCommitHostEffects.js","commitNewChildToFragmentInstances","function",true,"packages/React/src/react-reconciler/ReactFiberCommitHostEffects.cpp","not-started"
"reactjs/packages/react-reconciler/src/ReactFiberCommitHostEffects.js","i","const-export",false,"packages/React/src/react-reconciler/ReactFiberCommitHostEffects.cpp","not-started"
"reactjs/packages/react-reconciler/src/ReactFiberCommitHostEffects.js","commitFragmentInstanceInsertionEffects","function",true,"packages/React/src/react-reconciler/ReactFiberCommitHostEffects.cpp","not-started"
"reactjs/packages/react-reconciler/src/ReactFiberCommitHostEffects.js","commitFragmentInstanceDeletionEffects","function",true,"packages/React/src/react-reconciler/ReactFiberCommitHostEffects.cpp","not-started"
"reactjs/packages/react-reconciler/src/ReactFiberCommitHostEffects.js","isHostParent","function",false,"packages/React/src/react-reconciler/ReactFiberCommitHostEffects.cpp","not-started"
"reactjs/packages/react-reconciler/src/ReactFiberCommitHostEffects.js","isFragmentInstanceParent","function",false,"packages/React/src/react-reconciler/ReactFiberCommitHostEffects.cpp","not-started"
"reactjs/packages/react-reconciler/src/ReactFiberCommitHostEffects.js","getHostSibling","function",false,"packages/React/src/react-reconciler/ReactFiberCommitHostEffects.cpp","not-started"
"reactjs/packages/react-reconciler/src/ReactFiberCommitHostEffects.js","insertOrAppendPlacementNodeIntoContainer","function",false,"packages/React/src/react-reconciler/ReactFiberCommitHostEffects.cpp","not-started"
"reactjs/packages/react-reconciler/src/ReactFiberCommitHostEffects.js","insertOrAppendPlacementNode","function",false,"packages/React/src/react-reconciler/ReactFiberCommitHostEffects.cpp","not-started"
"reactjs/packages/react-reconciler/src/ReactFiberCommitHostEffects.js","commitPlacement","function",false,"packages/React/src/react-reconciler/ReactFiberCommitHostEffects.cpp","not-started"
"reactjs/packages/react-reconciler/src/ReactFiberCommitHostEffects.js","commitImmutablePlacementNodeToFragmentInstances","function",false,"packages/React/src/react-reconciler/ReactFiberCommitHostEffects.cpp","not-started"
"reactjs/packages/react-reconciler/src/ReactFiberCommitHostEffects.js","isHost","const-export",false,"packages/React/src/react-reconciler/ReactFiberCommitHostEffects.cpp","not-started"
"reactjs/packages/react-reconciler/src/ReactFiberCommitHostEffects.js","commitHostPlacement","function",true,"packages/React/src/react-reconciler/ReactFiberCommitHostEffects.cpp","not-started"
"reactjs/packages/react-reconciler/src/ReactFiberCommitHostEffects.js","commitHostRemoveChildFromContainer","function",true,"packages/React/src/react-reconciler/ReactFiberCommitHostEffects.cpp","not-started"
"reactjs/packages/react-reconciler/src/ReactFiberCommitHostEffects.js","commitHostRemoveChild","function",true,"packages/React/src/react-reconciler/ReactFiberCommitHostEffects.cpp","not-started"
"reactjs/packages/react-reconciler/src/ReactFiberCommitHostEffects.js","commitHostRootContainerChildren","function",true,"packages/React/src/react-reconciler/ReactFiberCommitHostEffects.cpp","not-started"
"reactjs/packages/react-reconciler/src/ReactFiberCommitHostEffects.js","commitHostPortalContainerChildren","function",true,"packages/React/src/react-reconciler/ReactFiberCommitHostEffects.cpp","not-started"
"reactjs/packages/react-reconciler/src/ReactFiberCommitHostEffects.js","commitHostHydratedContainer","function",true,"packages/React/src/react-reconciler/ReactFiberCommitHostEffects.cpp","not-started"
"reactjs/packages/react-reconciler/src/ReactFiberCommitHostEffects.js","commitHostHydratedActivity","function",true,"packages/React/src/react-reconciler/ReactFiberCommitHostEffects.cpp","not-started"
"reactjs/packages/react-reconciler/src/ReactFiberCommitHostEffects.js","commitHostHydratedSuspense","function",true,"packages/React/src/react-reconciler/ReactFiberCommitHostEffects.cpp","not-started"
"reactjs/packages/react-reconciler/src/ReactFiberCommitHostEffects.js","commitHostSingletonAcquisition","function",true,"packages/React/src/react-reconciler/ReactFiberCommitHostEffects.cpp","not-started"
"reactjs/packages/react-reconciler/src/ReactFiberCommitHostEffects.js","commitHostSingletonRelease","function",true,"packages/React/src/react-reconciler/ReactFiberCommitHostEffects.cpp","not-started"
"reactjs/packages/react-reconciler/src/ReactFiberCommitViewTransitions.js","shouldStartViewTransition","const-export",true,"packages/React/src/react-reconciler/ReactFiberCommitViewTransitions.cpp","not-started"
"reactjs/packages/react-reconciler/src/ReactFiberCommitViewTransitions.js","resetShouldStartViewTransition","function",true,"packages/React/src/react-reconciler/ReactFiberCommitViewTransitions.cpp","not-started"
"reactjs/packages/react-reconciler/src/ReactFiberCommitViewTransitions.js","appearingViewTransitions","variable-export",true,"packages/React/src/react-reconciler/ReactFiberCommitViewTransitions.cpp","not-started"
"reactjs/packages/react-reconciler/src/ReactFiberCommitViewTransitions.js","resetAppearingViewTransitions","function",true,"packages/React/src/react-reconciler/ReactFiberCommitViewTransitions.cpp","not-started"
"reactjs/packages/react-reconciler/src/ReactFiberCommitViewTransitions.js","trackAppearingViewTransition","function",true,"packages/React/src/react-reconciler/ReactFiberCommitViewTransitions.cpp","not-started"
"reactjs/packages/react-reconciler/src/ReactFiberCommitViewTransitions.js","trackEnterViewTransitions","function",true,"packages/React/src/react-reconciler/ReactFiberCommitViewTransitions.cpp","not-started"
"reactjs/packages/react-reconciler/src/ReactFiberCommitViewTransitions.js","viewTransitionCancelableChildren","variable-export",true,"packages/React/src/react-reconciler/ReactFiberCommitViewTransitions.cpp","not-started"
"reactjs/packages/react-reconciler/src/ReactFiberCommitViewTransitions.js","pushViewTransitionCancelableScope","function",true,"packages/React/src/react-reconciler/ReactFiberCommitViewTransitions.cpp","not-started"
"reactjs/packages/react-reconciler/src/ReactFiberCommitViewTransitions.js","popViewTransitionCancelableScope","function",true,"packages/React/src/react-reconciler/ReactFiberCommitViewTransitions.cpp","not-started"
"reactjs/packages/react-reconciler/src/ReactFiberCommitViewTransitions.js","viewTransitionHostInstanceIdx","const-export",false,"packages/React/src/react-reconciler/ReactFiberCommitViewTransitions.cpp","not-started"
"reactjs/packages/react-reconciler/src/ReactFiberCommitViewTransitions.js","applyViewTransitionToHostInstances","function",true,"packages/React/src/react-reconciler/ReactFiberCommitViewTransitions.cpp","not-started"
"reactjs/packages/react-reconciler/src/ReactFiberCommitViewTransitions.js","applyViewTransitionToHostInstancesRecursive","function",false,"packages/React/src/react-reconciler/ReactFiberCommitViewTransitions.cpp","not-started"
"reactjs/packages/react-reconciler/src/ReactFiberCommitViewTransitions.js","inViewport","const-export",false,"packages/React/src/react-reconciler/ReactFiberCommitViewTransitions.cpp","not-started"
"reactjs/packages/react-reconciler/src/ReactFiberCommitViewTransitions.js","restoreViewTransitionOnHostInstances","function",false,"packages/React/src/react-reconciler/ReactFiberCommitViewTransitions.cpp","not-started"
"reactjs/packages/react-reconciler/src/ReactFiberCommitViewTransitions.js","commitAppearingPairViewTransitions","function",false,"packages/React/src/react-reconciler/ReactFiberCommitViewTransitions.cpp","not-started"
"reactjs/packages/react-reconciler/src/ReactFiberCommitViewTransitions.js","commitEnterViewTransitions","function",true,"packages/React/src/react-reconciler/ReactFiberCommitViewTransitions.cpp","not-started"
"reactjs/packages/react-reconciler/src/ReactFiberCommitViewTransitions.js","commitDeletedPairViewTransitions","function",false,"packages/React/src/react-reconciler/ReactFiberCommitViewTransitions.cpp","not-started"
"reactjs/packages/react-reconciler/src/ReactFiberCommitViewTransitions.js","commitExitViewTransitions","function",true,"packages/React/src/react-reconciler/ReactFiberCommitViewTransitions.cpp","not-started"
"reactjs/packages/react-reconciler/src/ReactFiberCommitViewTransitions.js","commitBeforeUpdateViewTransition","function",true,"packages/React/src/react-reconciler/ReactFiberCommitViewTransitions.cpp","not-started"
"reactjs/packages/react-reconciler/src/ReactFiberCommitViewTransitions.js","commitNestedViewTransitions","function",true,"packages/React/src/react-reconciler/ReactFiberCommitViewTransitions.cpp","not-started"
"reactjs/packages/react-reconciler/src/ReactFiberCommitViewTransitions.js","restorePairedViewTransitions","function",false,"packages/React/src/react-reconciler/ReactFiberCommitViewTransitions.cpp","not-started"
"reactjs/packages/react-reconciler/src/ReactFiberCommitViewTransitions.js","restoreEnterOrExitViewTransitions","function",true,"packages/React/src/react-reconciler/ReactFiberCommitViewTransitions.cpp","not-started"
"reactjs/packages/react-reconciler/src/ReactFiberCommitViewTransitions.js","restoreUpdateViewTransition","function",true,"packages/React/src/react-reconciler/ReactFiberCommitViewTransitions.cpp","not-started"
"reactjs/packages/react-reconciler/src/ReactFiberCommitViewTransitions.js","restoreUpdateViewTransitionForGesture","function",true,"packages/React/src/react-reconciler/ReactFiberCommitViewTransitions.cpp","not-started"
"reactjs/packages/react-reconciler/src/ReactFiberCommitViewTransitions.js","restoreNestedViewTransitions","function",true,"packages/React/src/react-reconciler/ReactFiberCommitViewTransitions.cpp","not-started"
"reactjs/packages/react-reconciler/src/ReactFiberCommitViewTransitions.js","measureViewTransitionHostInstances","function",true,"packages/React/src/react-reconciler/ReactFiberCommitViewTransitions.cpp","not-started"
"reactjs/packages/react-reconciler/src/ReactFiberCommitViewTransitions.js","measureViewTransitionHostInstancesRecursive","function",false,"packages/React/src/react-reconciler/ReactFiberCommitViewTransitions.cpp","not-started"
"reactjs/packages/react-reconciler/src/ReactFiberCommitViewTransitions.js","inViewport","const-export",false,"packages/React/src/react-reconciler/ReactFiberCommitViewTransitions.cpp","not-started"
"reactjs/packages/react-reconciler/src/ReactFiberCommitViewTransitions.js","measureUpdateViewTransition","function",true,"packages/React/src/react-reconciler/ReactFiberCommitViewTransitions.cpp","not-started"
"reactjs/packages/react-reconciler/src/ReactFiberCommitViewTransitions.js","measureNestedViewTransitions","function",true,"packages/React/src/react-reconciler/ReactFiberCommitViewTransitions.cpp","not-started"
"reactjs/packages/react-reconciler/src/ReactFiberCommitWork.js","offscreenSubtreeIsHidden","const-export",false,"packages/React/src/react-reconciler/ReactFiberCommitWork.cpp","not-started"
"reactjs/packages/react-reconciler/src/ReactFiberCommitWork.js","offscreenSubtreeWasHidden","const-export",false,"packages/React/src/react-reconciler/ReactFiberCommitWork.cpp","not-started"
"reactjs/packages/react-reconciler/src/ReactFiberCommitWork.js","needsFormReset","const-export",false,"packages/React/src/react-reconciler/ReactFiberCommitWork.cpp","not-started"
"reactjs/packages/react-reconciler/src/ReactFiberCommitWork.js","shouldFireAfterActiveInstanceBlur","const-export",true,"packages/React/src/react-reconciler/ReactFiberCommitWork.cpp","not-started"
"reactjs/packages/react-reconciler/src/ReactFiberCommitWork.js","viewTransitionContextChanged","const-export",false,"packages/React/src/react-reconciler/ReactFiberCommitWork.cpp","not-started"
"reactjs/packages/react-reconciler/src/ReactFiberCommitWork.js","inUpdateViewTransition","const-export",false,"packages/React/src/react-reconciler/ReactFiberCommitWork.cpp","not-started"
"reactjs/packages/react-reconciler/src/ReactFiberCommitWork.js","rootViewTransitionAffected","const-export",false,"packages/React/src/react-reconciler/ReactFiberCommitWork.cpp","not-started"
"reactjs/packages/react-reconciler/src/ReactFiberCommitWork.js","rootViewTransitionNameCanceled","const-export",false,"packages/React/src/react-reconciler/ReactFiberCommitWork.cpp","not-started"
"reactjs/packages/react-reconciler/src/ReactFiberCommitWork.js","isHydratingParent","function",false,"packages/React/src/react-reconciler/ReactFiberCommitWork.cpp","not-started"
"reactjs/packages/react-reconciler/src/ReactFiberCommitWork.js","commitBeforeMutationEffects","function",true,"packages/React/src/react-reconciler/ReactFiberCommitWork.cpp","not-started"
"reactjs/packages/react-reconciler/src/ReactFiberCommitWork.js","commitBeforeMutationEffects_begin","function",false,"packages/React/src/react-reconciler/ReactFiberCommitWork.cpp","not-started"
"reactjs/packages/react-reconciler/src/ReactFiberCommitWork.js","i","const-export",false,"packages/React/src/react-reconciler/ReactFiberCommitWork.cpp","not-started"
"reactjs/packages/react-reconciler/src/ReactFiberCommitWork.js","isHidden","const-export",false,"packages/React/src/react-reconciler/ReactFiberCommitWork.cpp","not-started"
"reactjs/packages/react-reconciler/src/ReactFiberCommitWork.js","commitBeforeMutationEffects_complete","function",false,"packages/React/src/react-reconciler/ReactFiberCommitWork.cpp","not-started"
"reactjs/packages/react-reconciler/src/ReactFiberCommitWork.js","commitBeforeMutationEffectsOnFiber","function",false,"packages/React/src/react-reconciler/ReactFiberCommitWork.cpp","not-started"
"reactjs/packages/react-reconciler/src/ReactFiberCommitWork.js","ii","const-export",false,"packages/React/src/react-reconciler/ReactFiberCommitWork.cpp","not-started"
"reactjs/packages/react-reconciler/src/ReactFiberCommitWork.js","commitBeforeMutationEffectsDeletion","function",false,"packages/React/src/react-reconciler/ReactFiberCommitWork.cpp","not-started"
"reactjs/packages/react-reconciler/src/ReactFiberCommitWork.js","commitLayoutEffectOnFiber","function",false,"packages/React/src/react-reconciler/ReactFiberCommitWork.cpp","not-started"
"reactjs/packages/react-reconciler/src/ReactFiberCommitWork.js","isHidden","const-export",false,"packages/React/src/react-reconciler/ReactFiberCommitWork.cpp","not-started"
"reactjs/packages/react-reconciler/src/ReactFiberCommitWork.js","includeWorkInProgressEffects","const-export",false,"packages/React/src/react-reconciler/ReactFiberCommitWork.cpp","not-started"
"reactjs/packages/react-reconciler/src/ReactFiberCommitWork.js","abortRootTransitions","function",false,"packages/React/src/react-reconciler/ReactFiberCommitWork.cpp","not-started"
"reactjs/packages/react-reconciler/src/ReactFiberCommitWork.js","abortTracingMarkerTransitions","function",false,"packages/React/src/react-reconciler/ReactFiberCommitWork.cpp","not-started"
"reactjs/packages/react-reconciler/src/ReactFiberCommitWork.js","abortParentMarkerTransitionsForDeletedFiber","function",false,"packages/React/src/react-reconciler/ReactFiberCommitWork.cpp","not-started"
"reactjs/packages/react-reconciler/src/ReactFiberCommitWork.js","commitTransitionProgress","function",false,"packages/React/src/react-reconciler/ReactFiberCommitWork.cpp","not-started"
"reactjs/packages/react-reconciler/src/ReactFiberCommitWork.js","wasHidden","const-export",false,"packages/React/src/react-reconciler/ReactFiberCommitWork.cpp","not-started"
"reactjs/packages/react-reconciler/src/ReactFiberCommitWork.js","isHidden","const-export",false,"packages/React/src/react-reconciler/ReactFiberCommitWork.cpp","not-started"
"reactjs/packages/react-reconciler/src/ReactFiberCommitWork.js","hideOrUnhideAllChildren","function",false,"packages/React/src/react-reconciler/ReactFiberCommitWork.cpp","not-started"
"reactjs/packages/react-reconciler/src/ReactFiberCommitWork.js","detachFiberMutation","function",false,"packages/React/src/react-reconciler/ReactFiberCommitWork.cpp","not-started"
"reactjs/packages/react-reconciler/src/ReactFiberCommitWork.js","detachFiberAfterEffects","function",false,"packages/React/src/react-reconciler/ReactFiberCommitWork.cpp","not-started"
"reactjs/packages/react-reconciler/src/ReactFiberCommitWork.js","hostParentIsContainer","const-export",false,"packages/React/src/react-reconciler/ReactFiberCommitWork.cpp","not-started"
"reactjs/packages/react-reconciler/src/ReactFiberCommitWork.js","commitDeletionEffects","function",false,"packages/React/src/react-reconciler/ReactFiberCommitWork.cpp","not-started"
"reactjs/packages/react-reconciler/src/ReactFiberCommitWork.js","recursivelyTraverseDeletionEffects","function",false,"packages/React/src/react-reconciler/ReactFiberCommitWork.cpp","not-started"
"reactjs/packages/react-reconciler/src/ReactFiberCommitWork.js","commitDeletionEffectsOnFiber","function",false,"packages/React/src/react-reconciler/ReactFiberCommitWork.cpp","not-started"
"reactjs/packages/react-reconciler/src/ReactFiberCommitWork.js","commitSuspenseCallback","function",false,"packages/React/src/react-reconciler/ReactFiberCommitWork.cpp","not-started"
"reactjs/packages/react-reconciler/src/ReactFiberCommitWork.js","commitActivityHydrationCallbacks","function",false,"packages/React/src/react-reconciler/ReactFiberCommitWork.cpp","not-started"
"reactjs/packages/react-reconciler/src/ReactFiberCommitWork.js","commitSuspenseHydrationCallbacks","function",false,"packages/React/src/react-reconciler/ReactFiberCommitWork.cpp","not-started"
"reactjs/packages/react-reconciler/src/ReactFiberCommitWork.js","getRetryCache","function",false,"packages/React/src/react-reconciler/ReactFiberCommitWork.cpp","not-started"
"reactjs/packages/react-reconciler/src/ReactFiberCommitWork.js","attachSuspenseRetryListeners","function",false,"packages/React/src/react-reconciler/ReactFiberCommitWork.cpp","not-started"
"reactjs/packages/react-reconciler/src/ReactFiberCommitWork.js","isSuspenseBoundaryBeingHidden","function",false,"packages/React/src/react-reconciler/ReactFiberCommitWork.cpp","not-started"
"reactjs/packages/react-reconciler/src/ReactFiberCommitWork.js","commitMutationEffects","function",true,"packages/React/src/react-reconciler/ReactFiberCommitWork.cpp","not-started"
"reactjs/packages/react-reconciler/src/ReactFiberCommitWork.js","recursivelyTraverseMutationEffects","function",false,"packages/React/src/react-reconciler/ReactFiberCommitWork.cpp","not-started"
"reactjs/packages/react-reconciler/src/ReactFiberCommitWork.js","i","const-export",false,"packages/React/src/react-reconciler/ReactFiberCommitWork.cpp","not-started"
"reactjs/packages/react-reconciler/src/ReactFiberCommitWork.js","commitMutationEffectsOnFiber","function",false,"packages/React/src/react-reconciler/ReactFiberCommitWork.cpp","not-started"
"reactjs/packages/react-reconciler/src/ReactFiberCommitWork.js","isShowingFallback","const-export",false,"packages/React/src/react-reconciler/ReactFiberCommitWork.cpp","not-started"
"reactjs/packages/react-reconciler/src/ReactFiberCommitWork.js","isHidden","const-export",false,"packages/React/src/react-reconciler/ReactFiberCommitWork.cpp","not-started"
"reactjs/packages/react-reconciler/src/ReactFiberCommitWork.js","isUpdate","const-export",false,"packages/React/src/react-reconciler/ReactFiberCommitWork.cpp","not-started"
"reactjs/packages/react-reconciler/src/ReactFiberCommitWork.js","commitReconciliationEffects","function",false,"packages/React/src/react-reconciler/ReactFiberCommitWork.cpp","not-started"
"reactjs/packages/react-reconciler/src/ReactFiberCommitWork.js","recursivelyResetForms","function",false,"packages/React/src/react-reconciler/ReactFiberCommitWork.cpp","not-started"
"reactjs/packages/react-reconciler/src/ReactFiberCommitWork.js","resetFormOnFiber","function",false,"packages/React/src/react-reconciler/ReactFiberCommitWork.cpp","not-started"
"reactjs/packages/react-reconciler/src/ReactFiberCommitWork.js","commitAfterMutationEffects","function",true,"packages/React/src/react-reconciler/ReactFiberCommitWork.cpp","not-started"
"reactjs/packages/react-reconciler/src/ReactFiberCommitWork.js","recursivelyTraverseAfterMutationEffects","function",false,"packages/React/src/react-reconciler/ReactFiberCommitWork.cpp","not-started"
"reactjs/packages/react-reconciler/src/ReactFiberCommitWork.js","commitAfterMutationEffectsOnFiber","function",false,"packages/React/src/react-reconciler/ReactFiberCommitWork.cpp","not-started"
"reactjs/packages/react-reconciler/src/ReactFiberCommitWork.js","i","const-export",false,"packages/React/src/react-reconciler/ReactFiberCommitWork.cpp","not-started"
"reactjs/packages/react-reconciler/src/ReactFiberCommitWork.js","isHidden","const-export",false,"packages/React/src/react-reconciler/ReactFiberCommitWork.cpp","not-started"
"reactjs/packages/react-reconciler/src/ReactFiberCommitWork.js","wasHidden","const-export",false,"packages/React/src/react-reconciler/ReactFiberCommitWork.cpp","not-started"
"reactjs/packages/react-reconciler/src/ReactFiberCommitWork.js","commitLayoutEffects","function",true,"packages/React/src/react-reconciler/ReactFiberCommitWork.cpp","not-started"
"reactjs/packages/react-reconciler/src/ReactFiberCommitWork.js","recursivelyTraverseLayoutEffects","function",false,"packages/React/src/react-reconciler/ReactFiberCommitWork.cpp","not-started"
"reactjs/packages/react-reconciler/src/ReactFiberCommitWork.js","disappearLayoutEffects","function",true,"packages/React/src/react-reconciler/ReactFiberCommitWork.cpp","not-started"
"reactjs/packages/react-reconciler/src/ReactFiberCommitWork.js","isHidden","const-export",false,"packages/React/src/react-reconciler/ReactFiberCommitWork.cpp","not-started"
"reactjs/packages/react-reconciler/src/ReactFiberCommitWork.js","recursivelyTraverseDisappearLayoutEffects","function",false,"packages/React/src/react-reconciler/ReactFiberCommitWork.cpp","not-started"
"reactjs/packages/react-reconciler/src/ReactFiberCommitWork.js","reappearLayoutEffects","function",true,"packages/React/src/react-reconciler/ReactFiberCommitWork.cpp","not-started"
"reactjs/packages/react-reconciler/src/ReactFiberCommitWork.js","isHidden","const-export",false,"packages/React/src/react-reconciler/ReactFiberCommitWork.cpp","not-started"
"reactjs/packages/react-reconciler/src/ReactFiberCommitWork.js","recursivelyTraverseReappearLayoutEffects","function",false,"packages/React/src/react-reconciler/ReactFiberCommitWork.cpp","not-started"
"reactjs/packages/react-reconciler/src/ReactFiberCommitWork.js","commitOffscreenPassiveMountEffects","function",false,"packages/React/src/react-reconciler/ReactFiberCommitWork.cpp","not-started"
"reactjs/packages/react-reconciler/src/ReactFiberCommitWork.js","isHidden","const-export",false,"packages/React/src/react-reconciler/ReactFiberCommitWork.cpp","not-started"
"reactjs/packages/react-reconciler/src/ReactFiberCommitWork.js","commitCachePassiveMountEffect","function",false,"packages/React/src/react-reconciler/ReactFiberCommitWork.cpp","not-started"
"reactjs/packages/react-reconciler/src/ReactFiberCommitWork.js","commitTracingMarkerPassiveMountEffect","function",false,"packages/React/src/react-reconciler/ReactFiberCommitWork.cpp","not-started"
"reactjs/packages/react-reconciler/src/ReactFiberCommitWork.js","commitPassiveMountEffects","function",true,"packages/React/src/react-reconciler/ReactFiberCommitWork.cpp","not-started"
"reactjs/packages/react-reconciler/src/ReactFiberCommitWork.js","recursivelyTraversePassiveMountEffects","function",false,"packages/React/src/react-reconciler/ReactFiberCommitWork.cpp","not-started"
"reactjs/packages/react-reconciler/src/ReactFiberCommitWork.js","inHydratedSubtree","const-export",false,"packages/React/src/react-reconciler/ReactFiberCommitWork.cpp","not-started"
"reactjs/packages/react-reconciler/src/ReactFiberCommitWork.js","commitPassiveMountOnFiber","function",false,"packages/React/src/react-reconciler/ReactFiberCommitWork.cpp","not-started"
"reactjs/packages/react-reconciler/src/ReactFiberCommitWork.js","isHidden","const-export",false,"packages/React/src/react-reconciler/ReactFiberCommitWork.cpp","not-started"
"reactjs/packages/react-reconciler/src/ReactFiberCommitWork.js","includeWorkInProgressEffects","const-export",false,"packages/React/src/react-reconciler/ReactFiberCommitWork.cpp","not-started"
"reactjs/packages/react-reconciler/src/ReactFiberCommitWork.js","recursivelyTraverseReconnectPassiveEffects","function",false,"packages/React/src/react-reconciler/ReactFiberCommitWork.cpp","not-started"
"reactjs/packages/react-reconciler/src/ReactFiberCommitWork.js","reconnectPassiveEffects","function",true,"packages/React/src/react-reconciler/ReactFiberCommitWork.cpp","not-started"
"reactjs/packages/react-reconciler/src/ReactFiberCommitWork.js","isHidden","const-export",false,"packages/React/src/react-reconciler/ReactFiberCommitWork.cpp","not-started"
"reactjs/packages/react-reconciler/src/ReactFiberCommitWork.js","recursivelyTraverseAtomicPassiveEffects","function",false,"packages/React/src/react-reconciler/ReactFiberCommitWork.cpp","not-started"
"reactjs/packages/react-reconciler/src/ReactFiberCommitWork.js","commitAtomicPassiveEffects","function",false,"packages/React/src/react-reconciler/ReactFiberCommitWork.cpp","not-started"
"reactjs/packages/react-reconciler/src/ReactFiberCommitWork.js","commitPassiveUnmountEffects","function",true,"packages/React/src/react-reconciler/ReactFiberCommitWork.cpp","not-started"
"reactjs/packages/react-reconciler/src/ReactFiberCommitWork.js","accumulateSuspenseyCommit","function",true,"packages/React/src/react-reconciler/ReactFiberCommitWork.cpp","not-started"
"reactjs/packages/react-reconciler/src/ReactFiberCommitWork.js","recursivelyAccumulateSuspenseyCommit","function",false,"packages/React/src/react-reconciler/ReactFiberCommitWork.cpp","not-started"
"reactjs/packages/react-reconciler/src/ReactFiberCommitWork.js","accumulateSuspenseyCommitOnFiber","function",false,"packages/React/src/react-reconciler/ReactFiberCommitWork.cpp","not-started"
"reactjs/packages/react-reconciler/src/ReactFiberCommitWork.js","isHidden","const-export",false,"packages/React/src/react-reconciler/ReactFiberCommitWork.cpp","not-started"
"reactjs/packages/react-reconciler/src/ReactFiberCommitWork.js","detachAlternateSiblings","function",false,"packages/React/src/react-reconciler/ReactFiberCommitWork.cpp","not-started"
"reactjs/packages/react-reconciler/src/ReactFiberCommitWork.js","recursivelyTraversePassiveUnmountEffects","function",false,"packages/React/src/react-reconciler/ReactFiberCommitWork.cpp","not-started"
"reactjs/packages/react-reconciler/src/ReactFiberCommitWork.js","i","const-export",false,"packages/React/src/react-reconciler/ReactFiberCommitWork.cpp","not-started"
"reactjs/packages/react-reconciler/src/ReactFiberCommitWork.js","commitPassiveUnmountOnFiber","function",false,"packages/React/src/react-reconciler/ReactFiberCommitWork.cpp","not-started"
"reactjs/packages/react-reconciler/src/ReactFiberCommitWork.js","isHidden","const-export",false,"packages/React/src/react-reconciler/ReactFiberCommitWork.cpp","not-started"
"reactjs/packages/react-reconciler/src/ReactFiberCommitWork.js","recursivelyTraverseDisconnectPassiveEffects","function",false,"packages/React/src/react-reconciler/ReactFiberCommitWork.cpp","not-started"
"reactjs/packages/react-reconciler/src/ReactFiberCommitWork.js","i","const-export",false,"packages/React/src/react-reconciler/ReactFiberCommitWork.cpp","not-started"
"reactjs/packages/react-reconciler/src/ReactFiberCommitWork.js","disconnectPassiveEffect","function",true,"packages/React/src/react-reconciler/ReactFiberCommitWork.cpp","not-started"
"reactjs/packages/react-reconciler/src/ReactFiberCommitWork.js","commitPassiveUnmountEffectsInsideOfDeletedTree_begin","function",false,"packages/React/src/react-reconciler/ReactFiberCommitWork.cpp","not-started"
"reactjs/packages/react-reconciler/src/ReactFiberCommitWork.js","commitPassiveUnmountEffectsInsideOfDeletedTree_complete","function",false,"packages/React/src/react-reconciler/ReactFiberCommitWork.cpp","not-started"
"reactjs/packages/react-reconciler/src/ReactFiberCommitWork.js","commitPassiveUnmountInsideDeletedTreeOnFiber","function",false,"packages/React/src/react-reconciler/ReactFiberCommitWork.cpp","not-started"
"reactjs/packages/react-reconciler/src/ReactFiberCommitWork.js","abortReason","variable-export",false,"packages/React/src/react-reconciler/ReactFiberCommitWork.cpp","not-started"
"reactjs/packages/react-reconciler/src/ReactFiberCommitWork.js","abortReason","variable-export",false,"packages/React/src/react-reconciler/ReactFiberCommitWork.cpp","not-started"
"reactjs/packages/react-reconciler/src/ReactFiberCommitWork.js","invokeLayoutEffectMountInDEV","function",true,"packages/React/src/react-reconciler/ReactFiberCommitWork.cpp","not-started"
"reactjs/packages/react-reconciler/src/ReactFiberCommitWork.js","invokePassiveEffectMountInDEV","function",true,"packages/React/src/react-reconciler/ReactFiberCommitWork.cpp","not-started"
"reactjs/packages/react-reconciler/src/ReactFiberCommitWork.js","invokeLayoutEffectUnmountInDEV","function",true,"packages/React/src/react-reconciler/ReactFiberCommitWork.cpp","not-started"
"reactjs/packages/react-reconciler/src/ReactFiberCommitWork.js","invokePassiveEffectUnmountInDEV","function",true,"packages/React/src/react-reconciler/ReactFiberCommitWork.cpp","not-started"
"reactjs/packages/react-reconciler/src/ReactFiberCompleteWork.js","markUpdate","function",false,"packages/React/src/react-reconciler/ReactFiberCompleteWork.cpp","not-started"
"reactjs/packages/react-reconciler/src/ReactFiberCompleteWork.js","markCloned","function",false,"packages/React/src/react-reconciler/ReactFiberCompleteWork.cpp","not-started"
"reactjs/packages/react-reconciler/src/ReactFiberCompleteWork.js","doesRequireClone","function",false,"packages/React/src/react-reconciler/ReactFiberCompleteWork.cpp","not-started"
"reactjs/packages/react-reconciler/src/ReactFiberCompleteWork.js","appendAllChildren","function",false,"packages/React/src/react-reconciler/ReactFiberCompleteWork.cpp","not-started"
"reactjs/packages/react-reconciler/src/ReactFiberCompleteWork.js","appendAllChildrenToContainer","function",false,"packages/React/src/react-reconciler/ReactFiberCompleteWork.cpp","not-started"
"reactjs/packages/react-reconciler/src/ReactFiberCompleteWork.js","hasOffscreenComponentChild","const-export",false,"packages/React/src/react-reconciler/ReactFiberCompleteWork.cpp","not-started"
"reactjs/packages/react-reconciler/src/ReactFiberCompleteWork.js","updateHostContainer","function",false,"packages/React/src/react-reconciler/ReactFiberCompleteWork.cpp","not-started"
"reactjs/packages/react-reconciler/src/ReactFiberCompleteWork.js","updateHostComponent","function",false,"packages/React/src/react-reconciler/ReactFiberCompleteWork.cpp","not-started"
"reactjs/packages/react-reconciler/src/ReactFiberCompleteWork.js","hasOffscreenComponentChild","const-export",false,"packages/React/src/react-reconciler/ReactFiberCompleteWork.cpp","not-started"
"reactjs/packages/react-reconciler/src/ReactFiberCompleteWork.js","preloadInstanceAndSuspendIfNeeded","function",false,"packages/React/src/react-reconciler/ReactFiberCompleteWork.cpp","not-started"
"reactjs/packages/react-reconciler/src/ReactFiberCompleteWork.js","preloadResourceAndSuspendIfNeeded","function",false,"packages/React/src/react-reconciler/ReactFiberCompleteWork.cpp","not-started"
"reactjs/packages/react-reconciler/src/ReactFiberCompleteWork.js","scheduleRetryEffect","function",false,"packages/React/src/react-reconciler/ReactFiberCompleteWork.cpp","not-started"
"reactjs/packages/react-reconciler/src/ReactFiberCompleteWork.js","updateHostText","function",false,"packages/React/src/react-reconciler/ReactFiberCompleteWork.cpp","not-started"
"reactjs/packages/react-reconciler/src/ReactFiberCompleteWork.js","cutOffTailIfNeeded","function",false,"packages/React/src/react-reconciler/ReactFiberCompleteWork.cpp","not-started"
"reactjs/packages/react-reconciler/src/ReactFiberCompleteWork.js","bubbleProperties","function",false,"packages/React/src/react-reconciler/ReactFiberCompleteWork.cpp","not-started"
"reactjs/packages/react-reconciler/src/ReactFiberCompleteWork.js","completeDehydratedActivityBoundary","function",false,"packages/React/src/react-reconciler/ReactFiberCompleteWork.cpp","not-started"
"reactjs/packages/react-reconciler/src/ReactFiberCompleteWork.js","isTimedOutSuspense","const-export",false,"packages/React/src/react-reconciler/ReactFiberCompleteWork.cpp","not-started"
"reactjs/packages/react-reconciler/src/ReactFiberCompleteWork.js","isTimedOutSuspense","const-export",false,"packages/React/src/react-reconciler/ReactFiberCompleteWork.cpp","not-started"
"reactjs/packages/react-reconciler/src/ReactFiberCompleteWork.js","completeDehydratedSuspenseBoundary","function",false,"packages/React/src/react-reconciler/ReactFiberCompleteWork.cpp","not-started"
"reactjs/packages/react-reconciler/src/ReactFiberCompleteWork.js","isTimedOutSuspense","const-export",false,"packages/React/src/react-reconciler/ReactFiberCompleteWork.cpp","not-started"
"reactjs/packages/react-reconciler/src/ReactFiberCompleteWork.js","isTimedOutSuspense","const-export",false,"packages/React/src/react-reconciler/ReactFiberCompleteWork.cpp","not-started"
"reactjs/packages/react-reconciler/src/ReactFiberCompleteWork.js","completeWork","function",false,"packages/React/src/react-reconciler/ReactFiberCompleteWork.cpp","not-started"
"reactjs/packages/react-reconciler/src/ReactFiberCompleteWork.js","nextDidTimeout","const-export",false,"packages/React/src/react-reconciler/ReactFiberCompleteWork.cpp","not-started"
"reactjs/packages/react-reconciler/src/ReactFiberCompleteWork.js","didSuspendAlready","const-export",false,"packages/React/src/react-reconciler/ReactFiberCompleteWork.cpp","not-started"
"reactjs/packages/react-reconciler/src/ReactFiberCompleteWork.js","nextIsHidden","const-export",false,"packages/React/src/react-reconciler/ReactFiberCompleteWork.cpp","not-started"
"reactjs/packages/react-reconciler/src/ReactFiberCompleteWork.js","prevIsHidden","const-export",false,"packages/React/src/react-reconciler/ReactFiberCompleteWork.cpp","not-started"
"reactjs/packages/react-reconciler/src/ReactFiberCompleteWork.js","completeWork","variable-export",true,"packages/React/src/react-reconciler/ReactFiberCompleteWork.cpp","not-started"
"reactjs/packages/react-reconciler/src/ReactFiberComponentStack.js","describeFiber","function",false,"packages/React/src/react-reconciler/ReactFiberComponentStack.cpp","not-started"
"reactjs/packages/react-reconciler/src/ReactFiberComponentStack.js","getStackByFiberInDevAndProd","function",true,"packages/React/src/react-reconciler/ReactFiberComponentStack.cpp","not-started"
"reactjs/packages/react-reconciler/src/ReactFiberComponentStack.js","info","const-export",false,"packages/React/src/react-reconciler/ReactFiberComponentStack.cpp","not-started"
"reactjs/packages/react-reconciler/src/ReactFiberComponentStack.js","i","const-export",false,"packages/React/src/react-reconciler/ReactFiberComponentStack.cpp","not-started"
"reactjs/packages/react-reconciler/src/ReactFiberComponentStack.js","describeFunctionComponentFrameWithoutLineNumber","function",false,"packages/React/src/react-reconciler/ReactFiberComponentStack.cpp","not-started"
"reactjs/packages/react-reconciler/src/ReactFiberComponentStack.js","getOwnerStackByFiberInDev","function",true,"packages/React/src/react-reconciler/ReactFiberComponentStack.cpp","not-started"
"reactjs/packages/react-reconciler/src/ReactFiberComponentStack.js","info","const-export",false,"packages/React/src/react-reconciler/ReactFiberComponentStack.cpp","not-started"
"reactjs/packages/react-reconciler/src/ReactFiberConcurrentUpdates.js","ConcurrentUpdate","type-export",true,"packages/React/src/react-reconciler/ReactFiberConcurrentUpdates.h","not-started"
"reactjs/packages/react-reconciler/src/ReactFiberConcurrentUpdates.js","concurrentQueuesIndex","const-export",false,"packages/React/src/react-reconciler/ReactFiberConcurrentUpdates.cpp","not-started"
"reactjs/packages/react-reconciler/src/ReactFiberConcurrentUpdates.js","finishQueueingConcurrentUpdates","function",true,"packages/React/src/react-reconciler/ReactFiberConcurrentUpdates.cpp","not-started"
"reactjs/packages/react-reconciler/src/ReactFiberConcurrentUpdates.js","i","const-export",false,"packages/React/src/react-reconciler/ReactFiberConcurrentUpdates.cpp","not-started"
"reactjs/packages/react-reconciler/src/ReactFiberConcurrentUpdates.js","getConcurrentlyUpdatedLanes","function",true,"packages/React/src/react-reconciler/ReactFiberConcurrentUpdates.cpp","not-started"
"reactjs/packages/react-reconciler/src/ReactFiberConcurrentUpdates.js","enqueueUpdate","function",false,"packages/React/src/react-reconciler/ReactFiberConcurrentUpdates.cpp","not-started"
"reactjs/packages/react-reconciler/src/ReactFiberConcurrentUpdates.js","enqueueConcurrentHookUpdate","function",true,"packages/React/src/react-reconciler/ReactFiberConcurrentUpdates.cpp","not-started"
"reactjs/packages/react-reconciler/src/ReactFiberConcurrentUpdates.js","enqueueConcurrentHookUpdateAndEagerlyBailout","function",true,"packages/React/src/react-reconciler/ReactFiberConcurrentUpdates.cpp","not-started"
"reactjs/packages/react-reconciler/src/ReactFiberConcurrentUpdates.js","isConcurrentlyRendering","const-export",false,"packages/React/src/react-reconciler/ReactFiberConcurrentUpdates.cpp","not-started"
"reactjs/packages/react-reconciler/src/ReactFiberConcurrentUpdates.js","enqueueConcurrentClassUpdate","function",true,"packages/React/src/react-reconciler/ReactFiberConcurrentUpdates.cpp","not-started"
"reactjs/packages/react-reconciler/src/ReactFiberConcurrentUpdates.js","enqueueConcurrentRenderForLane","function",true,"packages/React/src/react-reconciler/ReactFiberConcurrentUpdates.cpp","not-started"
"reactjs/packages/react-reconciler/src/ReactFiberConcurrentUpdates.js","unsafe_markUpdateLaneFromFiberToRoot","function",true,"packages/React/src/react-reconciler/ReactFiberConcurrentUpdates.cpp","not-started"
"reactjs/packages/react-reconciler/src/ReactFiberConcurrentUpdates.js","markUpdateLaneFromFiberToRoot","function",false,"packages/React/src/react-reconciler/ReactFiberConcurrentUpdates.cpp","not-started"
"reactjs/packages/react-reconciler/src/ReactFiberConcurrentUpdates.js","isHidden","const-export",false,"packages/React/src/react-reconciler/ReactFiberConcurrentUpdates.cpp","not-started"
"reactjs/packages/react-reconciler/src/ReactFiberConcurrentUpdates.js","getRootForUpdatedFiber","function",false,"packages/React/src/react-reconciler/ReactFiberConcurrentUpdates.cpp","not-started"
"reactjs/packages/react-reconciler/src/ReactFiberConcurrentUpdates.js","detectUpdateOnUnmountedFiber","function",false,"packages/React/src/react-reconciler/ReactFiberConcurrentUpdates.cpp","not-started"
"reactjs/packages/react-reconciler/src/ReactFiberConfigWithNoHydration.js","shim","function",false,"packages/React/src/react-reconciler/ReactFiberConfigWithNoHydration.cpp","not-started"
"reactjs/packages/react-reconciler/src/ReactFiberConfigWithNoHydration.js","ActivityInstance","type-export",true,"packages/React/src/react-reconciler/ReactFiberConfigWithNoHydration.h","not-started"
"reactjs/packages/react-reconciler/src/ReactFiberConfigWithNoHydration.js","SuspenseInstance","type-export",true,"packages/React/src/react-reconciler/ReactFiberConfigWithNoHydration.h","not-started"
"reactjs/packages/react-reconciler/src/ReactFiberConfigWithNoHydration.js","supportsHydration","const-export",true,"packages/React/src/react-reconciler/ReactFiberConfigWithNoHydration.cpp","not-started"
"reactjs/packages/react-reconciler/src/ReactFiberConfigWithNoHydration.js","isSuspenseInstancePending","variable-export",true,"packages/React/src/react-reconciler/ReactFiberConfigWithNoHydration.cpp","not-started"
"reactjs/packages/react-reconciler/src/ReactFiberConfigWithNoHydration.js","isSuspenseInstanceFallback","variable-export",true,"packages/React/src/react-reconciler/ReactFiberConfigWithNoHydration.cpp","not-started"
"reactjs/packages/react-reconciler/src/ReactFiberConfigWithNoHydration.js","getSuspenseInstanceFallbackErrorDetails","variable-export",true,"packages/React/src/react-reconciler/ReactFiberConfigWithNoHydration.cpp","not-started"
"reactjs/packages/react-reconciler/src/ReactFiberConfigWithNoHydration.js","registerSuspenseInstanceRetry","variable-export",true,"packages/React/src/react-reconciler/ReactFiberConfigWithNoHydration.cpp","not-started"
"reactjs/packages/react-reconciler/src/ReactFiberConfigWithNoHydration.js","canHydrateFormStateMarker","variable-export",true,"packages/React/src/react-reconciler/ReactFiberConfigWithNoHydration.cpp","not-started"
"reactjs/packages/react-reconciler/src/ReactFiberConfigWithNoHydration.js","isFormStateMarkerMatching","variable-export",true,"packages/React/src/react-reconciler/ReactFiberConfigWithNoHydration.cpp","not-started"
"reactjs/packages/react-reconciler/src/ReactFiberConfigWithNoHydration.js","getNextHydratableSibling","variable-export",true,"packages/React/src/react-reconciler/ReactFiberConfigWithNoHydration.cpp","not-started"
"reactjs/packages/react-reconciler/src/ReactFiberConfigWithNoHydration.js","getNextHydratableSiblingAfterSingleton","variable-export",true,"packages/React/src/react-reconciler/ReactFiberConfigWithNoHydration.cpp","not-started"
"reactjs/packages/react-reconciler/src/ReactFiberConfigWithNoHydration.js","getFirstHydratableChild","variable-export",true,"packages/React/src/react-reconciler/ReactFiberConfigWithNoHydration.cpp","not-started"
"reactjs/packages/react-reconciler/src/ReactFiberConfigWithNoHydration.js","getFirstHydratableChildWithinContainer","variable-export",true,"packages/React/src/react-reconciler/ReactFiberConfigWithNoHydration.cpp","not-started"
"reactjs/packages/react-reconciler/src/ReactFiberConfigWithNoHydration.js","getFirstHydratableChildWithinActivityInstance","variable-export",true,"packages/React/src/react-reconciler/ReactFiberConfigWithNoHydration.cpp","not-started"
"reactjs/packages/react-reconciler/src/ReactFiberConfigWithNoHydration.js","getFirstHydratableChildWithinSuspenseInstance","variable-export",true,"packages/React/src/react-reconciler/ReactFiberConfigWithNoHydration.cpp","not-started"
"reactjs/packages/react-reconciler/src/ReactFiberConfigWithNoHydration.js","getFirstHydratableChildWithinSingleton","variable-export",true,"packages/React/src/react-reconciler/ReactFiberConfigWithNoHydration.cpp","not-started"
"reactjs/packages/react-reconciler/src/ReactFiberConfigWithNoHydration.js","canHydrateInstance","variable-export",true,"packages/React/src/react-reconciler/ReactFiberConfigWithNoHydration.cpp","not-started"
"reactjs/packages/react-reconciler/src/ReactFiberConfigWithNoHydration.js","canHydrateTextInstance","variable-export",true,"packages/React/src/react-reconciler/ReactFiberConfigWithNoHydration.cpp","not-started"
"reactjs/packages/react-reconciler/src/ReactFiberConfigWithNoHydration.js","canHydrateActivityInstance","variable-export",true,"packages/React/src/react-reconciler/ReactFiberConfigWithNoHydration.cpp","not-started"
"reactjs/packages/react-reconciler/src/ReactFiberConfigWithNoHydration.js","canHydrateSuspenseInstance","variable-export",true,"packages/React/src/react-reconciler/ReactFiberConfigWithNoHydration.cpp","not-started"
"reactjs/packages/react-reconciler/src/ReactFiberConfigWithNoHydration.js","hydrateInstance","variable-export",true,"packages/React/src/react-reconciler/ReactFiberConfigWithNoHydration.cpp","not-started"
"reactjs/packages/react-reconciler/src/ReactFiberConfigWithNoHydration.js","hydrateTextInstance","variable-export",true,"packages/React/src/react-reconciler/ReactFiberConfigWithNoHydration.cpp","not-started"
"reactjs/packages/react-reconciler/src/ReactFiberConfigWithNoHydration.js","hydrateActivityInstance","variable-export",true,"packages/React/src/react-reconciler/ReactFiberConfigWithNoHydration.cpp","not-started"
"reactjs/packages/react-reconciler/src/ReactFiberConfigWithNoHydration.js","hydrateSuspenseInstance","variable-export",true,"packages/React/src/react-reconciler/ReactFiberConfigWithNoHydration.cpp","not-started"
"reactjs/packages/react-reconciler/src/ReactFiberConfigWithNoHydration.js","getNextHydratableInstanceAfterActivityInstance","variable-export",true,"packages/React/src/react-reconciler/ReactFiberConfigWithNoHydration.cpp","not-started"
"reactjs/packages/react-reconciler/src/ReactFiberConfigWithNoHydration.js","getNextHydratableInstanceAfterSuspenseInstance","variable-export",true,"packages/React/src/react-reconciler/ReactFiberConfigWithNoHydration.cpp","not-started"
"reactjs/packages/react-reconciler/src/ReactFiberConfigWithNoHydration.js","finalizeHydratedChildren","variable-export",true,"packages/React/src/react-reconciler/ReactFiberConfigWithNoHydration.cpp","not-started"
"reactjs/packages/react-reconciler/src/ReactFiberConfigWithNoHydration.js","commitHydratedInstance","variable-export",true,"packages/React/src/react-reconciler/ReactFiberConfigWithNoHydration.cpp","not-started"
"reactjs/packages/react-reconciler/src/ReactFiberConfigWithNoHydration.js","commitHydratedContainer","variable-export",true,"packages/React/src/react-reconciler/ReactFiberConfigWithNoHydration.cpp","not-started"
"reactjs/packages/react-reconciler/src/ReactFiberConfigWithNoHydration.js","commitHydratedActivityInstance","variable-export",true,"packages/React/src/react-reconciler/ReactFiberConfigWithNoHydration.cpp","not-started"
"reactjs/packages/react-reconciler/src/ReactFiberConfigWithNoHydration.js","commitHydratedSuspenseInstance","variable-export",true,"packages/React/src/react-reconciler/ReactFiberConfigWithNoHydration.cpp","not-started"
"reactjs/packages/react-reconciler/src/ReactFiberConfigWithNoHydration.js","flushHydrationEvents","variable-export",true,"packages/React/src/react-reconciler/ReactFiberConfigWithNoHydration.cpp","not-started"
"reactjs/packages/react-reconciler/src/ReactFiberConfigWithNoHydration.js","clearActivityBoundary","variable-export",true,"packages/React/src/react-reconciler/ReactFiberConfigWithNoHydration.cpp","not-started"
"reactjs/packages/react-reconciler/src/ReactFiberConfigWithNoHydration.js","clearSuspenseBoundary","variable-export",true,"packages/React/src/react-reconciler/ReactFiberConfigWithNoHydration.cpp","not-started"
"reactjs/packages/react-reconciler/src/ReactFiberConfigWithNoHydration.js","clearActivityBoundaryFromContainer","variable-export",true,"packages/React/src/react-reconciler/ReactFiberConfigWithNoHydration.cpp","not-started"
"reactjs/packages/react-reconciler/src/ReactFiberConfigWithNoHydration.js","clearSuspenseBoundaryFromContainer","variable-export",true,"packages/React/src/react-reconciler/ReactFiberConfigWithNoHydration.cpp","not-started"
"reactjs/packages/react-reconciler/src/ReactFiberConfigWithNoHydration.js","hideDehydratedBoundary","variable-export",true,"packages/React/src/react-reconciler/ReactFiberConfigWithNoHydration.cpp","not-started"
"reactjs/packages/react-reconciler/src/ReactFiberConfigWithNoHydration.js","unhideDehydratedBoundary","variable-export",true,"packages/React/src/react-reconciler/ReactFiberConfigWithNoHydration.cpp","not-started"
"reactjs/packages/react-reconciler/src/ReactFiberConfigWithNoHydration.js","shouldDeleteUnhydratedTailInstances","variable-export",true,"packages/React/src/react-reconciler/ReactFiberConfigWithNoHydration.cpp","not-started"
"reactjs/packages/react-reconciler/src/ReactFiberConfigWithNoHydration.js","diffHydratedPropsForDevWarnings","variable-export",true,"packages/React/src/react-reconciler/ReactFiberConfigWithNoHydration.cpp","not-started"
"reactjs/packages/react-reconciler/src/ReactFiberConfigWithNoHydration.js","diffHydratedTextForDevWarnings","variable-export",true,"packages/React/src/react-reconciler/ReactFiberConfigWithNoHydration.cpp","not-started"
"reactjs/packages/react-reconciler/src/ReactFiberConfigWithNoHydration.js","describeHydratableInstanceForDevWarnings","variable-export",true,"packages/React/src/react-reconciler/ReactFiberConfigWithNoHydration.cpp","not-started"
"reactjs/packages/react-reconciler/src/ReactFiberConfigWithNoHydration.js","validateHydratableInstance","variable-export",true,"packages/React/src/react-reconciler/ReactFiberConfigWithNoHydration.cpp","not-started"
"reactjs/packages/react-reconciler/src/ReactFiberConfigWithNoHydration.js","validateHydratableTextInstance","variable-export",true,"packages/React/src/react-reconciler/ReactFiberConfigWithNoHydration.cpp","not-started"
"reactjs/packages/react-reconciler/src/ReactFiberConfigWithNoMicrotasks.js","shim","function",false,"packages/React/src/react-reconciler/ReactFiberConfigWithNoMicrotasks.cpp","not-started"
"reactjs/packages/react-reconciler/src/ReactFiberConfigWithNoMicrotasks.js","supportsMicrotasks","const-export",true,"packages/React/src/react-reconciler/ReactFiberConfigWithNoMicrotasks.cpp","not-started"
"reactjs/packages/react-reconciler/src/ReactFiberConfigWithNoMicrotasks.js","scheduleMicrotask","variable-export",true,"packages/React/src/react-reconciler/ReactFiberConfigWithNoMicrotasks.cpp","not-started"
"reactjs/packages/react-reconciler/src/ReactFiberConfigWithNoMutation.js","shim","function",false,"packages/React/src/react-reconciler/ReactFiberConfigWithNoMutation.cpp","not-started"
"reactjs/packages/react-reconciler/src/ReactFiberConfigWithNoMutation.js","supportsMutation","const-export",true,"packages/React/src/react-reconciler/ReactFiberConfigWithNoMutation.cpp","not-started"
"reactjs/packages/react-reconciler/src/ReactFiberConfigWithNoMutation.js","cloneMutableInstance","variable-export",true,"packages/React/src/react-reconciler/ReactFiberConfigWithNoMutation.cpp","not-started"
"reactjs/packages/react-reconciler/src/ReactFiberConfigWithNoMutation.js","cloneMutableTextInstance","variable-export",true,"packages/React/src/react-reconciler/ReactFiberConfigWithNoMutation.cpp","not-started"
"reactjs/packages/react-reconciler/src/ReactFiberConfigWithNoMutation.js","appendChild","variable-export",true,"packages/React/src/react-reconciler/ReactFiberConfigWithNoMutation.cpp","not-started"
"reactjs/packages/react-reconciler/src/ReactFiberConfigWithNoMutation.js","appendChildToContainer","variable-export",true,"packages/React/src/react-reconciler/ReactFiberConfigWithNoMutation.cpp","not-started"
"reactjs/packages/react-reconciler/src/ReactFiberConfigWithNoMutation.js","commitTextUpdate","variable-export",true,"packages/React/src/react-reconciler/ReactFiberConfigWithNoMutation.cpp","not-started"
"reactjs/packages/react-reconciler/src/ReactFiberConfigWithNoMutation.js","commitMount","variable-export",true,"packages/React/src/react-reconciler/ReactFiberConfigWithNoMutation.cpp","not-started"
"reactjs/packages/react-reconciler/src/ReactFiberConfigWithNoMutation.js","commitUpdate","variable-export",true,"packages/React/src/react-reconciler/ReactFiberConfigWithNoMutation.cpp","not-started"
"reactjs/packages/react-reconciler/src/ReactFiberConfigWithNoMutation.js","insertBefore","variable-export",true,"packages/React/src/react-reconciler/ReactFiberConfigWithNoMutation.cpp","not-started"
"reactjs/packages/react-reconciler/src/ReactFiberConfigWithNoMutation.js","insertInContainerBefore","variable-export",true,"packages/React/src/react-reconciler/ReactFiberConfigWithNoMutation.cpp","not-started"
"reactjs/packages/react-reconciler/src/ReactFiberConfigWithNoMutation.js","removeChild","variable-export",true,"packages/React/src/react-reconciler/ReactFiberConfigWithNoMutation.cpp","not-started"
"reactjs/packages/react-reconciler/src/ReactFiberConfigWithNoMutation.js","removeChildFromContainer","variable-export",true,"packages/React/src/react-reconciler/ReactFiberConfigWithNoMutation.cpp","not-started"
"reactjs/packages/react-reconciler/src/ReactFiberConfigWithNoMutation.js","resetTextContent","variable-export",true,"packages/React/src/react-reconciler/ReactFiberConfigWithNoMutation.cpp","not-started"
"reactjs/packages/react-reconciler/src/ReactFiberConfigWithNoMutation.js","hideInstance","variable-export",true,"packages/React/src/react-reconciler/ReactFiberConfigWithNoMutation.cpp","not-started"
"reactjs/packages/react-reconciler/src/ReactFiberConfigWithNoMutation.js","hideTextInstance","variable-export",true,"packages/React/src/react-reconciler/ReactFiberConfigWithNoMutation.cpp","not-started"
"reactjs/packages/react-reconciler/src/ReactFiberConfigWithNoMutation.js","unhideInstance","variable-export",true,"packages/React/src/react-reconciler/ReactFiberConfigWithNoMutation.cpp","not-started"
"reactjs/packages/react-reconciler/src/ReactFiberConfigWithNoMutation.js","unhideTextInstance","variable-export",true,"packages/React/src/react-reconciler/ReactFiberConfigWithNoMutation.cpp","not-started"
"reactjs/packages/react-reconciler/src/ReactFiberConfigWithNoMutation.js","clearContainer","variable-export",true,"packages/React/src/react-reconciler/ReactFiberConfigWithNoMutation.cpp","not-started"
"reactjs/packages/react-reconciler/src/ReactFiberConfigWithNoMutation.js","applyViewTransitionName","variable-export",true,"packages/React/src/react-reconciler/ReactFiberConfigWithNoMutation.cpp","not-started"
"reactjs/packages/react-reconciler/src/ReactFiberConfigWithNoMutation.js","restoreViewTransitionName","variable-export",true,"packages/React/src/react-reconciler/ReactFiberConfigWithNoMutation.cpp","not-started"
"reactjs/packages/react-reconciler/src/ReactFiberConfigWithNoMutation.js","cancelViewTransitionName","variable-export",true,"packages/React/src/react-reconciler/ReactFiberConfigWithNoMutation.cpp","not-started"
"reactjs/packages/react-reconciler/src/ReactFiberConfigWithNoMutation.js","cancelRootViewTransitionName","variable-export",true,"packages/React/src/react-reconciler/ReactFiberConfigWithNoMutation.cpp","not-started"
"reactjs/packages/react-reconciler/src/ReactFiberConfigWithNoMutation.js","restoreRootViewTransitionName","variable-export",true,"packages/React/src/react-reconciler/ReactFiberConfigWithNoMutation.cpp","not-started"
"reactjs/packages/react-reconciler/src/ReactFiberConfigWithNoMutation.js","cloneRootViewTransitionContainer","variable-export",true,"packages/React/src/react-reconciler/ReactFiberConfigWithNoMutation.cpp","not-started"
"reactjs/packages/react-reconciler/src/ReactFiberConfigWithNoMutation.js","removeRootViewTransitionClone","variable-export",true,"packages/React/src/react-reconciler/ReactFiberConfigWithNoMutation.cpp","not-started"
"reactjs/packages/react-reconciler/src/ReactFiberConfigWithNoMutation.js","InstanceMeasurement","type-export",true,"packages/React/src/react-reconciler/ReactFiberConfigWithNoMutation.h","not-started"
"reactjs/packages/react-reconciler/src/ReactFiberConfigWithNoMutation.js","measureInstance","variable-export",true,"packages/React/src/react-reconciler/ReactFiberConfigWithNoMutation.cpp","not-started"
"reactjs/packages/react-reconciler/src/ReactFiberConfigWithNoMutation.js","measureClonedInstance","variable-export",true,"packages/React/src/react-reconciler/ReactFiberConfigWithNoMutation.cpp","not-started"
"reactjs/packages/react-reconciler/src/ReactFiberConfigWithNoMutation.js","wasInstanceInViewport","variable-export",true,"packages/React/src/react-reconciler/ReactFiberConfigWithNoMutation.cpp","not-started"
"reactjs/packages/react-reconciler/src/ReactFiberConfigWithNoMutation.js","hasInstanceChanged","variable-export",true,"packages/React/src/react-reconciler/ReactFiberConfigWithNoMutation.cpp","not-started"
"reactjs/packages/react-reconciler/src/ReactFiberConfigWithNoMutation.js","hasInstanceAffectedParent","variable-export",true,"packages/React/src/react-reconciler/ReactFiberConfigWithNoMutation.cpp","not-started"
"reactjs/packages/react-reconciler/src/ReactFiberConfigWithNoMutation.js","startViewTransition","variable-export",true,"packages/React/src/react-reconciler/ReactFiberConfigWithNoMutation.cpp","not-started"
"reactjs/packages/react-reconciler/src/ReactFiberConfigWithNoMutation.js","RunningViewTransition","type-export",true,"packages/React/src/react-reconciler/ReactFiberConfigWithNoMutation.h","not-started"
"reactjs/packages/react-reconciler/src/ReactFiberConfigWithNoMutation.js","startGestureTransition","variable-export",true,"packages/React/src/react-reconciler/ReactFiberConfigWithNoMutation.cpp","not-started"
"reactjs/packages/react-reconciler/src/ReactFiberConfigWithNoMutation.js","stopViewTransition","variable-export",true,"packages/React/src/react-reconciler/ReactFiberConfigWithNoMutation.cpp","not-started"
"reactjs/packages/react-reconciler/src/ReactFiberConfigWithNoMutation.js","ViewTransitionInstance","type-export",true,"packages/React/src/react-reconciler/ReactFiberConfigWithNoMutation.h","not-started"
"reactjs/packages/react-reconciler/src/ReactFiberConfigWithNoMutation.js","createViewTransitionInstance","variable-export",true,"packages/React/src/react-reconciler/ReactFiberConfigWithNoMutation.cpp","not-started"
"reactjs/packages/react-reconciler/src/ReactFiberConfigWithNoMutation.js","GestureTimeline","type-export",true,"packages/React/src/react-reconciler/ReactFiberConfigWithNoMutation.h","not-started"
"reactjs/packages/react-reconciler/src/ReactFiberConfigWithNoMutation.js","getCurrentGestureOffset","variable-export",true,"packages/React/src/react-reconciler/ReactFiberConfigWithNoMutation.cpp","not-started"
"reactjs/packages/react-reconciler/src/ReactFiberConfigWithNoPersistence.js","shim","function",false,"packages/React/src/react-reconciler/ReactFiberConfigWithNoPersistence.cpp","not-started"
"reactjs/packages/react-reconciler/src/ReactFiberConfigWithNoPersistence.js","supportsPersistence","const-export",true,"packages/React/src/react-reconciler/ReactFiberConfigWithNoPersistence.cpp","not-started"
"reactjs/packages/react-reconciler/src/ReactFiberConfigWithNoPersistence.js","cloneInstance","variable-export",true,"packages/React/src/react-reconciler/ReactFiberConfigWithNoPersistence.cpp","not-started"
"reactjs/packages/react-reconciler/src/ReactFiberConfigWithNoPersistence.js","createContainerChildSet","variable-export",true,"packages/React/src/react-reconciler/ReactFiberConfigWithNoPersistence.cpp","not-started"
"reactjs/packages/react-reconciler/src/ReactFiberConfigWithNoPersistence.js","appendChildToContainerChildSet","variable-export",true,"packages/React/src/react-reconciler/ReactFiberConfigWithNoPersistence.cpp","not-started"
"reactjs/packages/react-reconciler/src/ReactFiberConfigWithNoPersistence.js","finalizeContainerChildren","variable-export",true,"packages/React/src/react-reconciler/ReactFiberConfigWithNoPersistence.cpp","not-started"
"reactjs/packages/react-reconciler/src/ReactFiberConfigWithNoPersistence.js","replaceContainerChildren","variable-export",true,"packages/React/src/react-reconciler/ReactFiberConfigWithNoPersistence.cpp","not-started"
"reactjs/packages/react-reconciler/src/ReactFiberConfigWithNoPersistence.js","cloneHiddenInstance","variable-export",true,"packages/React/src/react-reconciler/ReactFiberConfigWithNoPersistence.cpp","not-started"
"reactjs/packages/react-reconciler/src/ReactFiberConfigWithNoPersistence.js","cloneHiddenTextInstance","variable-export",true,"packages/React/src/react-reconciler/ReactFiberConfigWithNoPersistence.cpp","not-started"
"reactjs/packages/react-reconciler/src/ReactFiberConfigWithNoResources.js","shim","function",false,"packages/React/src/react-reconciler/ReactFiberConfigWithNoResources.cpp","not-started"
"reactjs/packages/react-reconciler/src/ReactFiberConfigWithNoResources.js","HoistableRoot","type-export",true,"packages/React/src/react-reconciler/ReactFiberConfigWithNoResources.h","not-started"
"reactjs/packages/react-reconciler/src/ReactFiberConfigWithNoResources.js","Resource","type-export",true,"packages/React/src/react-reconciler/ReactFiberConfigWithNoResources.h","not-started"
"reactjs/packages/react-reconciler/src/ReactFiberConfigWithNoResources.js","supportsResources","const-export",true,"packages/React/src/react-reconciler/ReactFiberConfigWithNoResources.cpp","not-started"
"reactjs/packages/react-reconciler/src/ReactFiberConfigWithNoResources.js","isHostHoistableType","variable-export",true,"packages/React/src/react-reconciler/ReactFiberConfigWithNoResources.cpp","not-started"
"reactjs/packages/react-reconciler/src/ReactFiberConfigWithNoResources.js","getHoistableRoot","variable-export",true,"packages/React/src/react-reconciler/ReactFiberConfigWithNoResources.cpp","not-started"
"reactjs/packages/react-reconciler/src/ReactFiberConfigWithNoResources.js","getResource","variable-export",true,"packages/React/src/react-reconciler/ReactFiberConfigWithNoResources.cpp","not-started"
"reactjs/packages/react-reconciler/src/ReactFiberConfigWithNoResources.js","acquireResource","variable-export",true,"packages/React/src/react-reconciler/ReactFiberConfigWithNoResources.cpp","not-started"
"reactjs/packages/react-reconciler/src/ReactFiberConfigWithNoResources.js","releaseResource","variable-export",true,"packages/React/src/react-reconciler/ReactFiberConfigWithNoResources.cpp","not-started"
"reactjs/packages/react-reconciler/src/ReactFiberConfigWithNoResources.js","hydrateHoistable","variable-export",true,"packages/React/src/react-reconciler/ReactFiberConfigWithNoResources.cpp","not-started"
"reactjs/packages/react-reconciler/src/ReactFiberConfigWithNoResources.js","mountHoistable","variable-export",true,"packages/React/src/react-reconciler/ReactFiberConfigWithNoResources.cpp","not-started"
"reactjs/packages/react-reconciler/src/ReactFiberConfigWithNoResources.js","unmountHoistable","variable-export",true,"packages/React/src/react-reconciler/ReactFiberConfigWithNoResources.cpp","not-started"
"reactjs/packages/react-reconciler/src/ReactFiberConfigWithNoResources.js","createHoistableInstance","variable-export",true,"packages/React/src/react-reconciler/ReactFiberConfigWithNoResources.cpp","not-started"
"reactjs/packages/react-reconciler/src/ReactFiberConfigWithNoResources.js","prepareToCommitHoistables","variable-export",true,"packages/React/src/react-reconciler/ReactFiberConfigWithNoResources.cpp","not-started"
"reactjs/packages/react-reconciler/src/ReactFiberConfigWithNoResources.js","mayResourceSuspendCommit","variable-export",true,"packages/React/src/react-reconciler/ReactFiberConfigWithNoResources.cpp","not-started"
"reactjs/packages/react-reconciler/src/ReactFiberConfigWithNoResources.js","preloadResource","variable-export",true,"packages/React/src/react-reconciler/ReactFiberConfigWithNoResources.cpp","not-started"
"reactjs/packages/react-reconciler/src/ReactFiberConfigWithNoResources.js","suspendResource","variable-export",true,"packages/React/src/react-reconciler/ReactFiberConfigWithNoResources.cpp","not-started"
"reactjs/packages/react-reconciler/src/ReactFiberConfigWithNoScopes.js","shim","function",false,"packages/React/src/react-reconciler/ReactFiberConfigWithNoScopes.cpp","not-started"
"reactjs/packages/react-reconciler/src/ReactFiberConfigWithNoScopes.js","prepareScopeUpdate","variable-export",true,"packages/React/src/react-reconciler/ReactFiberConfigWithNoScopes.cpp","not-started"
"reactjs/packages/react-reconciler/src/ReactFiberConfigWithNoScopes.js","getInstanceFromScope","variable-export",true,"packages/React/src/react-reconciler/ReactFiberConfigWithNoScopes.cpp","not-started"
"reactjs/packages/react-reconciler/src/ReactFiberConfigWithNoSingletons.js","shim","function",false,"packages/React/src/react-reconciler/ReactFiberConfigWithNoSingletons.cpp","not-started"
"reactjs/packages/react-reconciler/src/ReactFiberConfigWithNoSingletons.js","supportsSingletons","const-export",true,"packages/React/src/react-reconciler/ReactFiberConfigWithNoSingletons.cpp","not-started"
"reactjs/packages/react-reconciler/src/ReactFiberConfigWithNoSingletons.js","resolveSingletonInstance","variable-export",true,"packages/React/src/react-reconciler/ReactFiberConfigWithNoSingletons.cpp","not-started"
"reactjs/packages/react-reconciler/src/ReactFiberConfigWithNoSingletons.js","acquireSingletonInstance","variable-export",true,"packages/React/src/react-reconciler/ReactFiberConfigWithNoSingletons.cpp","not-started"
"reactjs/packages/react-reconciler/src/ReactFiberConfigWithNoSingletons.js","releaseSingletonInstance","variable-export",true,"packages/React/src/react-reconciler/ReactFiberConfigWithNoSingletons.cpp","not-started"
"reactjs/packages/react-reconciler/src/ReactFiberConfigWithNoSingletons.js","isHostSingletonType","variable-export",true,"packages/React/src/react-reconciler/ReactFiberConfigWithNoSingletons.cpp","not-started"
"reactjs/packages/react-reconciler/src/ReactFiberConfigWithNoSingletons.js","isSingletonScope","variable-export",true,"packages/React/src/react-reconciler/ReactFiberConfigWithNoSingletons.cpp","not-started"
"reactjs/packages/react-reconciler/src/ReactFiberConfigWithNoTestSelectors.js","shim","function",false,"packages/React/src/react-reconciler/ReactFiberConfigWithNoTestSelectors.cpp","not-started"
"reactjs/packages/react-reconciler/src/ReactFiberConfigWithNoTestSelectors.js","supportsTestSelectors","const-export",true,"packages/React/src/react-reconciler/ReactFiberConfigWithNoTestSelectors.cpp","not-started"
"reactjs/packages/react-reconciler/src/ReactFiberConfigWithNoTestSelectors.js","findFiberRoot","variable-export",true,"packages/React/src/react-reconciler/ReactFiberConfigWithNoTestSelectors.cpp","not-started"
"reactjs/packages/react-reconciler/src/ReactFiberConfigWithNoTestSelectors.js","getBoundingRect","variable-export",true,"packages/React/src/react-reconciler/ReactFiberConfigWithNoTestSelectors.cpp","not-started"
"reactjs/packages/react-reconciler/src/ReactFiberConfigWithNoTestSelectors.js","getTextContent","variable-export",true,"packages/React/src/react-reconciler/ReactFiberConfigWithNoTestSelectors.cpp","not-started"
"reactjs/packages/react-reconciler/src/ReactFiberConfigWithNoTestSelectors.js","isHiddenSubtree","variable-export",true,"packages/React/src/react-reconciler/ReactFiberConfigWithNoTestSelectors.cpp","not-started"
"reactjs/packages/react-reconciler/src/ReactFiberConfigWithNoTestSelectors.js","matchAccessibilityRole","variable-export",true,"packages/React/src/react-reconciler/ReactFiberConfigWithNoTestSelectors.cpp","not-started"
"reactjs/packages/react-reconciler/src/ReactFiberConfigWithNoTestSelectors.js","setFocusIfFocusable","variable-export",true,"packages/React/src/react-reconciler/ReactFiberConfigWithNoTestSelectors.cpp","not-started"
"reactjs/packages/react-reconciler/src/ReactFiberConfigWithNoTestSelectors.js","setupIntersectionObserver","variable-export",true,"packages/React/src/react-reconciler/ReactFiberConfigWithNoTestSelectors.cpp","not-started"
"reactjs/packages/react-reconciler/src/ReactFiberDuplicateViewTransitions.js","trackNamedViewTransition","function",true,"packages/React/src/react-reconciler/ReactFiberDuplicateViewTransitions.cpp","not-started"
"reactjs/packages/react-reconciler/src/ReactFiberDuplicateViewTransitions.js","untrackNamedViewTransition","function",true,"packages/React/src/react-reconciler/ReactFiberDuplicateViewTransitions.cpp","not-started"
"reactjs/packages/react-reconciler/src/ReactFiberErrorLogger.js","defaultOnUncaughtError","function",true,"packages/React/src/react-reconciler/ReactFiberErrorLogger.cpp","not-started"
"reactjs/packages/react-reconciler/src/ReactFiberErrorLogger.js","errorBoundaryMessage","const-export",false,"packages/React/src/react-reconciler/ReactFiberErrorLogger.cpp","not-started"
"reactjs/packages/react-reconciler/src/ReactFiberErrorLogger.js","defaultOnCaughtError","function",true,"packages/React/src/react-reconciler/ReactFiberErrorLogger.cpp","not-started"
"reactjs/packages/react-reconciler/src/ReactFiberErrorLogger.js","recreateMessage","const-export",false,"packages/React/src/react-reconciler/ReactFiberErrorLogger.cpp","not-started"
"reactjs/packages/react-reconciler/src/ReactFiberErrorLogger.js","defaultOnRecoverableError","function",true,"packages/React/src/react-reconciler/ReactFiberErrorLogger.cpp","not-started"
"reactjs/packages/react-reconciler/src/ReactFiberErrorLogger.js","logUncaughtError","function",true,"packages/React/src/react-reconciler/ReactFiberErrorLogger.cpp","not-started"
"reactjs/packages/react-reconciler/src/ReactFiberErrorLogger.js","logCaughtError","function",true,"packages/React/src/react-reconciler/ReactFiberErrorLogger.cpp","not-started"
"reactjs/packages/react-reconciler/src/ReactFiberFlags.js","Flags","type-export",true,"packages/React/src/react-reconciler/ReactFiberFlags.h","not-started"
"reactjs/packages/react-reconciler/src/ReactFiberFlags.js","NoFlags","const-export",true,"packages/React/src/react-reconciler/ReactFiberFlags.cpp","not-started"
"reactjs/packages/react-reconciler/src/ReactFiberFlags.js","PerformedWork","const-export",true,"packages/React/src/react-reconciler/ReactFiberFlags.cpp","not-started"
"reactjs/packages/react-reconciler/src/ReactFiberFlags.js","Placement","const-export",true,"packages/React/src/react-reconciler/ReactFiberFlags.cpp","not-started"
"reactjs/packages/react-reconciler/src/ReactFiberFlags.js","DidCapture","const-export",true,"packages/React/src/react-reconciler/ReactFiberFlags.cpp","not-started"
"reactjs/packages/react-reconciler/src/ReactFiberFlags.js","Hydrating","const-export",true,"packages/React/src/react-reconciler/ReactFiberFlags.cpp","not-started"
"reactjs/packages/react-reconciler/src/ReactFiberFlags.js","Update","const-export",true,"packages/React/src/react-reconciler/ReactFiberFlags.cpp","not-started"
"reactjs/packages/react-reconciler/src/ReactFiberFlags.js","Cloned","const-export",true,"packages/React/src/react-reconciler/ReactFiberFlags.cpp","not-started"
"reactjs/packages/react-reconciler/src/ReactFiberFlags.js","ChildDeletion","const-export",true,"packages/React/src/react-reconciler/ReactFiberFlags.cpp","not-started"
"reactjs/packages/react-reconciler/src/ReactFiberFlags.js","ContentReset","const-export",true,"packages/React/src/react-reconciler/ReactFiberFlags.cpp","not-started"
"reactjs/packages/react-reconciler/src/ReactFiberFlags.js","Callback","const-export",true,"packages/React/src/react-reconciler/ReactFiberFlags.cpp","not-started"
"reactjs/packages/react-reconciler/src/ReactFiberFlags.js","ForceClientRender","const-export",true,"packages/React/src/react-reconciler/ReactFiberFlags.cpp","not-started"
"reactjs/packages/react-reconciler/src/ReactFiberFlags.js","Ref","const-export",true,"packages/React/src/react-reconciler/ReactFiberFlags.cpp","not-started"
"reactjs/packages/react-reconciler/src/ReactFiberFlags.js","Snapshot","const-export",true,"packages/React/src/react-reconciler/ReactFiberFlags.cpp","not-started"
"reactjs/packages/react-reconciler/src/ReactFiberFlags.js","Passive","const-export",true,"packages/React/src/react-reconciler/ReactFiberFlags.cpp","not-started"
"reactjs/packages/react-reconciler/src/ReactFiberFlags.js","Visibility","const-export",true,"packages/React/src/react-reconciler/ReactFiberFlags.cpp","not-started"
"reactjs/packages/react-reconciler/src/ReactFiberFlags.js","StoreConsistency","const-export",true,"packages/React/src/react-reconciler/ReactFiberFlags.cpp","not-started"
"reactjs/packages/react-reconciler/src/ReactFiberFlags.js","Hydrate","variable-export",true,"packages/React/src/react-reconciler/ReactFiberFlags.cpp","not-started"
"reactjs/packages/react-reconciler/src/ReactFiberFlags.js","ScheduleRetry","variable-export",true,"packages/React/src/react-reconciler/ReactFiberFlags.cpp","not-started"
"reactjs/packages/react-reconciler/src/ReactFiberFlags.js","ShouldSuspendCommit","variable-export",true,"packages/React/src/react-reconciler/ReactFiberFlags.cpp","not-started"
"reactjs/packages/react-reconciler/src/ReactFiberFlags.js","ViewTransitionNamedMount","variable-export",true,"packages/React/src/react-reconciler/ReactFiberFlags.cpp","not-started"
"reactjs/packages/react-reconciler/src/ReactFiberFlags.js","DidDefer","variable-export",true,"packages/React/src/react-reconciler/ReactFiberFlags.cpp","not-started"
"reactjs/packages/react-reconciler/src/ReactFiberFlags.js","FormReset","variable-export",true,"packages/React/src/react-reconciler/ReactFiberFlags.cpp","not-started"
"reactjs/packages/react-reconciler/src/ReactFiberFlags.js","AffectedParentLayout","variable-export",true,"packages/React/src/react-reconciler/ReactFiberFlags.cpp","not-started"
"reactjs/packages/react-reconciler/src/ReactFiberFlags.js","LifecycleEffectMask","const-export",true,"packages/React/src/react-reconciler/ReactFiberFlags.cpp","not-started"
"reactjs/packages/react-reconciler/src/ReactFiberFlags.js","HostEffectMask","const-export",true,"packages/React/src/react-reconciler/ReactFiberFlags.cpp","not-started"
"reactjs/packages/react-reconciler/src/ReactFiberFlags.js","Incomplete","const-export",true,"packages/React/src/react-reconciler/ReactFiberFlags.cpp","not-started"
"reactjs/packages/react-reconciler/src/ReactFiberFlags.js","ShouldCapture","const-export",true,"packages/React/src/react-reconciler/ReactFiberFlags.cpp","not-started"
"reactjs/packages/react-reconciler/src/ReactFiberFlags.js","ForceUpdateForLegacySuspense","const-export",true,"packages/React/src/react-reconciler/ReactFiberFlags.cpp","not-started"
"reactjs/packages/react-reconciler/src/ReactFiberFlags.js","DidPropagateContext","const-export",true,"packages/React/src/react-reconciler/ReactFiberFlags.cpp","not-started"
"reactjs/packages/react-reconciler/src/ReactFiberFlags.js","NeedsPropagation","const-export",true,"packages/React/src/react-reconciler/ReactFiberFlags.cpp","not-started"
"reactjs/packages/react-reconciler/src/ReactFiberFlags.js","Forked","const-export",true,"packages/React/src/react-reconciler/ReactFiberFlags.cpp","not-started"
"reactjs/packages/react-reconciler/src/ReactFiberFlags.js","SnapshotStatic","const-export",true,"packages/React/src/react-reconciler/ReactFiberFlags.cpp","not-started"
"reactjs/packages/react-reconciler/src/ReactFiberFlags.js","LayoutStatic","const-export",true,"packages/React/src/react-reconciler/ReactFiberFlags.cpp","not-started"
"reactjs/packages/react-reconciler/src/ReactFiberFlags.js","RefStatic","variable-export",true,"packages/React/src/react-reconciler/ReactFiberFlags.cpp","not-started"
"reactjs/packages/react-reconciler/src/ReactFiberFlags.js","PassiveStatic","const-export",true,"packages/React/src/react-reconciler/ReactFiberFlags.cpp","not-started"
"reactjs/packages/react-reconciler/src/ReactFiberFlags.js","MaySuspendCommit","const-export",true,"packages/React/src/react-reconciler/ReactFiberFlags.cpp","not-started"
"reactjs/packages/react-reconciler/src/ReactFiberFlags.js","ViewTransitionNamedStatic","const-export",true,"packages/React/src/react-reconciler/ReactFiberFlags.cpp","not-started"
"reactjs/packages/react-reconciler/src/ReactFiberFlags.js","ViewTransitionStatic","const-export",true,"packages/React/src/react-reconciler/ReactFiberFlags.cpp","not-started"
"reactjs/packages/react-reconciler/src/ReactFiberFlags.js","PlacementDEV","const-export",true,"packages/React/src/react-reconciler/ReactFiberFlags.cpp","not-started"
"reactjs/packages/react-reconciler/src/ReactFiberFlags.js","MountLayoutDev","const-export",true,"packages/React/src/react-reconciler/ReactFiberFlags.cpp","not-started"
"reactjs/packages/react-reconciler/src/ReactFiberFlags.js","MountPassiveDev","const-export",true,"packages/React/src/react-reconciler/ReactFiberFlags.cpp","not-started"
"reactjs/packages/react-reconciler/src/ReactFiberFlags.js","BeforeMutationMask","const-export",true,"packages/React/src/react-reconciler/ReactFiberFlags.cpp","not-started"
"reactjs/packages/react-reconciler/src/ReactFiberFlags.js","BeforeAndAfterMutationTransitionMask","const-export",true,"packages/React/src/react-reconciler/ReactFiberFlags.cpp","not-started"
"reactjs/packages/react-reconciler/src/ReactFiberFlags.js","MutationMask","const-export",true,"packages/React/src/react-reconciler/ReactFiberFlags.cpp","not-started"
"reactjs/packages/react-reconciler/src/ReactFiberFlags.js","LayoutMask","const-export",true,"packages/React/src/react-reconciler/ReactFiberFlags.cpp","not-started"
"reactjs/packages/react-reconciler/src/ReactFiberFlags.js","PassiveMask","const-export",true,"packages/React/src/react-reconciler/ReactFiberFlags.cpp","not-started"
"reactjs/packages/react-reconciler/src/ReactFiberFlags.js","PassiveTransitionMask","const-export",true,"packages/React/src/react-reconciler/ReactFiberFlags.cpp","not-started"
"reactjs/packages/react-reconciler/src/ReactFiberFlags.js","StaticMask","const-export",true,"packages/React/src/react-reconciler/ReactFiberFlags.cpp","not-started"
"reactjs/packages/react-reconciler/src/ReactFiberGestureScheduler.js","ScheduledGesture","type-export",true,"packages/React/src/react-reconciler/ReactFiberGestureScheduler.h","not-started"
"reactjs/packages/react-reconciler/src/ReactFiberGestureScheduler.js","scheduleGesture","function",true,"packages/React/src/react-reconciler/ReactFiberGestureScheduler.cpp","not-started"
"reactjs/packages/react-reconciler/src/ReactFiberGestureScheduler.js","gesture","variable-export",false,"packages/React/src/react-reconciler/ReactFiberGestureScheduler.cpp","not-started"
"reactjs/packages/react-reconciler/src/ReactFiberGestureScheduler.js","startScheduledGesture","function",true,"packages/React/src/react-reconciler/ReactFiberGestureScheduler.cpp","not-started"
"reactjs/packages/react-reconciler/src/ReactFiberGestureScheduler.js","i","const-export",false,"packages/React/src/react-reconciler/ReactFiberGestureScheduler.cpp","not-started"
"reactjs/packages/react-reconciler/src/ReactFiberGestureScheduler.js","cancelScheduledGesture","function",true,"packages/React/src/react-reconciler/ReactFiberGestureScheduler.cpp","not-started"
"reactjs/packages/react-reconciler/src/ReactFiberGestureScheduler.js","pendingLanesExcludingGestureLane","const-export",false,"packages/React/src/react-reconciler/ReactFiberGestureScheduler.cpp","not-started"
"reactjs/packages/react-reconciler/src/ReactFiberGestureScheduler.js","deleteScheduledGesture","function",true,"packages/React/src/react-reconciler/ReactFiberGestureScheduler.cpp","not-started"
"reactjs/packages/react-reconciler/src/ReactFiberGestureScheduler.js","stopCompletedGestures","function",true,"packages/React/src/react-reconciler/ReactFiberGestureScheduler.cpp","not-started"
"reactjs/packages/react-reconciler/src/ReactFiberHiddenContext.js","currentTreeHiddenStackCursor","variable-export",true,"packages/React/src/react-reconciler/ReactFiberHiddenContext.cpp","not-started"
"reactjs/packages/react-reconciler/src/ReactFiberHiddenContext.js","prevEntangledRenderLanesCursor","variable-export",true,"packages/React/src/react-reconciler/ReactFiberHiddenContext.cpp","not-started"
"reactjs/packages/react-reconciler/src/ReactFiberHiddenContext.js","pushHiddenContext","function",true,"packages/React/src/react-reconciler/ReactFiberHiddenContext.cpp","not-started"
"reactjs/packages/react-reconciler/src/ReactFiberHiddenContext.js","reuseHiddenContextOnStack","function",true,"packages/React/src/react-reconciler/ReactFiberHiddenContext.cpp","not-started"
"reactjs/packages/react-reconciler/src/ReactFiberHiddenContext.js","popHiddenContext","function",true,"packages/React/src/react-reconciler/ReactFiberHiddenContext.cpp","not-started"
"reactjs/packages/react-reconciler/src/ReactFiberHiddenContext.js","isCurrentTreeHidden","function",true,"packages/React/src/react-reconciler/ReactFiberHiddenContext.cpp","not-started"
"reactjs/packages/react-reconciler/src/ReactFiberHooks.js","Update","type-export",true,"packages/React/src/react-reconciler/ReactFiberHooks.h","not-started"
"reactjs/packages/react-reconciler/src/ReactFiberHooks.js","UpdateQueue","type-export",true,"packages/React/src/react-reconciler/ReactFiberHooks.h","not-started"
"reactjs/packages/react-reconciler/src/ReactFiberHooks.js","Hook","type-export",true,"packages/React/src/react-reconciler/ReactFiberHooks.h","not-started"
"reactjs/packages/react-reconciler/src/ReactFiberHooks.js","Effect","type-export",true,"packages/React/src/react-reconciler/ReactFiberHooks.h","not-started"
"reactjs/packages/react-reconciler/src/ReactFiberHooks.js","FunctionComponentUpdateQueue","type-export",true,"packages/React/src/react-reconciler/ReactFiberHooks.h","not-started"
"reactjs/packages/react-reconciler/src/ReactFiberHooks.js","didScheduleRenderPhaseUpdate","const-export",false,"packages/React/src/react-reconciler/ReactFiberHooks.cpp","not-started"
"reactjs/packages/react-reconciler/src/ReactFiberHooks.js","didScheduleRenderPhaseUpdateDuringThisPass","const-export",false,"packages/React/src/react-reconciler/ReactFiberHooks.cpp","not-started"
"reactjs/packages/react-reconciler/src/ReactFiberHooks.js","shouldDoubleInvokeUserFnsInHooksDEV","const-export",false,"packages/React/src/react-reconciler/ReactFiberHooks.cpp","not-started"
"reactjs/packages/react-reconciler/src/ReactFiberHooks.js","localIdCounter","const-export",false,"packages/React/src/react-reconciler/ReactFiberHooks.cpp","not-started"
"reactjs/packages/react-reconciler/src/ReactFiberHooks.js","thenableIndexCounter","const-export",false,"packages/React/src/react-reconciler/ReactFiberHooks.cpp","not-started"
"reactjs/packages/react-reconciler/src/ReactFiberHooks.js","globalClientIdCounter","const-export",false,"packages/React/src/react-reconciler/ReactFiberHooks.cpp","not-started"
"reactjs/packages/react-reconciler/src/ReactFiberHooks.js","RE_RENDER_LIMIT","const-export",false,"packages/React/src/react-reconciler/ReactFiberHooks.cpp","not-started"
"reactjs/packages/react-reconciler/src/ReactFiberHooks.js","ignorePreviousDependencies","const-export",false,"packages/React/src/react-reconciler/ReactFiberHooks.cpp","not-started"
"reactjs/packages/react-reconciler/src/ReactFiberHooks.js","mountHookTypesDev","function",false,"packages/React/src/react-reconciler/ReactFiberHooks.cpp","not-started"
"reactjs/packages/react-reconciler/src/ReactFiberHooks.js","updateHookTypesDev","function",false,"packages/React/src/react-reconciler/ReactFiberHooks.cpp","not-started"
"reactjs/packages/react-reconciler/src/ReactFiberHooks.js","checkDepsAreArrayDev","function",false,"packages/React/src/react-reconciler/ReactFiberHooks.cpp","not-started"
"reactjs/packages/react-reconciler/src/ReactFiberHooks.js","warnOnHookMismatchInDev","function",false,"packages/React/src/react-reconciler/ReactFiberHooks.cpp","not-started"
"reactjs/packages/react-reconciler/src/ReactFiberHooks.js","table","const-export",false,"packages/React/src/react-reconciler/ReactFiberHooks.cpp","not-started"
"reactjs/packages/react-reconciler/src/ReactFiberHooks.js","secondColumnStart","const-export",false,"packages/React/src/react-reconciler/ReactFiberHooks.cpp","not-started"
"reactjs/packages/react-reconciler/src/ReactFiberHooks.js","i","const-export",false,"packages/React/src/react-reconciler/ReactFiberHooks.cpp","not-started"
"reactjs/packages/react-reconciler/src/ReactFiberHooks.js","warnOnUseFormStateInDev","function",false,"packages/React/src/react-reconciler/ReactFiberHooks.cpp","not-started"
"reactjs/packages/react-reconciler/src/ReactFiberHooks.js","warnIfAsyncClientComponent","function",false,"packages/React/src/react-reconciler/ReactFiberHooks.cpp","not-started"
"reactjs/packages/react-reconciler/src/ReactFiberHooks.js","throwInvalidHookError","function",false,"packages/React/src/react-reconciler/ReactFiberHooks.cpp","not-started"
"reactjs/packages/react-reconciler/src/ReactFiberHooks.js","areHookInputsEqual","function",false,"packages/React/src/react-reconciler/ReactFiberHooks.cpp","not-started"
"reactjs/packages/react-reconciler/src/ReactFiberHooks.js","i","const-export",false,"packages/React/src/react-reconciler/ReactFiberHooks.cpp","not-started"
"reactjs/packages/react-reconciler/src/ReactFiberHooks.js","renderWithHooks","function",true,"packages/React/src/react-reconciler/ReactFiberHooks.cpp","not-started"
"reactjs/packages/react-reconciler/src/ReactFiberHooks.js","finishRenderingHooks","function",false,"packages/React/src/react-reconciler/ReactFiberHooks.cpp","not-started"
"reactjs/packages/react-reconciler/src/ReactFiberHooks.js","replaySuspendedComponentWithHooks","function",true,"packages/React/src/react-reconciler/ReactFiberHooks.cpp","not-started"
"reactjs/packages/react-reconciler/src/ReactFiberHooks.js","renderWithHooksAgain","function",false,"packages/React/src/react-reconciler/ReactFiberHooks.cpp","not-started"
"reactjs/packages/react-reconciler/src/ReactFiberHooks.js","numberOfReRenders","const-export",false,"packages/React/src/react-reconciler/ReactFiberHooks.cpp","not-started"
"reactjs/packages/react-reconciler/src/ReactFiberHooks.js","renderTransitionAwareHostComponentWithHooks","function",true,"packages/React/src/react-reconciler/ReactFiberHooks.cpp","not-started"
"reactjs/packages/react-reconciler/src/ReactFiberHooks.js","TransitionAwareHostComponent","function",true,"packages/React/src/react-reconciler/ReactFiberHooks.cpp","not-started"
"reactjs/packages/react-reconciler/src/ReactFiberHooks.js","checkDidRenderIdHook","function",true,"packages/React/src/react-reconciler/ReactFiberHooks.cpp","not-started"
"reactjs/packages/react-reconciler/src/ReactFiberHooks.js","didRenderIdHook","const-export",false,"packages/React/src/react-reconciler/ReactFiberHooks.cpp","not-started"
"reactjs/packages/react-reconciler/src/ReactFiberHooks.js","bailoutHooks","function",true,"packages/React/src/react-reconciler/ReactFiberHooks.cpp","not-started"
"reactjs/packages/react-reconciler/src/ReactFiberHooks.js","resetHooksAfterThrow","function",true,"packages/React/src/react-reconciler/ReactFiberHooks.cpp","not-started"
"reactjs/packages/react-reconciler/src/ReactFiberHooks.js","resetHooksOnUnwind","function",true,"packages/React/src/react-reconciler/ReactFiberHooks.cpp","not-started"
"reactjs/packages/react-reconciler/src/ReactFiberHooks.js","mountWorkInProgressHook","function",false,"packages/React/src/react-reconciler/ReactFiberHooks.cpp","not-started"
"reactjs/packages/react-reconciler/src/ReactFiberHooks.js","hook","variable-export",false,"packages/React/src/react-reconciler/ReactFiberHooks.cpp","not-started"
"reactjs/packages/react-reconciler/src/ReactFiberHooks.js","updateWorkInProgressHook","function",false,"packages/React/src/react-reconciler/ReactFiberHooks.cpp","not-started"
"reactjs/packages/react-reconciler/src/ReactFiberHooks.js","newHook","variable-export",false,"packages/React/src/react-reconciler/ReactFiberHooks.cpp","not-started"
"reactjs/packages/react-reconciler/src/ReactFiberHooks.js","createFunctionComponentUpdateQueue","function",false,"packages/React/src/react-reconciler/ReactFiberHooks.cpp","not-started"
"reactjs/packages/react-reconciler/src/ReactFiberHooks.js","resetFunctionComponentUpdateQueue","function",false,"packages/React/src/react-reconciler/ReactFiberHooks.cpp","not-started"
"reactjs/packages/react-reconciler/src/ReactFiberHooks.js","useThenable","function",false,"packages/React/src/react-reconciler/ReactFiberHooks.cpp","not-started"
"reactjs/packages/react-reconciler/src/ReactFiberHooks.js","use","function",false,"packages/React/src/react-reconciler/ReactFiberHooks.cpp","not-started"
"reactjs/packages/react-reconciler/src/ReactFiberHooks.js","useMemoCache","function",false,"packages/React/src/react-reconciler/ReactFiberHooks.cpp","not-started"
"reactjs/packages/react-reconciler/src/ReactFiberHooks.js","i","const-export",false,"packages/React/src/react-reconciler/ReactFiberHooks.cpp","not-started"
"reactjs/packages/react-reconciler/src/ReactFiberHooks.js","basicStateReducer","function",false,"packages/React/src/react-reconciler/ReactFiberHooks.cpp","not-started"
"reactjs/packages/react-reconciler/src/ReactFiberHooks.js","mountReducer","function",false,"packages/React/src/react-reconciler/ReactFiberHooks.cpp","not-started"
"reactjs/packages/react-reconciler/src/ReactFiberHooks.js","queue","variable-export",false,"packages/React/src/react-reconciler/ReactFiberHooks.cpp","not-started"
"reactjs/packages/react-reconciler/src/ReactFiberHooks.js","updateReducer","function",false,"packages/React/src/react-reconciler/ReactFiberHooks.cpp","not-started"
"reactjs/packages/react-reconciler/src/ReactFiberHooks.js","updateReducerImpl","function",false,"packages/React/src/react-reconciler/ReactFiberHooks.cpp","not-started"
"reactjs/packages/react-reconciler/src/ReactFiberHooks.js","didReadFromEntangledAsyncAction","const-export",false,"packages/React/src/react-reconciler/ReactFiberHooks.cpp","not-started"
"reactjs/packages/react-reconciler/src/ReactFiberHooks.js","isHiddenUpdate","const-export",false,"packages/React/src/react-reconciler/ReactFiberHooks.cpp","not-started"
"reactjs/packages/react-reconciler/src/ReactFiberHooks.js","clone","variable-export",false,"packages/React/src/react-reconciler/ReactFiberHooks.cpp","not-started"
"reactjs/packages/react-reconciler/src/ReactFiberHooks.js","clone","variable-export",false,"packages/React/src/react-reconciler/ReactFiberHooks.cpp","not-started"
"reactjs/packages/react-reconciler/src/ReactFiberHooks.js","clone","variable-export",false,"packages/React/src/react-reconciler/ReactFiberHooks.cpp","not-started"
"reactjs/packages/react-reconciler/src/ReactFiberHooks.js","rerenderReducer","function",false,"packages/React/src/react-reconciler/ReactFiberHooks.cpp","not-started"
"reactjs/packages/react-reconciler/src/ReactFiberHooks.js","mountSyncExternalStore","function",false,"packages/React/src/react-reconciler/ReactFiberHooks.cpp","not-started"
"reactjs/packages/react-reconciler/src/ReactFiberHooks.js","inst","variable-export",false,"packages/React/src/react-reconciler/ReactFiberHooks.cpp","not-started"
"reactjs/packages/react-reconciler/src/ReactFiberHooks.js","updateSyncExternalStore","function",false,"packages/React/src/react-reconciler/ReactFiberHooks.cpp","not-started"
"reactjs/packages/react-reconciler/src/ReactFiberHooks.js","pushStoreConsistencyCheck","function",false,"packages/React/src/react-reconciler/ReactFiberHooks.cpp","not-started"
"reactjs/packages/react-reconciler/src/ReactFiberHooks.js","check","variable-export",false,"packages/React/src/react-reconciler/ReactFiberHooks.cpp","not-started"
"reactjs/packages/react-reconciler/src/ReactFiberHooks.js","updateStoreInstance","function",false,"packages/React/src/react-reconciler/ReactFiberHooks.cpp","not-started"
"reactjs/packages/react-reconciler/src/ReactFiberHooks.js","subscribeToStore","function",false,"packages/React/src/react-reconciler/ReactFiberHooks.cpp","not-started"
"reactjs/packages/react-reconciler/src/ReactFiberHooks.js","handleStoreChange","arrow-fn",false,"packages/React/src/react-reconciler/ReactFiberHooks.cpp","not-started"
"reactjs/packages/react-reconciler/src/ReactFiberHooks.js","checkIfSnapshotChanged","function",false,"packages/React/src/react-reconciler/ReactFiberHooks.cpp","not-started"
"reactjs/packages/react-reconciler/src/ReactFiberHooks.js","forceStoreRerender","function",false,"packages/React/src/react-reconciler/ReactFiberHooks.cpp","not-started"
"reactjs/packages/react-reconciler/src/ReactFiberHooks.js","mountStateImpl","function",false,"packages/React/src/react-reconciler/ReactFiberHooks.cpp","not-started"
"reactjs/packages/react-reconciler/src/ReactFiberHooks.js","queue","variable-export",false,"packages/React/src/react-reconciler/ReactFiberHooks.cpp","not-started"
"reactjs/packages/react-reconciler/src/ReactFiberHooks.js","mountState","function",false,"packages/React/src/react-reconciler/ReactFiberHooks.cpp","not-started"
"reactjs/packages/react-reconciler/src/ReactFiberHooks.js","updateState","function",false,"packages/React/src/react-reconciler/ReactFiberHooks.cpp","not-started"
"reactjs/packages/react-reconciler/src/ReactFiberHooks.js","rerenderState","function",false,"packages/React/src/react-reconciler/ReactFiberHooks.cpp","not-started"
"reactjs/packages/react-reconciler/src/ReactFiberHooks.js","mountOptimistic","function",false,"packages/React/src/react-reconciler/ReactFiberHooks.cpp","not-started"
"reactjs/packages/react-reconciler/src/ReactFiberHooks.js","queue","variable-export",false,"packages/React/src/react-reconciler/ReactFiberHooks.cpp","not-started"
"reactjs/packages/react-reconciler/src/ReactFiberHooks.js","updateOptimistic","function",false,"packages/React/src/react-reconciler/ReactFiberHooks.cpp","not-started"
"reactjs/packages/react-reconciler/src/ReactFiberHooks.js","updateOptimisticImpl","function",false,"packages/React/src/react-reconciler/ReactFiberHooks.cpp","not-started"
"reactjs/packages/react-reconciler/src/ReactFiberHooks.js","rerenderOptimistic","function",false,"packages/React/src/react-reconciler/ReactFiberHooks.cpp","not-started"
"reactjs/packages/react-reconciler/src/ReactFiberHooks.js","dispatchActionState","function",false,"packages/React/src/react-reconciler/ReactFiberHooks.cpp","not-started"
"reactjs/packages/react-reconciler/src/ReactFiberHooks.js","actionNode","variable-export",false,"packages/React/src/react-reconciler/ReactFiberHooks.cpp","not-started"
"reactjs/packages/react-reconciler/src/ReactFiberHooks.js","runActionStateAction","function",false,"packages/React/src/react-reconciler/ReactFiberHooks.cpp","not-started"
"reactjs/packages/react-reconciler/src/ReactFiberHooks.js","handleActionReturnValue","function",false,"packages/React/src/react-reconciler/ReactFiberHooks.cpp","not-started"
"reactjs/packages/react-reconciler/src/ReactFiberHooks.js","onActionSuccess","function",false,"packages/React/src/react-reconciler/ReactFiberHooks.cpp","not-started"
"reactjs/packages/react-reconciler/src/ReactFiberHooks.js","onActionError","function",false,"packages/React/src/react-reconciler/ReactFiberHooks.cpp","not-started"
"reactjs/packages/react-reconciler/src/ReactFiberHooks.js","notifyActionListeners","function",false,"packages/React/src/react-reconciler/ReactFiberHooks.cpp","not-started"
"reactjs/packages/react-reconciler/src/ReactFiberHooks.js","i","const-export",false,"packages/React/src/react-reconciler/ReactFiberHooks.cpp","not-started"
"reactjs/packages/react-reconciler/src/ReactFiberHooks.js","actionStateReducer","function",false,"packages/React/src/react-reconciler/ReactFiberHooks.cpp","not-started"
"reactjs/packages/react-reconciler/src/ReactFiberHooks.js","mountActionState","function",false,"packages/React/src/react-reconciler/ReactFiberHooks.cpp","not-started"
"reactjs/packages/react-reconciler/src/ReactFiberHooks.js","stateQueue","variable-export",false,"packages/React/src/react-reconciler/ReactFiberHooks.cpp","not-started"
"reactjs/packages/react-reconciler/src/ReactFiberHooks.js","actionQueue","variable-export",false,"packages/React/src/react-reconciler/ReactFiberHooks.cpp","not-started"
"reactjs/packages/react-reconciler/src/ReactFiberHooks.js","updateActionState","function",false,"packages/React/src/react-reconciler/ReactFiberHooks.cpp","not-started"
"reactjs/packages/react-reconciler/src/ReactFiberHooks.js","updateActionStateImpl","function",false,"packages/React/src/react-reconciler/ReactFiberHooks.cpp","not-started"
"reactjs/packages/react-reconciler/src/ReactFiberHooks.js","actionStateActionEffect","function",false,"packages/React/src/react-reconciler/ReactFiberHooks.cpp","not-started"
"reactjs/packages/react-reconciler/src/ReactFiberHooks.js","rerenderActionState","function",false,"packages/React/src/react-reconciler/ReactFiberHooks.cpp","not-started"
"reactjs/packages/react-reconciler/src/ReactFiberHooks.js","pushSimpleEffect","function",false,"packages/React/src/react-reconciler/ReactFiberHooks.cpp","not-started"
"reactjs/packages/react-reconciler/src/ReactFiberHooks.js","effect","variable-export",false,"packages/React/src/react-reconciler/ReactFiberHooks.cpp","not-started"
"reactjs/packages/react-reconciler/src/ReactFiberHooks.js","pushEffectImpl","function",false,"packages/React/src/react-reconciler/ReactFiberHooks.cpp","not-started"
"reactjs/packages/react-reconciler/src/ReactFiberHooks.js","createEffectInstance","function",false,"packages/React/src/react-reconciler/ReactFiberHooks.cpp","not-started"
"reactjs/packages/react-reconciler/src/ReactFiberHooks.js","mountRef","function",false,"packages/React/src/react-reconciler/ReactFiberHooks.cpp","not-started"
"reactjs/packages/react-reconciler/src/ReactFiberHooks.js","ref","variable-export",false,"packages/React/src/react-reconciler/ReactFiberHooks.cpp","not-started"
"reactjs/packages/react-reconciler/src/ReactFiberHooks.js","updateRef","function",false,"packages/React/src/react-reconciler/ReactFiberHooks.cpp","not-started"
"reactjs/packages/react-reconciler/src/ReactFiberHooks.js","mountEffectImpl","function",false,"packages/React/src/react-reconciler/ReactFiberHooks.cpp","not-started"
"reactjs/packages/react-reconciler/src/ReactFiberHooks.js","updateEffectImpl","function",false,"packages/React/src/react-reconciler/ReactFiberHooks.cpp","not-started"
"reactjs/packages/react-reconciler/src/ReactFiberHooks.js","mountEffect","function",false,"packages/React/src/react-reconciler/ReactFiberHooks.cpp","not-started"
"reactjs/packages/react-reconciler/src/ReactFiberHooks.js","updateEffect","function",false,"packages/React/src/react-reconciler/ReactFiberHooks.cpp","not-started"
"reactjs/packages/react-reconciler/src/ReactFiberHooks.js","useEffectEventImpl","function",false,"packages/React/src/react-reconciler/ReactFiberHooks.cpp","not-started"
"reactjs/packages/react-reconciler/src/ReactFiberHooks.js","mountEvent","function",false,"packages/React/src/react-reconciler/ReactFiberHooks.cpp","not-started"
"reactjs/packages/react-reconciler/src/ReactFiberHooks.js","ref","variable-export",false,"packages/React/src/react-reconciler/ReactFiberHooks.cpp","not-started"
"reactjs/packages/react-reconciler/src/ReactFiberHooks.js","updateEvent","function",false,"packages/React/src/react-reconciler/ReactFiberHooks.cpp","not-started"
"reactjs/packages/react-reconciler/src/ReactFiberHooks.js","mountInsertionEffect","function",false,"packages/React/src/react-reconciler/ReactFiberHooks.cpp","not-started"
"reactjs/packages/react-reconciler/src/ReactFiberHooks.js","updateInsertionEffect","function",false,"packages/React/src/react-reconciler/ReactFiberHooks.cpp","not-started"
"reactjs/packages/react-reconciler/src/ReactFiberHooks.js","mountLayoutEffect","function",false,"packages/React/src/react-reconciler/ReactFiberHooks.cpp","not-started"
"reactjs/packages/react-reconciler/src/ReactFiberHooks.js","fiberFlags","const-export",false,"packages/React/src/react-reconciler/ReactFiberHooks.cpp","not-started"
"reactjs/packages/react-reconciler/src/ReactFiberHooks.js","updateLayoutEffect","function",false,"packages/React/src/react-reconciler/ReactFiberHooks.cpp","not-started"
"reactjs/packages/react-reconciler/src/ReactFiberHooks.js","imperativeHandleEffect","function",false,"packages/React/src/react-reconciler/ReactFiberHooks.cpp","not-started"
"reactjs/packages/react-reconciler/src/ReactFiberHooks.js","mountImperativeHandle","function",false,"packages/React/src/react-reconciler/ReactFiberHooks.cpp","not-started"
"reactjs/packages/react-reconciler/src/ReactFiberHooks.js","fiberFlags","const-export",false,"packages/React/src/react-reconciler/ReactFiberHooks.cpp","not-started"
"reactjs/packages/react-reconciler/src/ReactFiberHooks.js","updateImperativeHandle","function",false,"packages/React/src/react-reconciler/ReactFiberHooks.cpp","not-started"
"reactjs/packages/react-reconciler/src/ReactFiberHooks.js","mountDebugValue","function",false,"packages/React/src/react-reconciler/ReactFiberHooks.cpp","not-started"
"reactjs/packages/react-reconciler/src/ReactFiberHooks.js","mountCallback","function",false,"packages/React/src/react-reconciler/ReactFiberHooks.cpp","not-started"
"reactjs/packages/react-reconciler/src/ReactFiberHooks.js","updateCallback","function",false,"packages/React/src/react-reconciler/ReactFiberHooks.cpp","not-started"
"reactjs/packages/react-reconciler/src/ReactFiberHooks.js","mountMemo","function",false,"packages/React/src/react-reconciler/ReactFiberHooks.cpp","not-started"
"reactjs/packages/react-reconciler/src/ReactFiberHooks.js","updateMemo","function",false,"packages/React/src/react-reconciler/ReactFiberHooks.cpp","not-started"
"reactjs/packages/react-reconciler/src/ReactFiberHooks.js","mountDeferredValue","function",false,"packages/React/src/react-reconciler/ReactFiberHooks.cpp","not-started"
"reactjs/packages/react-reconciler/src/ReactFiberHooks.js","updateDeferredValue","function",false,"packages/React/src/react-reconciler/ReactFiberHooks.cpp","not-started"
"reactjs/packages/react-reconciler/src/ReactFiberHooks.js","rerenderDeferredValue","function",false,"packages/React/src/react-reconciler/ReactFiberHooks.cpp","not-started"
"reactjs/packages/react-reconciler/src/ReactFiberHooks.js","mountDeferredValueImpl","function",false,"packages/React/src/react-reconciler/ReactFiberHooks.cpp","not-started"
"reactjs/packages/react-reconciler/src/ReactFiberHooks.js","updateDeferredValueImpl","function",false,"packages/React/src/react-reconciler/ReactFiberHooks.cpp","not-started"
"reactjs/packages/react-reconciler/src/ReactFiberHooks.js","releaseAsyncTransition","function",false,"packages/React/src/react-reconciler/ReactFiberHooks.cpp","not-started"
"reactjs/packages/react-reconciler/src/ReactFiberHooks.js","startTransition","function",false,"packages/React/src/react-reconciler/ReactFiberHooks.cpp","not-started"
"reactjs/packages/react-reconciler/src/ReactFiberHooks.js","rejectedThenable","variable-export",false,"packages/React/src/react-reconciler/ReactFiberHooks.cpp","not-started"
"reactjs/packages/react-reconciler/src/ReactFiberHooks.js","noop","arrow-fn",false,"packages/React/src/react-reconciler/ReactFiberHooks.cpp","not-started"
"reactjs/packages/react-reconciler/src/ReactFiberHooks.js","startHostTransition","function",true,"packages/React/src/react-reconciler/ReactFiberHooks.cpp","not-started"
"reactjs/packages/react-reconciler/src/ReactFiberHooks.js","ensureFormComponentIsStateful","function",false,"packages/React/src/react-reconciler/ReactFiberHooks.cpp","not-started"
"reactjs/packages/react-reconciler/src/ReactFiberHooks.js","newQueue","variable-export",false,"packages/React/src/react-reconciler/ReactFiberHooks.cpp","not-started"
"reactjs/packages/react-reconciler/src/ReactFiberHooks.js","stateHook","variable-export",false,"packages/React/src/react-reconciler/ReactFiberHooks.cpp","not-started"
"reactjs/packages/react-reconciler/src/ReactFiberHooks.js","initialResetState","variable-export",false,"packages/React/src/react-reconciler/ReactFiberHooks.cpp","not-started"
"reactjs/packages/react-reconciler/src/ReactFiberHooks.js","newResetStateQueue","variable-export",false,"packages/React/src/react-reconciler/ReactFiberHooks.cpp","not-started"
"reactjs/packages/react-reconciler/src/ReactFiberHooks.js","resetStateHook","variable-export",false,"packages/React/src/react-reconciler/ReactFiberHooks.cpp","not-started"
"reactjs/packages/react-reconciler/src/ReactFiberHooks.js","requestFormReset","function",true,"packages/React/src/react-reconciler/ReactFiberHooks.cpp","not-started"
"reactjs/packages/react-reconciler/src/ReactFiberHooks.js","newResetState","variable-export",false,"packages/React/src/react-reconciler/ReactFiberHooks.cpp","not-started"
"reactjs/packages/react-reconciler/src/ReactFiberHooks.js","mountTransition","function",false,"packages/React/src/react-reconciler/ReactFiberHooks.cpp","not-started"
"reactjs/packages/react-reconciler/src/ReactFiberHooks.js","updateTransition","function",false,"packages/React/src/react-reconciler/ReactFiberHooks.cpp","not-started"
"reactjs/packages/react-reconciler/src/ReactFiberHooks.js","rerenderTransition","function",false,"packages/React/src/react-reconciler/ReactFiberHooks.cpp","not-started"
"reactjs/packages/react-reconciler/src/ReactFiberHooks.js","useHostTransitionStatus","function",false,"packages/React/src/react-reconciler/ReactFiberHooks.cpp","not-started"
"reactjs/packages/react-reconciler/src/ReactFiberHooks.js","mountId","function",false,"packages/React/src/react-reconciler/ReactFiberHooks.cpp","not-started"
"reactjs/packages/react-reconciler/src/ReactFiberHooks.js","updateId","function",false,"packages/React/src/react-reconciler/ReactFiberHooks.cpp","not-started"
"reactjs/packages/react-reconciler/src/ReactFiberHooks.js","mountRefresh","function",false,"packages/React/src/react-reconciler/ReactFiberHooks.cpp","not-started"
"reactjs/packages/react-reconciler/src/ReactFiberHooks.js","updateRefresh","function",false,"packages/React/src/react-reconciler/ReactFiberHooks.cpp","not-started"
"reactjs/packages/react-reconciler/src/ReactFiberHooks.js","refreshCache","function",false,"packages/React/src/react-reconciler/ReactFiberHooks.cpp","not-started"
"reactjs/packages/react-reconciler/src/ReactFiberHooks.js","payload","variable-export",false,"packages/React/src/react-reconciler/ReactFiberHooks.cpp","not-started"
"reactjs/packages/react-reconciler/src/ReactFiberHooks.js","dispatchReducerAction","function",false,"packages/React/src/react-reconciler/ReactFiberHooks.cpp","not-started"
"reactjs/packages/react-reconciler/src/ReactFiberHooks.js","update","variable-export",false,"packages/React/src/react-reconciler/ReactFiberHooks.cpp","not-started"
"reactjs/packages/react-reconciler/src/ReactFiberHooks.js","dispatchSetState","function",false,"packages/React/src/react-reconciler/ReactFiberHooks.cpp","not-started"
"reactjs/packages/react-reconciler/src/ReactFiberHooks.js","dispatchSetStateInternal","function",false,"packages/React/src/react-reconciler/ReactFiberHooks.cpp","not-started"
"reactjs/packages/react-reconciler/src/ReactFiberHooks.js","update","variable-export",false,"packages/React/src/react-reconciler/ReactFiberHooks.cpp","not-started"
"reactjs/packages/react-reconciler/src/ReactFiberHooks.js","dispatchOptimisticSetState","function",false,"packages/React/src/react-reconciler/ReactFiberHooks.cpp","not-started"
"reactjs/packages/react-reconciler/src/ReactFiberHooks.js","update","variable-export",false,"packages/React/src/react-reconciler/ReactFiberHooks.cpp","not-started"
"reactjs/packages/react-reconciler/src/ReactFiberHooks.js","isRenderPhaseUpdate","function",false,"packages/React/src/react-reconciler/ReactFiberHooks.cpp","not-started"
"reactjs/packages/react-reconciler/src/ReactFiberHooks.js","enqueueRenderPhaseUpdate","function",false,"packages/React/src/react-reconciler/ReactFiberHooks.cpp","not-started"
"reactjs/packages/react-reconciler/src/ReactFiberHooks.js","entangleTransitionUpdate","function",false,"packages/React/src/react-reconciler/ReactFiberHooks.cpp","not-started"
"reactjs/packages/react-reconciler/src/ReactFiberHooks.js","markUpdateInDevTools","function",false,"packages/React/src/react-reconciler/ReactFiberHooks.cpp","not-started"
"reactjs/packages/react-reconciler/src/ReactFiberHooks.js","ContextOnlyDispatcher","variable-export",true,"packages/React/src/react-reconciler/ReactFiberHooks.cpp","not-started"
"reactjs/packages/react-reconciler/src/ReactFiberHooks.js","HooksDispatcherOnMount","variable-export",false,"packages/React/src/react-reconciler/ReactFiberHooks.cpp","not-started"
"reactjs/packages/react-reconciler/src/ReactFiberHooks.js","HooksDispatcherOnUpdate","variable-export",false,"packages/React/src/react-reconciler/ReactFiberHooks.cpp","not-started"
"reactjs/packages/react-reconciler/src/ReactFiberHooks.js","HooksDispatcherOnRerender","variable-export",false,"packages/React/src/react-reconciler/ReactFiberHooks.cpp","not-started"
"reactjs/packages/react-reconciler/src/ReactFiberHooks.js","warnInvalidContextAccess","arrow-fn",false,"packages/React/src/react-reconciler/ReactFiberHooks.cpp","not-started"
"reactjs/packages/react-reconciler/src/ReactFiberHooks.js","warnInvalidHookAccess","arrow-fn",false,"packages/React/src/react-reconciler/ReactFiberHooks.cpp","not-started"
"reactjs/packages/react-reconciler/src/ReactFiberHostContext.js","requiredContext","function",false,"packages/React/src/react-reconciler/ReactFiberHostContext.cpp","not-started"
"reactjs/packages/react-reconciler/src/ReactFiberHostContext.js","getCurrentRootHostContainer","function",false,"packages/React/src/react-reconciler/ReactFiberHostContext.cpp","not-started"
"reactjs/packages/react-reconciler/src/ReactFiberHostContext.js","getRootHostContainer","function",false,"packages/React/src/react-reconciler/ReactFiberHostContext.cpp","not-started"
"reactjs/packages/react-reconciler/src/ReactFiberHostContext.js","getHostTransitionProvider","function",true,"packages/React/src/react-reconciler/ReactFiberHostContext.cpp","not-started"
"reactjs/packages/react-reconciler/src/ReactFiberHostContext.js","pushHostContainer","function",false,"packages/React/src/react-reconciler/ReactFiberHostContext.cpp","not-started"
"reactjs/packages/react-reconciler/src/ReactFiberHostContext.js","popHostContainer","function",false,"packages/React/src/react-reconciler/ReactFiberHostContext.cpp","not-started"
"reactjs/packages/react-reconciler/src/ReactFiberHostContext.js","getHostContext","function",false,"packages/React/src/react-reconciler/ReactFiberHostContext.cpp","not-started"
"reactjs/packages/react-reconciler/src/ReactFiberHostContext.js","pushHostContext","function",false,"packages/React/src/react-reconciler/ReactFiberHostContext.cpp","not-started"
"reactjs/packages/react-reconciler/src/ReactFiberHostContext.js","popHostContext","function",false,"packages/React/src/react-reconciler/ReactFiberHostContext.cpp","not-started"
"reactjs/packages/react-reconciler/src/ReactFiberHostContext.js","getHostContext","variable-export",true,"packages/React/src/react-reconciler/ReactFiberHostContext.cpp","not-started"
"reactjs/packages/react-reconciler/src/ReactFiberHostContext.js","getCurrentRootHostContainer","variable-export",true,"packages/React/src/react-reconciler/ReactFiberHostContext.cpp","not-started"
"reactjs/packages/react-reconciler/src/ReactFiberHostContext.js","getRootHostContainer","variable-export",true,"packages/React/src/react-reconciler/ReactFiberHostContext.cpp","not-started"
"reactjs/packages/react-reconciler/src/ReactFiberHostContext.js","popHostContainer","variable-export",true,"packages/React/src/react-reconciler/ReactFiberHostContext.cpp","not-started"
"reactjs/packages/react-reconciler/src/ReactFiberHostContext.js","popHostContext","variable-export",true,"packages/React/src/react-reconciler/ReactFiberHostContext.cpp","not-started"
"reactjs/packages/react-reconciler/src/ReactFiberHostContext.js","pushHostContainer","variable-export",true,"packages/React/src/react-reconciler/ReactFiberHostContext.cpp","not-started"
"reactjs/packages/react-reconciler/src/ReactFiberHostContext.js","pushHostContext","variable-export",true,"packages/React/src/react-reconciler/ReactFiberHostContext.cpp","not-started"
"reactjs/packages/react-reconciler/src/ReactFiberHotReloading.js","Family","type-export",true,"packages/React/src/react-reconciler/ReactFiberHotReloading.h","not-started"
"reactjs/packages/react-reconciler/src/ReactFiberHotReloading.js","RefreshUpdate","type-export",true,"packages/React/src/react-reconciler/ReactFiberHotReloading.h","not-started"
"reactjs/packages/react-reconciler/src/ReactFiberHotReloading.js","SetRefreshHandler","type-export",true,"packages/React/src/react-reconciler/ReactFiberHotReloading.h","not-started"
"reactjs/packages/react-reconciler/src/ReactFiberHotReloading.js","ScheduleRefresh","type-export",true,"packages/React/src/react-reconciler/ReactFiberHotReloading.h","not-started"
"reactjs/packages/react-reconciler/src/ReactFiberHotReloading.js","ScheduleRoot","type-export",true,"packages/React/src/react-reconciler/ReactFiberHotReloading.h","not-started"
"reactjs/packages/react-reconciler/src/ReactFiberHotReloading.js","setRefreshHandler","arrow-fn",true,"packages/React/src/react-reconciler/ReactFiberHotReloading.cpp","not-started"
"reactjs/packages/react-reconciler/src/ReactFiberHotReloading.js","resolveFunctionForHotReloading","function",true,"packages/React/src/react-reconciler/ReactFiberHotReloading.cpp","not-started"
"reactjs/packages/react-reconciler/src/ReactFiberHotReloading.js","resolveClassForHotReloading","function",true,"packages/React/src/react-reconciler/ReactFiberHotReloading.cpp","not-started"
"reactjs/packages/react-reconciler/src/ReactFiberHotReloading.js","resolveForwardRefForHotReloading","function",true,"packages/React/src/react-reconciler/ReactFiberHotReloading.cpp","not-started"
"reactjs/packages/react-reconciler/src/ReactFiberHotReloading.js","syntheticType","variable-export",false,"packages/React/src/react-reconciler/ReactFiberHotReloading.cpp","not-started"
"reactjs/packages/react-reconciler/src/ReactFiberHotReloading.js","isCompatibleFamilyForHotReloading","function",true,"packages/React/src/react-reconciler/ReactFiberHotReloading.cpp","not-started"
"reactjs/packages/react-reconciler/src/ReactFiberHotReloading.js","needsCompareFamilies","const-export",false,"packages/React/src/react-reconciler/ReactFiberHotReloading.cpp","not-started"
"reactjs/packages/react-reconciler/src/ReactFiberHotReloading.js","markFailedErrorBoundaryForHotReloading","function",true,"packages/React/src/react-reconciler/ReactFiberHotReloading.cpp","not-started"
"reactjs/packages/react-reconciler/src/ReactFiberHotReloading.js","scheduleRefresh","arrow-fn",true,"packages/React/src/react-reconciler/ReactFiberHotReloading.cpp","not-started"
"reactjs/packages/react-reconciler/src/ReactFiberHotReloading.js","scheduleRoot","arrow-fn",true,"packages/React/src/react-reconciler/ReactFiberHotReloading.cpp","not-started"
"reactjs/packages/react-reconciler/src/ReactFiberHotReloading.js","scheduleFibersWithFamiliesRecursively","function",false,"packages/React/src/react-reconciler/ReactFiberHotReloading.cpp","not-started"
"reactjs/packages/react-reconciler/src/ReactFiberHotReloading.js","needsRender","const-export",false,"packages/React/src/react-reconciler/ReactFiberHotReloading.cpp","not-started"
"reactjs/packages/react-reconciler/src/ReactFiberHotReloading.js","needsRemount","const-export",false,"packages/React/src/react-reconciler/ReactFiberHotReloading.cpp","not-started"
"reactjs/packages/react-reconciler/src/ReactFiberHydrationContext.js","isHydrating","const-export",false,"packages/React/src/react-reconciler/ReactFiberHydrationContext.cpp","not-started"
"reactjs/packages/react-reconciler/src/ReactFiberHydrationContext.js","didSuspendOrErrorDEV","const-export",false,"packages/React/src/react-reconciler/ReactFiberHydrationContext.cpp","not-started"
"reactjs/packages/react-reconciler/src/ReactFiberHydrationContext.js","rootOrSingletonContext","const-export",false,"packages/React/src/react-reconciler/ReactFiberHydrationContext.cpp","not-started"
"reactjs/packages/react-reconciler/src/ReactFiberHydrationContext.js","buildHydrationDiffNode","function",false,"packages/React/src/react-reconciler/ReactFiberHydrationContext.cpp","not-started"
"reactjs/packages/react-reconciler/src/ReactFiberHydrationContext.js","newNode","variable-export",false,"packages/React/src/react-reconciler/ReactFiberHydrationContext.cpp","not-started"
"reactjs/packages/react-reconciler/src/ReactFiberHydrationContext.js","warnIfHydrating","function",false,"packages/React/src/react-reconciler/ReactFiberHydrationContext.cpp","not-started"
"reactjs/packages/react-reconciler/src/ReactFiberHydrationContext.js","markDidThrowWhileHydratingDEV","function",true,"packages/React/src/react-reconciler/ReactFiberHydrationContext.cpp","not-started"
"reactjs/packages/react-reconciler/src/ReactFiberHydrationContext.js","enterHydrationState","function",false,"packages/React/src/react-reconciler/ReactFiberHydrationContext.cpp","not-started"
"reactjs/packages/react-reconciler/src/ReactFiberHydrationContext.js","reenterHydrationStateFromDehydratedActivityInstance","function",false,"packages/React/src/react-reconciler/ReactFiberHydrationContext.cpp","not-started"
"reactjs/packages/react-reconciler/src/ReactFiberHydrationContext.js","reenterHydrationStateFromDehydratedSuspenseInstance","function",false,"packages/React/src/react-reconciler/ReactFiberHydrationContext.cpp","not-started"
"reactjs/packages/react-reconciler/src/ReactFiberHydrationContext.js","warnNonHydratedInstance","function",false,"packages/React/src/react-reconciler/ReactFiberHydrationContext.cpp","not-started"
"reactjs/packages/react-reconciler/src/ReactFiberHydrationContext.js","tryHydrateInstance","function",false,"packages/React/src/react-reconciler/ReactFiberHydrationContext.cpp","not-started"
"reactjs/packages/react-reconciler/src/ReactFiberHydrationContext.js","tryHydrateText","function",false,"packages/React/src/react-reconciler/ReactFiberHydrationContext.cpp","not-started"
"reactjs/packages/react-reconciler/src/ReactFiberHydrationContext.js","tryHydrateActivity","function",false,"packages/React/src/react-reconciler/ReactFiberHydrationContext.cpp","not-started"
"reactjs/packages/react-reconciler/src/ReactFiberHydrationContext.js","activityState","variable-export",false,"packages/React/src/react-reconciler/ReactFiberHydrationContext.cpp","not-started"
"reactjs/packages/react-reconciler/src/ReactFiberHydrationContext.js","tryHydrateSuspense","function",false,"packages/React/src/react-reconciler/ReactFiberHydrationContext.cpp","not-started"
"reactjs/packages/react-reconciler/src/ReactFiberHydrationContext.js","suspenseState","variable-export",false,"packages/React/src/react-reconciler/ReactFiberHydrationContext.cpp","not-started"
"reactjs/packages/react-reconciler/src/ReactFiberHydrationContext.js","HydrationMismatchException","variable-export",true,"packages/React/src/react-reconciler/ReactFiberHydrationContext.cpp","not-started"
"reactjs/packages/react-reconciler/src/ReactFiberHydrationContext.js","throwOnHydrationMismatch","function",false,"packages/React/src/react-reconciler/ReactFiberHydrationContext.cpp","not-started"
"reactjs/packages/react-reconciler/src/ReactFiberHydrationContext.js","diff","const-export",false,"packages/React/src/react-reconciler/ReactFiberHydrationContext.cpp","not-started"
"reactjs/packages/react-reconciler/src/ReactFiberHydrationContext.js","claimHydratableSingleton","function",false,"packages/React/src/react-reconciler/ReactFiberHydrationContext.cpp","not-started"
"reactjs/packages/react-reconciler/src/ReactFiberHydrationContext.js","tryToClaimNextHydratableInstance","function",false,"packages/React/src/react-reconciler/ReactFiberHydrationContext.cpp","not-started"
"reactjs/packages/react-reconciler/src/ReactFiberHydrationContext.js","tryToClaimNextHydratableTextInstance","function",false,"packages/React/src/react-reconciler/ReactFiberHydrationContext.cpp","not-started"
"reactjs/packages/react-reconciler/src/ReactFiberHydrationContext.js","shouldKeepWarning","const-export",false,"packages/React/src/react-reconciler/ReactFiberHydrationContext.cpp","not-started"
"reactjs/packages/react-reconciler/src/ReactFiberHydrationContext.js","claimNextHydratableActivityInstance","function",false,"packages/React/src/react-reconciler/ReactFiberHydrationContext.cpp","not-started"
"reactjs/packages/react-reconciler/src/ReactFiberHydrationContext.js","claimNextHydratableSuspenseInstance","function",false,"packages/React/src/react-reconciler/ReactFiberHydrationContext.cpp","not-started"
"reactjs/packages/react-reconciler/src/ReactFiberHydrationContext.js","tryToClaimNextHydratableFormMarkerInstance","function",true,"packages/React/src/react-reconciler/ReactFiberHydrationContext.cpp","not-started"
"reactjs/packages/react-reconciler/src/ReactFiberHydrationContext.js","prepareToHydrateHostInstance","function",false,"packages/React/src/react-reconciler/ReactFiberHydrationContext.cpp","not-started"
"reactjs/packages/react-reconciler/src/ReactFiberHydrationContext.js","prepareToHydrateHostTextInstance","function",false,"packages/React/src/react-reconciler/ReactFiberHydrationContext.cpp","not-started"
"reactjs/packages/react-reconciler/src/ReactFiberHydrationContext.js","prepareToHydrateHostActivityInstance","function",false,"packages/React/src/react-reconciler/ReactFiberHydrationContext.cpp","not-started"
"reactjs/packages/react-reconciler/src/ReactFiberHydrationContext.js","prepareToHydrateHostSuspenseInstance","function",false,"packages/React/src/react-reconciler/ReactFiberHydrationContext.cpp","not-started"
"reactjs/packages/react-reconciler/src/ReactFiberHydrationContext.js","skipPastDehydratedActivityInstance","function",false,"packages/React/src/react-reconciler/ReactFiberHydrationContext.cpp","not-started"
"reactjs/packages/react-reconciler/src/ReactFiberHydrationContext.js","skipPastDehydratedSuspenseInstance","function",false,"packages/React/src/react-reconciler/ReactFiberHydrationContext.cpp","not-started"
"reactjs/packages/react-reconciler/src/ReactFiberHydrationContext.js","popToNextHostParent","function",false,"packages/React/src/react-reconciler/ReactFiberHydrationContext.cpp","not-started"
"reactjs/packages/react-reconciler/src/ReactFiberHydrationContext.js","popHydrationState","function",false,"packages/React/src/react-reconciler/ReactFiberHydrationContext.cpp","not-started"
"reactjs/packages/react-reconciler/src/ReactFiberHydrationContext.js","warnIfUnhydratedTailNodes","function",false,"packages/React/src/react-reconciler/ReactFiberHydrationContext.cpp","not-started"
"reactjs/packages/react-reconciler/src/ReactFiberHydrationContext.js","resetHydrationState","function",false,"packages/React/src/react-reconciler/ReactFiberHydrationContext.cpp","not-started"
"reactjs/packages/react-reconciler/src/ReactFiberHydrationContext.js","upgradeHydrationErrorsToRecoverable","function",true,"packages/React/src/react-reconciler/ReactFiberHydrationContext.cpp","not-started"
"reactjs/packages/react-reconciler/src/ReactFiberHydrationContext.js","getIsHydrating","function",false,"packages/React/src/react-reconciler/ReactFiberHydrationContext.cpp","not-started"
"reactjs/packages/react-reconciler/src/ReactFiberHydrationContext.js","queueHydrationError","function",true,"packages/React/src/react-reconciler/ReactFiberHydrationContext.cpp","not-started"
"reactjs/packages/react-reconciler/src/ReactFiberHydrationContext.js","emitPendingHydrationWarnings","function",true,"packages/React/src/react-reconciler/ReactFiberHydrationContext.cpp","not-started"
"reactjs/packages/react-reconciler/src/ReactFiberHydrationContext.js","warnIfHydrating","variable-export",true,"packages/React/src/react-reconciler/ReactFiberHydrationContext.cpp","not-started"
"reactjs/packages/react-reconciler/src/ReactFiberHydrationContext.js","enterHydrationState","variable-export",true,"packages/React/src/react-reconciler/ReactFiberHydrationContext.cpp","not-started"
"reactjs/packages/react-reconciler/src/ReactFiberHydrationContext.js","getIsHydrating","variable-export",true,"packages/React/src/react-reconciler/ReactFiberHydrationContext.cpp","not-started"
"reactjs/packages/react-reconciler/src/ReactFiberHydrationContext.js","reenterHydrationStateFromDehydratedActivityInstance","variable-export",true,"packages/React/src/react-reconciler/ReactFiberHydrationContext.cpp","not-started"
"reactjs/packages/react-reconciler/src/ReactFiberHydrationContext.js","reenterHydrationStateFromDehydratedSuspenseInstance","variable-export",true,"packages/React/src/react-reconciler/ReactFiberHydrationContext.cpp","not-started"
"reactjs/packages/react-reconciler/src/ReactFiberHydrationContext.js","resetHydrationState","variable-export",true,"packages/React/src/react-reconciler/ReactFiberHydrationContext.cpp","not-started"
"reactjs/packages/react-reconciler/src/ReactFiberHydrationContext.js","claimHydratableSingleton","variable-export",true,"packages/React/src/react-reconciler/ReactFiberHydrationContext.cpp","not-started"
"reactjs/packages/react-reconciler/src/ReactFiberHydrationContext.js","tryToClaimNextHydratableInstance","variable-export",true,"packages/React/src/react-reconciler/ReactFiberHydrationContext.cpp","not-started"
"reactjs/packages/react-reconciler/src/ReactFiberHydrationContext.js","tryToClaimNextHydratableTextInstance","variable-export",true,"packages/React/src/react-reconciler/ReactFiberHydrationContext.cpp","not-started"
"reactjs/packages/react-reconciler/src/ReactFiberHydrationContext.js","claimNextHydratableActivityInstance","variable-export",true,"packages/React/src/react-reconciler/ReactFiberHydrationContext.cpp","not-started"
"reactjs/packages/react-reconciler/src/ReactFiberHydrationContext.js","claimNextHydratableSuspenseInstance","variable-export",true,"packages/React/src/react-reconciler/ReactFiberHydrationContext.cpp","not-started"
"reactjs/packages/react-reconciler/src/ReactFiberHydrationContext.js","prepareToHydrateHostInstance","variable-export",true,"packages/React/src/react-reconciler/ReactFiberHydrationContext.cpp","not-started"
"reactjs/packages/react-reconciler/src/ReactFiberHydrationContext.js","prepareToHydrateHostTextInstance","variable-export",true,"packages/React/src/react-reconciler/ReactFiberHydrationContext.cpp","not-started"
"reactjs/packages/react-reconciler/src/ReactFiberHydrationContext.js","prepareToHydrateHostActivityInstance","variable-export",true,"packages/React/src/react-reconciler/ReactFiberHydrationContext.cpp","not-started"
"reactjs/packages/react-reconciler/src/ReactFiberHydrationContext.js","prepareToHydrateHostSuspenseInstance","variable-export",true,"packages/React/src/react-reconciler/ReactFiberHydrationContext.cpp","not-started"
"reactjs/packages/react-reconciler/src/ReactFiberHydrationContext.js","popHydrationState","variable-export",true,"packages/React/src/react-reconciler/ReactFiberHydrationContext.cpp","not-started"
"reactjs/packages/react-reconciler/src/ReactFiberHydrationDiffs.js","HydrationDiffNode","type-export",true,"packages/React/src/react-reconciler/ReactFiberHydrationDiffs.h","not-started"
"reactjs/packages/react-reconciler/src/ReactFiberHydrationDiffs.js","maxRowLength","const-export",false,"packages/React/src/react-reconciler/ReactFiberHydrationDiffs.cpp","not-started"
"reactjs/packages/react-reconciler/src/ReactFiberHydrationDiffs.js","idealDepth","const-export",false,"packages/React/src/react-reconciler/ReactFiberHydrationDiffs.cpp","not-started"
"reactjs/packages/react-reconciler/src/ReactFiberHydrationDiffs.js","findNotableNode","function",false,"packages/React/src/react-reconciler/ReactFiberHydrationDiffs.cpp","not-started"
"reactjs/packages/react-reconciler/src/ReactFiberHydrationDiffs.js","indentation","function",false,"packages/React/src/react-reconciler/ReactFiberHydrationDiffs.cpp","not-started"
"reactjs/packages/react-reconciler/src/ReactFiberHydrationDiffs.js","added","function",false,"packages/React/src/react-reconciler/ReactFiberHydrationDiffs.cpp","not-started"
"reactjs/packages/react-reconciler/src/ReactFiberHydrationDiffs.js","removed","function",false,"packages/React/src/react-reconciler/ReactFiberHydrationDiffs.cpp","not-started"
"reactjs/packages/react-reconciler/src/ReactFiberHydrationDiffs.js","describeFiberType","function",false,"packages/React/src/react-reconciler/ReactFiberHydrationDiffs.cpp","not-started"
"reactjs/packages/react-reconciler/src/ReactFiberHydrationDiffs.js","describeTextNode","function",false,"packages/React/src/react-reconciler/ReactFiberHydrationDiffs.cpp","not-started"
"reactjs/packages/react-reconciler/src/ReactFiberHydrationDiffs.js","describeTextDiff","function",false,"packages/React/src/react-reconciler/ReactFiberHydrationDiffs.cpp","not-started"
"reactjs/packages/react-reconciler/src/ReactFiberHydrationDiffs.js","maxLength","const-export",false,"packages/React/src/react-reconciler/ReactFiberHydrationDiffs.cpp","not-started"
"reactjs/packages/react-reconciler/src/ReactFiberHydrationDiffs.js","firstDiff","const-export",false,"packages/React/src/react-reconciler/ReactFiberHydrationDiffs.cpp","not-started"
"reactjs/packages/react-reconciler/src/ReactFiberHydrationDiffs.js","objectName","function",false,"packages/React/src/react-reconciler/ReactFiberHydrationDiffs.cpp","not-started"
"reactjs/packages/react-reconciler/src/ReactFiberHydrationDiffs.js","describeValue","function",false,"packages/React/src/react-reconciler/ReactFiberHydrationDiffs.cpp","not-started"
"reactjs/packages/react-reconciler/src/ReactFiberHydrationDiffs.js","properties","const-export",false,"packages/React/src/react-reconciler/ReactFiberHydrationDiffs.cpp","not-started"
"reactjs/packages/react-reconciler/src/ReactFiberHydrationDiffs.js","describePropValue","function",false,"packages/React/src/react-reconciler/ReactFiberHydrationDiffs.cpp","not-started"
"reactjs/packages/react-reconciler/src/ReactFiberHydrationDiffs.js","describeCollapsedElement","function",false,"packages/React/src/react-reconciler/ReactFiberHydrationDiffs.cpp","not-started"
"reactjs/packages/react-reconciler/src/ReactFiberHydrationDiffs.js","maxLength","const-export",false,"packages/React/src/react-reconciler/ReactFiberHydrationDiffs.cpp","not-started"
"reactjs/packages/react-reconciler/src/ReactFiberHydrationDiffs.js","content","const-export",false,"packages/React/src/react-reconciler/ReactFiberHydrationDiffs.cpp","not-started"
"reactjs/packages/react-reconciler/src/ReactFiberHydrationDiffs.js","describeExpandedElement","function",false,"packages/React/src/react-reconciler/ReactFiberHydrationDiffs.cpp","not-started"
"reactjs/packages/react-reconciler/src/ReactFiberHydrationDiffs.js","remainingRowLength","const-export",false,"packages/React/src/react-reconciler/ReactFiberHydrationDiffs.cpp","not-started"
"reactjs/packages/react-reconciler/src/ReactFiberHydrationDiffs.js","maxLength","const-export",false,"packages/React/src/react-reconciler/ReactFiberHydrationDiffs.cpp","not-started"
"reactjs/packages/react-reconciler/src/ReactFiberHydrationDiffs.js","describePropertiesDiff","function",false,"packages/React/src/react-reconciler/ReactFiberHydrationDiffs.cpp","not-started"
"reactjs/packages/react-reconciler/src/ReactFiberHydrationDiffs.js","properties","const-export",false,"packages/React/src/react-reconciler/ReactFiberHydrationDiffs.cpp","not-started"
"reactjs/packages/react-reconciler/src/ReactFiberHydrationDiffs.js","maxLength","const-export",false,"packages/React/src/react-reconciler/ReactFiberHydrationDiffs.cpp","not-started"
"reactjs/packages/react-reconciler/src/ReactFiberHydrationDiffs.js","maxLength","const-export",false,"packages/React/src/react-reconciler/ReactFiberHydrationDiffs.cpp","not-started"
"reactjs/packages/react-reconciler/src/ReactFiberHydrationDiffs.js","describeElementDiff","function",false,"packages/React/src/react-reconciler/ReactFiberHydrationDiffs.cpp","not-started"
"reactjs/packages/react-reconciler/src/ReactFiberHydrationDiffs.js","content","const-export",false,"packages/React/src/react-reconciler/ReactFiberHydrationDiffs.cpp","not-started"
"reactjs/packages/react-reconciler/src/ReactFiberHydrationDiffs.js","maxLength","const-export",false,"packages/React/src/react-reconciler/ReactFiberHydrationDiffs.cpp","not-started"
"reactjs/packages/react-reconciler/src/ReactFiberHydrationDiffs.js","maxLength","const-export",false,"packages/React/src/react-reconciler/ReactFiberHydrationDiffs.cpp","not-started"
"reactjs/packages/react-reconciler/src/ReactFiberHydrationDiffs.js","serverText","const-export",false,"packages/React/src/react-reconciler/ReactFiberHydrationDiffs.cpp","not-started"
"reactjs/packages/react-reconciler/src/ReactFiberHydrationDiffs.js","clientText","const-export",false,"packages/React/src/react-reconciler/ReactFiberHydrationDiffs.cpp","not-started"
"reactjs/packages/react-reconciler/src/ReactFiberHydrationDiffs.js","describeSiblingFiber","function",false,"packages/React/src/react-reconciler/ReactFiberHydrationDiffs.cpp","not-started"
"reactjs/packages/react-reconciler/src/ReactFiberHydrationDiffs.js","flatContent","const-export",false,"packages/React/src/react-reconciler/ReactFiberHydrationDiffs.cpp","not-started"
"reactjs/packages/react-reconciler/src/ReactFiberHydrationDiffs.js","describeNode","function",false,"packages/React/src/react-reconciler/ReactFiberHydrationDiffs.cpp","not-started"
"reactjs/packages/react-reconciler/src/ReactFiberHydrationDiffs.js","parentContent","const-export",false,"packages/React/src/react-reconciler/ReactFiberHydrationDiffs.cpp","not-started"
"reactjs/packages/react-reconciler/src/ReactFiberHydrationDiffs.js","i","const-export",false,"packages/React/src/react-reconciler/ReactFiberHydrationDiffs.cpp","not-started"
"reactjs/packages/react-reconciler/src/ReactFiberHydrationDiffs.js","selfContent","const-export",false,"packages/React/src/react-reconciler/ReactFiberHydrationDiffs.cpp","not-started"
"reactjs/packages/react-reconciler/src/ReactFiberHydrationDiffs.js","childContent","const-export",false,"packages/React/src/react-reconciler/ReactFiberHydrationDiffs.cpp","not-started"
"reactjs/packages/react-reconciler/src/ReactFiberHydrationDiffs.js","diffIdx","const-export",false,"packages/React/src/react-reconciler/ReactFiberHydrationDiffs.cpp","not-started"
"reactjs/packages/react-reconciler/src/ReactFiberHydrationDiffs.js","i","const-export",false,"packages/React/src/react-reconciler/ReactFiberHydrationDiffs.cpp","not-started"
"reactjs/packages/react-reconciler/src/ReactFiberHydrationDiffs.js","describeDiff","function",true,"packages/React/src/react-reconciler/ReactFiberHydrationDiffs.cpp","not-started"
"reactjs/packages/react-reconciler/src/ReactFiberLane.js","Lanes","type-export",true,"packages/React/src/react-reconciler/ReactFiberLane.h","not-started"
"reactjs/packages/react-reconciler/src/ReactFiberLane.js","Lane","type-export",true,"packages/React/src/react-reconciler/ReactFiberLane.h","not-started"
"reactjs/packages/react-reconciler/src/ReactFiberLane.js","LaneMap","type-export",true,"packages/React/src/react-reconciler/ReactFiberLane.h","not-started"
"reactjs/packages/react-reconciler/src/ReactFiberLane.js","TotalLanes","const-export",true,"packages/React/src/react-reconciler/ReactFiberLane.cpp","not-started"
"reactjs/packages/react-reconciler/src/ReactFiberLane.js","NoLanes","const-export",true,"packages/React/src/react-reconciler/ReactFiberLane.cpp","not-started"
"reactjs/packages/react-reconciler/src/ReactFiberLane.js","NoLane","const-export",true,"packages/React/src/react-reconciler/ReactFiberLane.cpp","not-started"
"reactjs/packages/react-reconciler/src/ReactFiberLane.js","SyncHydrationLane","const-export",true,"packages/React/src/react-reconciler/ReactFiberLane.cpp","not-started"
"reactjs/packages/react-reconciler/src/ReactFiberLane.js","SyncLane","const-export",true,"packages/React/src/react-reconciler/ReactFiberLane.cpp","not-started"
"reactjs/packages/react-reconciler/src/ReactFiberLane.js","SyncLaneIndex","const-export",true,"packages/React/src/react-reconciler/ReactFiberLane.cpp","not-started"
"reactjs/packages/react-reconciler/src/ReactFiberLane.js","InputContinuousHydrationLane","const-export",true,"packages/React/src/react-reconciler/ReactFiberLane.cpp","not-started"
"reactjs/packages/react-reconciler/src/ReactFiberLane.js","InputContinuousLane","const-export",true,"packages/React/src/react-reconciler/ReactFiberLane.cpp","not-started"
"reactjs/packages/react-reconciler/src/ReactFiberLane.js","DefaultHydrationLane","const-export",true,"packages/React/src/react-reconciler/ReactFiberLane.cpp","not-started"
"reactjs/packages/react-reconciler/src/ReactFiberLane.js","DefaultLane","const-export",true,"packages/React/src/react-reconciler/ReactFiberLane.cpp","not-started"
"reactjs/packages/react-reconciler/src/ReactFiberLane.js","SyncUpdateLanes","const-export",true,"packages/React/src/react-reconciler/ReactFiberLane.cpp","not-started"
"reactjs/packages/react-reconciler/src/ReactFiberLane.js","GestureLane","const-export",true,"packages/React/src/react-reconciler/ReactFiberLane.cpp","not-started"
"reactjs/packages/react-reconciler/src/ReactFiberLane.js","TransitionHydrationLane","const-export",false,"packages/React/src/react-reconciler/ReactFiberLane.cpp","not-started"
"reactjs/packages/react-reconciler/src/ReactFiberLane.js","TransitionLanes","const-export",false,"packages/React/src/react-reconciler/ReactFiberLane.cpp","not-started"
"reactjs/packages/react-reconciler/src/ReactFiberLane.js","TransitionLane1","const-export",false,"packages/React/src/react-reconciler/ReactFiberLane.cpp","not-started"
"reactjs/packages/react-reconciler/src/ReactFiberLane.js","TransitionLane2","const-export",false,"packages/React/src/react-reconciler/ReactFiberLane.cpp","not-started"
"reactjs/packages/react-reconciler/src/ReactFiberLane.js","TransitionLane3","const-export",false,"packages/React/src/react-reconciler/ReactFiberLane.cpp","not-started"
"reactjs/packages/react-reconciler/src/ReactFiberLane.js","TransitionLane4","const-export",false,"packages/React/src/react-reconciler/ReactFiberLane.cpp","not-started"
"reactjs/packages/react-reconciler/src/ReactFiberLane.js","TransitionLane5","const-export",false,"packages/React/src/react-reconciler/ReactFiberLane.cpp","not-started"
"reactjs/packages/react-reconciler/src/ReactFiberLane.js","TransitionLane6","const-export",false,"packages/React/src/react-reconciler/ReactFiberLane.cpp","not-started"
"reactjs/packages/react-reconciler/src/ReactFiberLane.js","TransitionLane7","const-export",false,"packages/React/src/react-reconciler/ReactFiberLane.cpp","not-started"
"reactjs/packages/react-reconciler/src/ReactFiberLane.js","TransitionLane8","const-export",false,"packages/React/src/react-reconciler/ReactFiberLane.cpp","not-started"
"reactjs/packages/react-reconciler/src/ReactFiberLane.js","TransitionLane9","const-export",false,"packages/React/src/react-reconciler/ReactFiberLane.cpp","not-started"
"reactjs/packages/react-reconciler/src/ReactFiberLane.js","TransitionLane10","const-export",false,"packages/React/src/react-reconciler/ReactFiberLane.cpp","not-started"
"reactjs/packages/react-reconciler/src/ReactFiberLane.js","TransitionLane11","const-export",false,"packages/React/src/react-reconciler/ReactFiberLane.cpp","not-started"
"reactjs/packages/react-reconciler/src/ReactFiberLane.js","TransitionLane12","const-export",false,"packages/React/src/react-reconciler/ReactFiberLane.cpp","not-started"
"reactjs/packages/react-reconciler/src/ReactFiberLane.js","TransitionLane13","const-export",false,"packages/React/src/react-reconciler/ReactFiberLane.cpp","not-started"
"reactjs/packages/react-reconciler/src/ReactFiberLane.js","TransitionLane14","const-export",false,"packages/React/src/react-reconciler/ReactFiberLane.cpp","not-started"
"reactjs/packages/react-reconciler/src/ReactFiberLane.js","RetryLanes","const-export",false,"packages/React/src/react-reconciler/ReactFiberLane.cpp","not-started"
"reactjs/packages/react-reconciler/src/ReactFiberLane.js","RetryLane1","const-export",false,"packages/React/src/react-reconciler/ReactFiberLane.cpp","not-started"
"reactjs/packages/react-reconciler/src/ReactFiberLane.js","RetryLane2","const-export",false,"packages/React/src/react-reconciler/ReactFiberLane.cpp","not-started"
"reactjs/packages/react-reconciler/src/ReactFiberLane.js","RetryLane3","const-export",false,"packages/React/src/react-reconciler/ReactFiberLane.cpp","not-started"
"reactjs/packages/react-reconciler/src/ReactFiberLane.js","RetryLane4","const-export",false,"packages/React/src/react-reconciler/ReactFiberLane.cpp","not-started"
"reactjs/packages/react-reconciler/src/ReactFiberLane.js","SomeRetryLane","variable-export",true,"packages/React/src/react-reconciler/ReactFiberLane.cpp","not-started"
"reactjs/packages/react-reconciler/src/ReactFiberLane.js","SelectiveHydrationLane","const-export",true,"packages/React/src/react-reconciler/ReactFiberLane.cpp","not-started"
"reactjs/packages/react-reconciler/src/ReactFiberLane.js","NonIdleLanes","const-export",false,"packages/React/src/react-reconciler/ReactFiberLane.cpp","not-started"
"reactjs/packages/react-reconciler/src/ReactFiberLane.js","IdleHydrationLane","const-export",true,"packages/React/src/react-reconciler/ReactFiberLane.cpp","not-started"
"reactjs/packages/react-reconciler/src/ReactFiberLane.js","IdleLane","const-export",true,"packages/React/src/react-reconciler/ReactFiberLane.cpp","not-started"
"reactjs/packages/react-reconciler/src/ReactFiberLane.js","OffscreenLane","const-export",true,"packages/React/src/react-reconciler/ReactFiberLane.cpp","not-started"
"reactjs/packages/react-reconciler/src/ReactFiberLane.js","DeferredLane","const-export",true,"packages/React/src/react-reconciler/ReactFiberLane.cpp","not-started"
"reactjs/packages/react-reconciler/src/ReactFiberLane.js","UpdateLanes","const-export",true,"packages/React/src/react-reconciler/ReactFiberLane.cpp","not-started"
"reactjs/packages/react-reconciler/src/ReactFiberLane.js","HydrationLanes","const-export",true,"packages/React/src/react-reconciler/ReactFiberLane.cpp","not-started"
"reactjs/packages/react-reconciler/src/ReactFiberLane.js","getLabelForLane","function",true,"packages/React/src/react-reconciler/ReactFiberLane.cpp","not-started"
"reactjs/packages/react-reconciler/src/ReactFiberLane.js","NoTimestamp","variable-export",true,"packages/React/src/react-reconciler/ReactFiberLane.cpp","not-started"
"reactjs/packages/react-reconciler/src/ReactFiberLane.js","getHighestPriorityLanes","function",false,"packages/React/src/react-reconciler/ReactFiberLane.cpp","not-started"
"reactjs/packages/react-reconciler/src/ReactFiberLane.js","pendingSyncLanes","const-export",false,"packages/React/src/react-reconciler/ReactFiberLane.cpp","not-started"
"reactjs/packages/react-reconciler/src/ReactFiberLane.js","getNextLanes","function",true,"packages/React/src/react-reconciler/ReactFiberLane.cpp","not-started"
"reactjs/packages/react-reconciler/src/ReactFiberLane.js","nonIdlePendingLanes","const-export",false,"packages/React/src/react-reconciler/ReactFiberLane.cpp","not-started"
"reactjs/packages/react-reconciler/src/ReactFiberLane.js","nonIdleUnblockedLanes","const-export",false,"packages/React/src/react-reconciler/ReactFiberLane.cpp","not-started"
"reactjs/packages/react-reconciler/src/ReactFiberLane.js","nonIdlePingedLanes","const-export",false,"packages/React/src/react-reconciler/ReactFiberLane.cpp","not-started"
"reactjs/packages/react-reconciler/src/ReactFiberLane.js","lanesToPrewarm","const-export",false,"packages/React/src/react-reconciler/ReactFiberLane.cpp","not-started"
"reactjs/packages/react-reconciler/src/ReactFiberLane.js","unblockedLanes","const-export",false,"packages/React/src/react-reconciler/ReactFiberLane.cpp","not-started"
"reactjs/packages/react-reconciler/src/ReactFiberLane.js","lanesToPrewarm","const-export",false,"packages/React/src/react-reconciler/ReactFiberLane.cpp","not-started"
"reactjs/packages/react-reconciler/src/ReactFiberLane.js","getNextLanesToFlushSync","function",true,"packages/React/src/react-reconciler/ReactFiberLane.cpp","not-started"
"reactjs/packages/react-reconciler/src/ReactFiberLane.js","lanesToFlush","const-export",false,"packages/React/src/react-reconciler/ReactFiberLane.cpp","not-started"
"reactjs/packages/react-reconciler/src/ReactFiberLane.js","unblockedLanes","const-export",false,"packages/React/src/react-reconciler/ReactFiberLane.cpp","not-started"
"reactjs/packages/react-reconciler/src/ReactFiberLane.js","unblockedLanesWithMatchingPriority","const-export",false,"packages/React/src/react-reconciler/ReactFiberLane.cpp","not-started"
"reactjs/packages/react-reconciler/src/ReactFiberLane.js","checkIfRootIsPrerendering","function",true,"packages/React/src/react-reconciler/ReactFiberLane.cpp","not-started"
"reactjs/packages/react-reconciler/src/ReactFiberLane.js","unblockedLanes","const-export",false,"packages/React/src/react-reconciler/ReactFiberLane.cpp","not-started"
"reactjs/packages/react-reconciler/src/ReactFiberLane.js","getEntangledLanes","function",true,"packages/React/src/react-reconciler/ReactFiberLane.cpp","not-started"
"reactjs/packages/react-reconciler/src/ReactFiberLane.js","lanes","const-export",false,"packages/React/src/react-reconciler/ReactFiberLane.cpp","not-started"
"reactjs/packages/react-reconciler/src/ReactFiberLane.js","lane","const-export",false,"packages/React/src/react-reconciler/ReactFiberLane.cpp","not-started"
"reactjs/packages/react-reconciler/src/ReactFiberLane.js","computeExpirationTime","function",false,"packages/React/src/react-reconciler/ReactFiberLane.cpp","not-started"
"reactjs/packages/react-reconciler/src/ReactFiberLane.js","markStarvedLanesAsExpired","function",true,"packages/React/src/react-reconciler/ReactFiberLane.cpp","not-started"
"reactjs/packages/react-reconciler/src/ReactFiberLane.js","lane","const-export",false,"packages/React/src/react-reconciler/ReactFiberLane.cpp","not-started"
"reactjs/packages/react-reconciler/src/ReactFiberLane.js","getHighestPriorityPendingLanes","function",true,"packages/React/src/react-reconciler/ReactFiberLane.cpp","not-started"
"reactjs/packages/react-reconciler/src/ReactFiberLane.js","getLanesToRetrySynchronouslyOnError","function",true,"packages/React/src/react-reconciler/ReactFiberLane.cpp","not-started"
"reactjs/packages/react-reconciler/src/ReactFiberLane.js","everythingButOffscreen","const-export",false,"packages/React/src/react-reconciler/ReactFiberLane.cpp","not-started"
"reactjs/packages/react-reconciler/src/ReactFiberLane.js","includesSyncLane","function",true,"packages/React/src/react-reconciler/ReactFiberLane.cpp","not-started"
"reactjs/packages/react-reconciler/src/ReactFiberLane.js","isSyncLane","function",true,"packages/React/src/react-reconciler/ReactFiberLane.cpp","not-started"
"reactjs/packages/react-reconciler/src/ReactFiberLane.js","includesNonIdleWork","function",true,"packages/React/src/react-reconciler/ReactFiberLane.cpp","not-started"
"reactjs/packages/react-reconciler/src/ReactFiberLane.js","includesOnlyRetries","function",true,"packages/React/src/react-reconciler/ReactFiberLane.cpp","not-started"
"reactjs/packages/react-reconciler/src/ReactFiberLane.js","includesOnlyNonUrgentLanes","function",true,"packages/React/src/react-reconciler/ReactFiberLane.cpp","not-started"
"reactjs/packages/react-reconciler/src/ReactFiberLane.js","UrgentLanes","const-export",false,"packages/React/src/react-reconciler/ReactFiberLane.cpp","not-started"
"reactjs/packages/react-reconciler/src/ReactFiberLane.js","includesOnlyTransitions","function",true,"packages/React/src/react-reconciler/ReactFiberLane.cpp","not-started"
"reactjs/packages/react-reconciler/src/ReactFiberLane.js","includesTransitionLane","function",true,"packages/React/src/react-reconciler/ReactFiberLane.cpp","not-started"
"reactjs/packages/react-reconciler/src/ReactFiberLane.js","includesOnlyHydrationLanes","function",true,"packages/React/src/react-reconciler/ReactFiberLane.cpp","not-started"
"reactjs/packages/react-reconciler/src/ReactFiberLane.js","includesOnlyOffscreenLanes","function",true,"packages/React/src/react-reconciler/ReactFiberLane.cpp","not-started"
"reactjs/packages/react-reconciler/src/ReactFiberLane.js","includesOnlyHydrationOrOffscreenLanes","function",true,"packages/React/src/react-reconciler/ReactFiberLane.cpp","not-started"
"reactjs/packages/react-reconciler/src/ReactFiberLane.js","includesOnlyViewTransitionEligibleLanes","function",true,"packages/React/src/react-reconciler/ReactFiberLane.cpp","not-started"
"reactjs/packages/react-reconciler/src/ReactFiberLane.js","includesOnlySuspenseyCommitEligibleLanes","function",true,"packages/React/src/react-reconciler/ReactFiberLane.cpp","not-started"
"reactjs/packages/react-reconciler/src/ReactFiberLane.js","includesLoadingIndicatorLanes","function",true,"packages/React/src/react-reconciler/ReactFiberLane.cpp","not-started"
"reactjs/packages/react-reconciler/src/ReactFiberLane.js","includesBlockingLane","function",true,"packages/React/src/react-reconciler/ReactFiberLane.cpp","not-started"
"reactjs/packages/react-reconciler/src/ReactFiberLane.js","SyncDefaultLanes","const-export",false,"packages/React/src/react-reconciler/ReactFiberLane.cpp","not-started"
"reactjs/packages/react-reconciler/src/ReactFiberLane.js","includesExpiredLane","function",true,"packages/React/src/react-reconciler/ReactFiberLane.cpp","not-started"
"reactjs/packages/react-reconciler/src/ReactFiberLane.js","isBlockingLane","function",true,"packages/React/src/react-reconciler/ReactFiberLane.cpp","not-started"
"reactjs/packages/react-reconciler/src/ReactFiberLane.js","SyncDefaultLanes","const-export",false,"packages/React/src/react-reconciler/ReactFiberLane.cpp","not-started"
"reactjs/packages/react-reconciler/src/ReactFiberLane.js","isTransitionLane","function",true,"packages/React/src/react-reconciler/ReactFiberLane.cpp","not-started"
"reactjs/packages/react-reconciler/src/ReactFiberLane.js","isGestureRender","function",true,"packages/React/src/react-reconciler/ReactFiberLane.cpp","not-started"
"reactjs/packages/react-reconciler/src/ReactFiberLane.js","claimNextTransitionLane","function",true,"packages/React/src/react-reconciler/ReactFiberLane.cpp","not-started"
"reactjs/packages/react-reconciler/src/ReactFiberLane.js","claimNextRetryLane","function",true,"packages/React/src/react-reconciler/ReactFiberLane.cpp","not-started"
"reactjs/packages/react-reconciler/src/ReactFiberLane.js","getHighestPriorityLane","function",true,"packages/React/src/react-reconciler/ReactFiberLane.cpp","not-started"
"reactjs/packages/react-reconciler/src/ReactFiberLane.js","getLanesOfEqualOrHigherPriority","function",false,"packages/React/src/react-reconciler/ReactFiberLane.cpp","not-started"
"reactjs/packages/react-reconciler/src/ReactFiberLane.js","lowestPriorityLaneIndex","const-export",false,"packages/React/src/react-reconciler/ReactFiberLane.cpp","not-started"
"reactjs/packages/react-reconciler/src/ReactFiberLane.js","pickArbitraryLane","function",true,"packages/React/src/react-reconciler/ReactFiberLane.cpp","not-started"
"reactjs/packages/react-reconciler/src/ReactFiberLane.js","pickArbitraryLaneIndex","function",false,"packages/React/src/react-reconciler/ReactFiberLane.cpp","not-started"
"reactjs/packages/react-reconciler/src/ReactFiberLane.js","laneToIndex","function",false,"packages/React/src/react-reconciler/ReactFiberLane.cpp","not-started"
"reactjs/packages/react-reconciler/src/ReactFiberLane.js","includesSomeLane","function",true,"packages/React/src/react-reconciler/ReactFiberLane.cpp","not-started"
"reactjs/packages/react-reconciler/src/ReactFiberLane.js","isSubsetOfLanes","function",true,"packages/React/src/react-reconciler/ReactFiberLane.cpp","not-started"
"reactjs/packages/react-reconciler/src/ReactFiberLane.js","mergeLanes","function",true,"packages/React/src/react-reconciler/ReactFiberLane.cpp","not-started"
"reactjs/packages/react-reconciler/src/ReactFiberLane.js","removeLanes","function",true,"packages/React/src/react-reconciler/ReactFiberLane.cpp","not-started"
"reactjs/packages/react-reconciler/src/ReactFiberLane.js","intersectLanes","function",true,"packages/React/src/react-reconciler/ReactFiberLane.cpp","not-started"
"reactjs/packages/react-reconciler/src/ReactFiberLane.js","laneToLanes","function",true,"packages/React/src/react-reconciler/ReactFiberLane.cpp","not-started"
"reactjs/packages/react-reconciler/src/ReactFiberLane.js","higherPriorityLane","function",true,"packages/React/src/react-reconciler/ReactFiberLane.cpp","not-started"
"reactjs/packages/react-reconciler/src/ReactFiberLane.js","createLaneMap","function",true,"packages/React/src/react-reconciler/ReactFiberLane.cpp","not-started"
"reactjs/packages/react-reconciler/src/ReactFiberLane.js","i","const-export",false,"packages/React/src/react-reconciler/ReactFiberLane.cpp","not-started"
"reactjs/packages/react-reconciler/src/ReactFiberLane.js","markRootUpdated","function",true,"packages/React/src/react-reconciler/ReactFiberLane.cpp","not-started"
"reactjs/packages/react-reconciler/src/ReactFiberLane.js","markRootSuspended","function",true,"packages/React/src/react-reconciler/ReactFiberLane.cpp","not-started"
"reactjs/packages/react-reconciler/src/ReactFiberLane.js","lane","const-export",false,"packages/React/src/react-reconciler/ReactFiberLane.cpp","not-started"
"reactjs/packages/react-reconciler/src/ReactFiberLane.js","markRootPinged","function",true,"packages/React/src/react-reconciler/ReactFiberLane.cpp","not-started"
"reactjs/packages/react-reconciler/src/ReactFiberLane.js","markRootFinished","function",true,"packages/React/src/react-reconciler/ReactFiberLane.cpp","not-started"
"reactjs/packages/react-reconciler/src/ReactFiberLane.js","noLongerPendingLanes","const-export",false,"packages/React/src/react-reconciler/ReactFiberLane.cpp","not-started"
"reactjs/packages/react-reconciler/src/ReactFiberLane.js","lane","const-export",false,"packages/React/src/react-reconciler/ReactFiberLane.cpp","not-started"
"reactjs/packages/react-reconciler/src/ReactFiberLane.js","i","const-export",false,"packages/React/src/react-reconciler/ReactFiberLane.cpp","not-started"
"reactjs/packages/react-reconciler/src/ReactFiberLane.js","freshlySpawnedRetryLanes","const-export",false,"packages/React/src/react-reconciler/ReactFiberLane.cpp","not-started"
"reactjs/packages/react-reconciler/src/ReactFiberLane.js","markSpawnedDeferredLane","function",false,"packages/React/src/react-reconciler/ReactFiberLane.cpp","not-started"
"reactjs/packages/react-reconciler/src/ReactFiberLane.js","markRootEntangled","function",true,"packages/React/src/react-reconciler/ReactFiberLane.cpp","not-started"
"reactjs/packages/react-reconciler/src/ReactFiberLane.js","lane","const-export",false,"packages/React/src/react-reconciler/ReactFiberLane.cpp","not-started"
"reactjs/packages/react-reconciler/src/ReactFiberLane.js","upgradePendingLanesToSync","function",true,"packages/React/src/react-reconciler/ReactFiberLane.cpp","not-started"
"reactjs/packages/react-reconciler/src/ReactFiberLane.js","lane","const-export",false,"packages/React/src/react-reconciler/ReactFiberLane.cpp","not-started"
"reactjs/packages/react-reconciler/src/ReactFiberLane.js","markHiddenUpdate","function",true,"packages/React/src/react-reconciler/ReactFiberLane.cpp","not-started"
"reactjs/packages/react-reconciler/src/ReactFiberLane.js","getBumpedLaneForHydration","function",true,"packages/React/src/react-reconciler/ReactFiberLane.cpp","not-started"
"reactjs/packages/react-reconciler/src/ReactFiberLane.js","getBumpedLaneForHydrationByLane","function",true,"packages/React/src/react-reconciler/ReactFiberLane.cpp","not-started"
"reactjs/packages/react-reconciler/src/ReactFiberLane.js","addFiberToLanesMap","function",true,"packages/React/src/react-reconciler/ReactFiberLane.cpp","not-started"
"reactjs/packages/react-reconciler/src/ReactFiberLane.js","lane","const-export",false,"packages/React/src/react-reconciler/ReactFiberLane.cpp","not-started"
"reactjs/packages/react-reconciler/src/ReactFiberLane.js","movePendingFibersToMemoized","function",true,"packages/React/src/react-reconciler/ReactFiberLane.cpp","not-started"
"reactjs/packages/react-reconciler/src/ReactFiberLane.js","lane","const-export",false,"packages/React/src/react-reconciler/ReactFiberLane.cpp","not-started"
"reactjs/packages/react-reconciler/src/ReactFiberLane.js","addTransitionToLanesMap","function",true,"packages/React/src/react-reconciler/ReactFiberLane.cpp","not-started"
"reactjs/packages/react-reconciler/src/ReactFiberLane.js","getTransitionsForLanes","function",true,"packages/React/src/react-reconciler/ReactFiberLane.cpp","not-started"
"reactjs/packages/react-reconciler/src/ReactFiberLane.js","lane","const-export",false,"packages/React/src/react-reconciler/ReactFiberLane.cpp","not-started"
"reactjs/packages/react-reconciler/src/ReactFiberLane.js","clearTransitionsForLanes","function",true,"packages/React/src/react-reconciler/ReactFiberLane.cpp","not-started"
"reactjs/packages/react-reconciler/src/ReactFiberLane.js","lane","const-export",false,"packages/React/src/react-reconciler/ReactFiberLane.cpp","not-started"
"reactjs/packages/react-reconciler/src/ReactFiberLane.js","getGroupNameOfHighestPriorityLane","function",true,"packages/React/src/react-reconciler/ReactFiberLane.cpp","not-started"
"reactjs/packages/react-reconciler/src/ReactFiberLegacyContext.js","emptyContextObject","variable-export",true,"packages/React/src/react-reconciler/ReactFiberLegacyContext.cpp","not-started"
"reactjs/packages/react-reconciler/src/ReactFiberLegacyContext.js","getUnmaskedContext","function",false,"packages/React/src/react-reconciler/ReactFiberLegacyContext.cpp","not-started"
"reactjs/packages/react-reconciler/src/ReactFiberLegacyContext.js","cacheContext","function",false,"packages/React/src/react-reconciler/ReactFiberLegacyContext.cpp","not-started"
"reactjs/packages/react-reconciler/src/ReactFiberLegacyContext.js","getMaskedContext","function",false,"packages/React/src/react-reconciler/ReactFiberLegacyContext.cpp","not-started"
"reactjs/packages/react-reconciler/src/ReactFiberLegacyContext.js","context","variable-export",false,"packages/React/src/react-reconciler/ReactFiberLegacyContext.cpp","not-started"
"reactjs/packages/react-reconciler/src/ReactFiberLegacyContext.js","hasContextChanged","function",false,"packages/React/src/react-reconciler/ReactFiberLegacyContext.cpp","not-started"
"reactjs/packages/react-reconciler/src/ReactFiberLegacyContext.js","isContextProvider","function",false,"packages/React/src/react-reconciler/ReactFiberLegacyContext.cpp","not-started"
"reactjs/packages/react-reconciler/src/ReactFiberLegacyContext.js","popContext","function",false,"packages/React/src/react-reconciler/ReactFiberLegacyContext.cpp","not-started"
"reactjs/packages/react-reconciler/src/ReactFiberLegacyContext.js","popTopLevelContextObject","function",false,"packages/React/src/react-reconciler/ReactFiberLegacyContext.cpp","not-started"
"reactjs/packages/react-reconciler/src/ReactFiberLegacyContext.js","pushTopLevelContextObject","function",false,"packages/React/src/react-reconciler/ReactFiberLegacyContext.cpp","not-started"
"reactjs/packages/react-reconciler/src/ReactFiberLegacyContext.js","processChildContext","function",false,"packages/React/src/react-reconciler/ReactFiberLegacyContext.cpp","not-started"
"reactjs/packages/react-reconciler/src/ReactFiberLegacyContext.js","pushContextProvider","function",false,"packages/React/src/react-reconciler/ReactFiberLegacyContext.cpp","not-started"
"reactjs/packages/react-reconciler/src/ReactFiberLegacyContext.js","invalidateContextProvider","function",false,"packages/React/src/react-reconciler/ReactFiberLegacyContext.cpp","not-started"
"reactjs/packages/react-reconciler/src/ReactFiberLegacyContext.js","findCurrentUnmaskedContext","function",false,"packages/React/src/react-reconciler/ReactFiberLegacyContext.cpp","not-started"
"reactjs/packages/react-reconciler/src/ReactFiberLegacyContext.js","getUnmaskedContext","variable-export",true,"packages/React/src/react-reconciler/ReactFiberLegacyContext.cpp","not-started"
"reactjs/packages/react-reconciler/src/ReactFiberLegacyContext.js","cacheContext","variable-export",true,"packages/React/src/react-reconciler/ReactFiberLegacyContext.cpp","not-started"
"reactjs/packages/react-reconciler/src/ReactFiberLegacyContext.js","getMaskedContext","variable-export",true,"packages/React/src/react-reconciler/ReactFiberLegacyContext.cpp","not-started"
"reactjs/packages/react-reconciler/src/ReactFiberLegacyContext.js","hasContextChanged","variable-export",true,"packages/React/src/react-reconciler/ReactFiberLegacyContext.cpp","not-started"
"reactjs/packages/react-reconciler/src/ReactFiberLegacyContext.js","popContext","variable-export",true,"packages/React/src/react-reconciler/ReactFiberLegacyContext.cpp","not-started"
"reactjs/packages/react-reconciler/src/ReactFiberLegacyContext.js","popTopLevelContextObject","variable-export",true,"packages/React/src/react-reconciler/ReactFiberLegacyContext.cpp","not-started"
"reactjs/packages/react-reconciler/src/ReactFiberLegacyContext.js","pushTopLevelContextObject","variable-export",true,"packages/React/src/react-reconciler/ReactFiberLegacyContext.cpp","not-started"
"reactjs/packages/react-reconciler/src/ReactFiberLegacyContext.js","processChildContext","variable-export",true,"packages/React/src/react-reconciler/ReactFiberLegacyContext.cpp","not-started"
"reactjs/packages/react-reconciler/src/ReactFiberLegacyContext.js","isContextProvider","variable-export",true,"packages/React/src/react-reconciler/ReactFiberLegacyContext.cpp","not-started"
"reactjs/packages/react-reconciler/src/ReactFiberLegacyContext.js","pushContextProvider","variable-export",true,"packages/React/src/react-reconciler/ReactFiberLegacyContext.cpp","not-started"
"reactjs/packages/react-reconciler/src/ReactFiberLegacyContext.js","invalidateContextProvider","variable-export",true,"packages/React/src/react-reconciler/ReactFiberLegacyContext.cpp","not-started"
"reactjs/packages/react-reconciler/src/ReactFiberLegacyContext.js","findCurrentUnmaskedContext","variable-export",true,"packages/React/src/react-reconciler/ReactFiberLegacyContext.cpp","not-started"
"reactjs/packages/react-reconciler/src/ReactFiberMutationTracking.js","rootMutationContext","const-export",true,"packages/React/src/react-reconciler/ReactFiberMutationTracking.cpp","not-started"
"reactjs/packages/react-reconciler/src/ReactFiberMutationTracking.js","viewTransitionMutationContext","const-export",true,"packages/React/src/react-reconciler/ReactFiberMutationTracking.cpp","not-started"
"reactjs/packages/react-reconciler/src/ReactFiberMutationTracking.js","pushRootMutationContext","function",true,"packages/React/src/react-reconciler/ReactFiberMutationTracking.cpp","not-started"
"reactjs/packages/react-reconciler/src/ReactFiberMutationTracking.js","pushMutationContext","function",true,"packages/React/src/react-reconciler/ReactFiberMutationTracking.cpp","not-started"
"reactjs/packages/react-reconciler/src/ReactFiberMutationTracking.js","popMutationContext","function",true,"packages/React/src/react-reconciler/ReactFiberMutationTracking.cpp","not-started"
"reactjs/packages/react-reconciler/src/ReactFiberMutationTracking.js","trackHostMutation","function",true,"packages/React/src/react-reconciler/ReactFiberMutationTracking.cpp","not-started"
"reactjs/packages/react-reconciler/src/ReactFiberNewContext.js","isDisallowedContextReadInDEV","const-export",false,"packages/React/src/react-reconciler/ReactFiberNewContext.cpp","not-started"
"reactjs/packages/react-reconciler/src/ReactFiberNewContext.js","resetContextDependencies","function",true,"packages/React/src/react-reconciler/ReactFiberNewContext.cpp","not-started"
"reactjs/packages/react-reconciler/src/ReactFiberNewContext.js","enterDisallowedContextReadInDEV","function",true,"packages/React/src/react-reconciler/ReactFiberNewContext.cpp","not-started"
"reactjs/packages/react-reconciler/src/ReactFiberNewContext.js","exitDisallowedContextReadInDEV","function",true,"packages/React/src/react-reconciler/ReactFiberNewContext.cpp","not-started"
"reactjs/packages/react-reconciler/src/ReactFiberNewContext.js","pushProvider","function",true,"packages/React/src/react-reconciler/ReactFiberNewContext.cpp","not-started"
"reactjs/packages/react-reconciler/src/ReactFiberNewContext.js","popProvider","function",true,"packages/React/src/react-reconciler/ReactFiberNewContext.cpp","not-started"
"reactjs/packages/react-reconciler/src/ReactFiberNewContext.js","scheduleContextWorkOnParentPath","function",true,"packages/React/src/react-reconciler/ReactFiberNewContext.cpp","not-started"
"reactjs/packages/react-reconciler/src/ReactFiberNewContext.js","propagateContextChange","function",true,"packages/React/src/react-reconciler/ReactFiberNewContext.cpp","not-started"
"reactjs/packages/react-reconciler/src/ReactFiberNewContext.js","forcePropagateEntireTree","const-export",false,"packages/React/src/react-reconciler/ReactFiberNewContext.cpp","not-started"
"reactjs/packages/react-reconciler/src/ReactFiberNewContext.js","propagateContextChanges","function",false,"packages/React/src/react-reconciler/ReactFiberNewContext.cpp","not-started"
"reactjs/packages/react-reconciler/src/ReactFiberNewContext.js","i","const-export",false,"packages/React/src/react-reconciler/ReactFiberNewContext.cpp","not-started"
"reactjs/packages/react-reconciler/src/ReactFiberNewContext.js","lazilyPropagateParentContextChanges","function",true,"packages/React/src/react-reconciler/ReactFiberNewContext.cpp","not-started"
"reactjs/packages/react-reconciler/src/ReactFiberNewContext.js","forcePropagateEntireTree","const-export",false,"packages/React/src/react-reconciler/ReactFiberNewContext.cpp","not-started"
"reactjs/packages/react-reconciler/src/ReactFiberNewContext.js","propagateParentContextChangesToDeferredTree","function",true,"packages/React/src/react-reconciler/ReactFiberNewContext.cpp","not-started"
"reactjs/packages/react-reconciler/src/ReactFiberNewContext.js","forcePropagateEntireTree","const-export",false,"packages/React/src/react-reconciler/ReactFiberNewContext.cpp","not-started"
"reactjs/packages/react-reconciler/src/ReactFiberNewContext.js","propagateParentContextChanges","function",false,"packages/React/src/react-reconciler/ReactFiberNewContext.cpp","not-started"
"reactjs/packages/react-reconciler/src/ReactFiberNewContext.js","isInsidePropagationBailout","const-export",false,"packages/React/src/react-reconciler/ReactFiberNewContext.cpp","not-started"
"reactjs/packages/react-reconciler/src/ReactFiberNewContext.js","checkIfContextChanged","function",true,"packages/React/src/react-reconciler/ReactFiberNewContext.cpp","not-started"
"reactjs/packages/react-reconciler/src/ReactFiberNewContext.js","prepareToReadContext","function",true,"packages/React/src/react-reconciler/ReactFiberNewContext.cpp","not-started"
"reactjs/packages/react-reconciler/src/ReactFiberNewContext.js","readContext","function",true,"packages/React/src/react-reconciler/ReactFiberNewContext.cpp","not-started"
"reactjs/packages/react-reconciler/src/ReactFiberNewContext.js","readContextDuringReconciliation","function",true,"packages/React/src/react-reconciler/ReactFiberNewContext.cpp","not-started"
"reactjs/packages/react-reconciler/src/ReactFiberNewContext.js","readContextForConsumer","function",false,"packages/React/src/react-reconciler/ReactFiberNewContext.cpp","not-started"
"reactjs/packages/react-reconciler/src/ReactFiberNewContext.js","contextItem","variable-export",false,"packages/React/src/react-reconciler/ReactFiberNewContext.cpp","not-started"
"reactjs/packages/react-reconciler/src/ReactFiberOffscreenComponent.js","LegacyHiddenProps","type-export",true,"packages/React/src/react-reconciler/ReactFiberOffscreenComponent.h","not-started"
"reactjs/packages/react-reconciler/src/ReactFiberOffscreenComponent.js","OffscreenProps","type-export",true,"packages/React/src/react-reconciler/ReactFiberOffscreenComponent.h","not-started"
"reactjs/packages/react-reconciler/src/ReactFiberOffscreenComponent.js","OffscreenState","type-export",true,"packages/React/src/react-reconciler/ReactFiberOffscreenComponent.h","not-started"
"reactjs/packages/react-reconciler/src/ReactFiberOffscreenComponent.js","OffscreenQueue","type-export",true,"packages/React/src/react-reconciler/ReactFiberOffscreenComponent.h","not-started"
"reactjs/packages/react-reconciler/src/ReactFiberOffscreenComponent.js","OffscreenVisible","const-export",true,"packages/React/src/react-reconciler/ReactFiberOffscreenComponent.cpp","not-started"
"reactjs/packages/react-reconciler/src/ReactFiberOffscreenComponent.js","OffscreenPassiveEffectsConnected","const-export",true,"packages/React/src/react-reconciler/ReactFiberOffscreenComponent.cpp","not-started"
"reactjs/packages/react-reconciler/src/ReactFiberOffscreenComponent.js","OffscreenInstance","type-export",true,"packages/React/src/react-reconciler/ReactFiberOffscreenComponent.h","not-started"
"reactjs/packages/react-reconciler/src/ReactFiberPerformanceTrack.js","COMPONENTS_TRACK","const-export",false,"packages/React/src/react-reconciler/ReactFiberPerformanceTrack.cpp","not-started"
"reactjs/packages/react-reconciler/src/ReactFiberPerformanceTrack.js","LANES_TRACK_GROUP","const-export",false,"packages/React/src/react-reconciler/ReactFiberPerformanceTrack.cpp","not-started"
"reactjs/packages/react-reconciler/src/ReactFiberPerformanceTrack.js","currentTrack","const-export",false,"packages/React/src/react-reconciler/ReactFiberPerformanceTrack.cpp","not-started"
"reactjs/packages/react-reconciler/src/ReactFiberPerformanceTrack.js","setCurrentTrackFromLanes","function",true,"packages/React/src/react-reconciler/ReactFiberPerformanceTrack.cpp","not-started"
"reactjs/packages/react-reconciler/src/ReactFiberPerformanceTrack.js","markAllLanesInOrder","function",true,"packages/React/src/react-reconciler/ReactFiberPerformanceTrack.cpp","not-started"
"reactjs/packages/react-reconciler/src/ReactFiberPerformanceTrack.js","logComponentTrigger","function",false,"packages/React/src/react-reconciler/ReactFiberPerformanceTrack.cpp","not-started"
"reactjs/packages/react-reconciler/src/ReactFiberPerformanceTrack.js","logComponentMount","function",true,"packages/React/src/react-reconciler/ReactFiberPerformanceTrack.cpp","not-started"
"reactjs/packages/react-reconciler/src/ReactFiberPerformanceTrack.js","logComponentUnmount","function",true,"packages/React/src/react-reconciler/ReactFiberPerformanceTrack.cpp","not-started"
"reactjs/packages/react-reconciler/src/ReactFiberPerformanceTrack.js","logComponentReappeared","function",true,"packages/React/src/react-reconciler/ReactFiberPerformanceTrack.cpp","not-started"
"reactjs/packages/react-reconciler/src/ReactFiberPerformanceTrack.js","logComponentDisappeared","function",true,"packages/React/src/react-reconciler/ReactFiberPerformanceTrack.cpp","not-started"
"reactjs/packages/react-reconciler/src/ReactFiberPerformanceTrack.js","alreadyWarnedForDeepEquality","const-export",false,"packages/React/src/react-reconciler/ReactFiberPerformanceTrack.cpp","not-started"
"reactjs/packages/react-reconciler/src/ReactFiberPerformanceTrack.js","pushDeepEquality","function",true,"packages/React/src/react-reconciler/ReactFiberPerformanceTrack.cpp","not-started"
"reactjs/packages/react-reconciler/src/ReactFiberPerformanceTrack.js","popDeepEquality","function",true,"packages/React/src/react-reconciler/ReactFiberPerformanceTrack.cpp","not-started"
"reactjs/packages/react-reconciler/src/ReactFiberPerformanceTrack.js","reusableComponentDevToolDetails","variable-export",false,"packages/React/src/react-reconciler/ReactFiberPerformanceTrack.cpp","not-started"
"reactjs/packages/react-reconciler/src/ReactFiberPerformanceTrack.js","reusableComponentOptions","variable-export",false,"packages/React/src/react-reconciler/ReactFiberPerformanceTrack.cpp","not-started"
"reactjs/packages/react-reconciler/src/ReactFiberPerformanceTrack.js","DEEP_EQUALITY_WARNING","const-export",false,"packages/React/src/react-reconciler/ReactFiberPerformanceTrack.cpp","not-started"
"reactjs/packages/react-reconciler/src/ReactFiberPerformanceTrack.js","logComponentRender","function",true,"packages/React/src/react-reconciler/ReactFiberPerformanceTrack.cpp","not-started"
"reactjs/packages/react-reconciler/src/ReactFiberPerformanceTrack.js","logComponentErrored","function",true,"packages/React/src/react-reconciler/ReactFiberPerformanceTrack.cpp","not-started"
"reactjs/packages/react-reconciler/src/ReactFiberPerformanceTrack.js","i","const-export",false,"packages/React/src/react-reconciler/ReactFiberPerformanceTrack.cpp","not-started"
"reactjs/packages/react-reconciler/src/ReactFiberPerformanceTrack.js","options","variable-export",false,"packages/React/src/react-reconciler/ReactFiberPerformanceTrack.cpp","not-started"
"reactjs/packages/react-reconciler/src/ReactFiberPerformanceTrack.js","logComponentEffectErrored","function",false,"packages/React/src/react-reconciler/ReactFiberPerformanceTrack.cpp","not-started"
"reactjs/packages/react-reconciler/src/ReactFiberPerformanceTrack.js","i","const-export",false,"packages/React/src/react-reconciler/ReactFiberPerformanceTrack.cpp","not-started"
"reactjs/packages/react-reconciler/src/ReactFiberPerformanceTrack.js","options","variable-export",false,"packages/React/src/react-reconciler/ReactFiberPerformanceTrack.cpp","not-started"
"reactjs/packages/react-reconciler/src/ReactFiberPerformanceTrack.js","logComponentEffect","function",true,"packages/React/src/react-reconciler/ReactFiberPerformanceTrack.cpp","not-started"
"reactjs/packages/react-reconciler/src/ReactFiberPerformanceTrack.js","logYieldTime","function",true,"packages/React/src/react-reconciler/ReactFiberPerformanceTrack.cpp","not-started"
"reactjs/packages/react-reconciler/src/ReactFiberPerformanceTrack.js","yieldDuration","const-export",false,"packages/React/src/react-reconciler/ReactFiberPerformanceTrack.cpp","not-started"
"reactjs/packages/react-reconciler/src/ReactFiberPerformanceTrack.js","logSuspendedYieldTime","function",true,"packages/React/src/react-reconciler/ReactFiberPerformanceTrack.cpp","not-started"
"reactjs/packages/react-reconciler/src/ReactFiberPerformanceTrack.js","logActionYieldTime","function",true,"packages/React/src/react-reconciler/ReactFiberPerformanceTrack.cpp","not-started"
"reactjs/packages/react-reconciler/src/ReactFiberPerformanceTrack.js","logBlockingStart","function",true,"packages/React/src/react-reconciler/ReactFiberPerformanceTrack.cpp","not-started"
"reactjs/packages/react-reconciler/src/ReactFiberPerformanceTrack.js","logTransitionStart","function",true,"packages/React/src/react-reconciler/ReactFiberPerformanceTrack.cpp","not-started"
"reactjs/packages/react-reconciler/src/ReactFiberPerformanceTrack.js","logRenderPhase","function",true,"packages/React/src/react-reconciler/ReactFiberPerformanceTrack.cpp","not-started"
"reactjs/packages/react-reconciler/src/ReactFiberPerformanceTrack.js","logInterruptedRenderPhase","function",true,"packages/React/src/react-reconciler/ReactFiberPerformanceTrack.cpp","not-started"
"reactjs/packages/react-reconciler/src/ReactFiberPerformanceTrack.js","logSuspendedRenderPhase","function",true,"packages/React/src/react-reconciler/ReactFiberPerformanceTrack.cpp","not-started"
"reactjs/packages/react-reconciler/src/ReactFiberPerformanceTrack.js","logSuspendedWithDelayPhase","function",true,"packages/React/src/react-reconciler/ReactFiberPerformanceTrack.cpp","not-started"
"reactjs/packages/react-reconciler/src/ReactFiberPerformanceTrack.js","logRecoveredRenderPhase","function",true,"packages/React/src/react-reconciler/ReactFiberPerformanceTrack.cpp","not-started"
"reactjs/packages/react-reconciler/src/ReactFiberPerformanceTrack.js","i","const-export",false,"packages/React/src/react-reconciler/ReactFiberPerformanceTrack.cpp","not-started"
"reactjs/packages/react-reconciler/src/ReactFiberPerformanceTrack.js","options","variable-export",false,"packages/React/src/react-reconciler/ReactFiberPerformanceTrack.cpp","not-started"
"reactjs/packages/react-reconciler/src/ReactFiberPerformanceTrack.js","logErroredRenderPhase","function",true,"packages/React/src/react-reconciler/ReactFiberPerformanceTrack.cpp","not-started"
"reactjs/packages/react-reconciler/src/ReactFiberPerformanceTrack.js","logInconsistentRender","function",true,"packages/React/src/react-reconciler/ReactFiberPerformanceTrack.cpp","not-started"
"reactjs/packages/react-reconciler/src/ReactFiberPerformanceTrack.js","logSuspenseThrottlePhase","function",true,"packages/React/src/react-reconciler/ReactFiberPerformanceTrack.cpp","not-started"
"reactjs/packages/react-reconciler/src/ReactFiberPerformanceTrack.js","logSuspendedCommitPhase","function",true,"packages/React/src/react-reconciler/ReactFiberPerformanceTrack.cpp","not-started"
"reactjs/packages/react-reconciler/src/ReactFiberPerformanceTrack.js","logCommitErrored","function",true,"packages/React/src/react-reconciler/ReactFiberPerformanceTrack.cpp","not-started"
"reactjs/packages/react-reconciler/src/ReactFiberPerformanceTrack.js","i","const-export",false,"packages/React/src/react-reconciler/ReactFiberPerformanceTrack.cpp","not-started"
"reactjs/packages/react-reconciler/src/ReactFiberPerformanceTrack.js","options","variable-export",false,"packages/React/src/react-reconciler/ReactFiberPerformanceTrack.cpp","not-started"
"reactjs/packages/react-reconciler/src/ReactFiberPerformanceTrack.js","logCommitPhase","function",true,"packages/React/src/react-reconciler/ReactFiberPerformanceTrack.cpp","not-started"
"reactjs/packages/react-reconciler/src/ReactFiberPerformanceTrack.js","logPaintYieldPhase","function",true,"packages/React/src/react-reconciler/ReactFiberPerformanceTrack.cpp","not-started"
"reactjs/packages/react-reconciler/src/ReactFiberPerformanceTrack.js","logPassiveCommitPhase","function",true,"packages/React/src/react-reconciler/ReactFiberPerformanceTrack.cpp","not-started"
"reactjs/packages/react-reconciler/src/ReactFiberReconciler.js","createPortal","variable-export",true,"packages/React/src/react-reconciler/ReactFiberReconciler.cpp","not-started"
"reactjs/packages/react-reconciler/src/ReactFiberReconciler.js","createComponentSelector","variable-export",true,"packages/React/src/react-reconciler/ReactFiberReconciler.cpp","not-started"
"reactjs/packages/react-reconciler/src/ReactFiberReconciler.js","createHasPseudoClassSelector","variable-export",true,"packages/React/src/react-reconciler/ReactFiberReconciler.cpp","not-started"
"reactjs/packages/react-reconciler/src/ReactFiberReconciler.js","createRoleSelector","variable-export",true,"packages/React/src/react-reconciler/ReactFiberReconciler.cpp","not-started"
"reactjs/packages/react-reconciler/src/ReactFiberReconciler.js","createTestNameSelector","variable-export",true,"packages/React/src/react-reconciler/ReactFiberReconciler.cpp","not-started"
"reactjs/packages/react-reconciler/src/ReactFiberReconciler.js","createTextSelector","variable-export",true,"packages/React/src/react-reconciler/ReactFiberReconciler.cpp","not-started"
"reactjs/packages/react-reconciler/src/ReactFiberReconciler.js","getFindAllNodesFailureDescription","variable-export",true,"packages/React/src/react-reconciler/ReactFiberReconciler.cpp","not-started"
"reactjs/packages/react-reconciler/src/ReactFiberReconciler.js","findAllNodes","variable-export",true,"packages/React/src/react-reconciler/ReactFiberReconciler.cpp","not-started"
"reactjs/packages/react-reconciler/src/ReactFiberReconciler.js","findBoundingRects","variable-export",true,"packages/React/src/react-reconciler/ReactFiberReconciler.cpp","not-started"
"reactjs/packages/react-reconciler/src/ReactFiberReconciler.js","focusWithin","variable-export",true,"packages/React/src/react-reconciler/ReactFiberReconciler.cpp","not-started"
"reactjs/packages/react-reconciler/src/ReactFiberReconciler.js","observeVisibleRects","variable-export",true,"packages/React/src/react-reconciler/ReactFiberReconciler.cpp","not-started"
"reactjs/packages/react-reconciler/src/ReactFiberReconciler.js","startHostTransition","variable-export",true,"packages/React/src/react-reconciler/ReactFiberReconciler.cpp","not-started"
"reactjs/packages/react-reconciler/src/ReactFiberReconciler.js","defaultOnUncaughtError","variable-export",true,"packages/React/src/react-reconciler/ReactFiberReconciler.cpp","not-started"
"reactjs/packages/react-reconciler/src/ReactFiberReconciler.js","defaultOnCaughtError","variable-export",true,"packages/React/src/react-reconciler/ReactFiberReconciler.cpp","not-started"
"reactjs/packages/react-reconciler/src/ReactFiberReconciler.js","defaultOnRecoverableError","variable-export",true,"packages/React/src/react-reconciler/ReactFiberReconciler.cpp","not-started"
"reactjs/packages/react-reconciler/src/ReactFiberReconciler.js","getContextForSubtree","function",false,"packages/React/src/react-reconciler/ReactFiberReconciler.cpp","not-started"
"reactjs/packages/react-reconciler/src/ReactFiberReconciler.js","findHostInstance","function",false,"packages/React/src/react-reconciler/ReactFiberReconciler.cpp","not-started"
"reactjs/packages/react-reconciler/src/ReactFiberReconciler.js","findHostInstanceWithWarning","function",false,"packages/React/src/react-reconciler/ReactFiberReconciler.cpp","not-started"
"reactjs/packages/react-reconciler/src/ReactFiberReconciler.js","createContainer","function",true,"packages/React/src/react-reconciler/ReactFiberReconciler.cpp","not-started"
"reactjs/packages/react-reconciler/src/ReactFiberReconciler.js","hydrate","const-export",false,"packages/React/src/react-reconciler/ReactFiberReconciler.cpp","not-started"
"reactjs/packages/react-reconciler/src/ReactFiberReconciler.js","createHydrationContainer","function",true,"packages/React/src/react-reconciler/ReactFiberReconciler.cpp","not-started"
"reactjs/packages/react-reconciler/src/ReactFiberReconciler.js","hydrate","const-export",false,"packages/React/src/react-reconciler/ReactFiberReconciler.cpp","not-started"
"reactjs/packages/react-reconciler/src/ReactFiberReconciler.js","updateContainer","function",true,"packages/React/src/react-reconciler/ReactFiberReconciler.cpp","not-started"
"reactjs/packages/react-reconciler/src/ReactFiberReconciler.js","updateContainerSync","function",true,"packages/React/src/react-reconciler/ReactFiberReconciler.cpp","not-started"
"reactjs/packages/react-reconciler/src/ReactFiberReconciler.js","updateContainerImpl","function",false,"packages/React/src/react-reconciler/ReactFiberReconciler.cpp","not-started"
"reactjs/packages/react-reconciler/src/ReactFiberReconciler.js","batchedUpdates","variable-export",true,"packages/React/src/react-reconciler/ReactFiberReconciler.cpp","not-started"
"reactjs/packages/react-reconciler/src/ReactFiberReconciler.js","deferredUpdates","variable-export",true,"packages/React/src/react-reconciler/ReactFiberReconciler.cpp","not-started"
"reactjs/packages/react-reconciler/src/ReactFiberReconciler.js","discreteUpdates","variable-export",true,"packages/React/src/react-reconciler/ReactFiberReconciler.cpp","not-started"
"reactjs/packages/react-reconciler/src/ReactFiberReconciler.js","flushSyncFromReconciler","variable-export",true,"packages/React/src/react-reconciler/ReactFiberReconciler.cpp","not-started"
"reactjs/packages/react-reconciler/src/ReactFiberReconciler.js","flushSyncWork","variable-export",true,"packages/React/src/react-reconciler/ReactFiberReconciler.cpp","not-started"
"reactjs/packages/react-reconciler/src/ReactFiberReconciler.js","isAlreadyRendering","variable-export",true,"packages/React/src/react-reconciler/ReactFiberReconciler.cpp","not-started"
"reactjs/packages/react-reconciler/src/ReactFiberReconciler.js","flushPassiveEffects","variable-export",true,"packages/React/src/react-reconciler/ReactFiberReconciler.cpp","not-started"
"reactjs/packages/react-reconciler/src/ReactFiberReconciler.js","getPublicRootInstance","function",true,"packages/React/src/react-reconciler/ReactFiberReconciler.cpp","not-started"
"reactjs/packages/react-reconciler/src/ReactFiberReconciler.js","attemptSynchronousHydration","function",true,"packages/React/src/react-reconciler/ReactFiberReconciler.cpp","not-started"
"reactjs/packages/react-reconciler/src/ReactFiberReconciler.js","markRetryLaneImpl","function",false,"packages/React/src/react-reconciler/ReactFiberReconciler.cpp","not-started"
"reactjs/packages/react-reconciler/src/ReactFiberReconciler.js","markRetryLaneIfNotHydrated","function",false,"packages/React/src/react-reconciler/ReactFiberReconciler.cpp","not-started"
"reactjs/packages/react-reconciler/src/ReactFiberReconciler.js","attemptContinuousHydration","function",true,"packages/React/src/react-reconciler/ReactFiberReconciler.cpp","not-started"
"reactjs/packages/react-reconciler/src/ReactFiberReconciler.js","attemptHydrationAtCurrentPriority","function",true,"packages/React/src/react-reconciler/ReactFiberReconciler.cpp","not-started"
"reactjs/packages/react-reconciler/src/ReactFiberReconciler.js","findHostInstance","variable-export",true,"packages/React/src/react-reconciler/ReactFiberReconciler.cpp","not-started"
"reactjs/packages/react-reconciler/src/ReactFiberReconciler.js","findHostInstanceWithWarning","variable-export",true,"packages/React/src/react-reconciler/ReactFiberReconciler.cpp","not-started"
"reactjs/packages/react-reconciler/src/ReactFiberReconciler.js","findHostInstanceWithNoPortals","function",true,"packages/React/src/react-reconciler/ReactFiberReconciler.cpp","not-started"
"reactjs/packages/react-reconciler/src/ReactFiberReconciler.js","shouldErrorImpl","arrow-fn",false,"packages/React/src/react-reconciler/ReactFiberReconciler.cpp","not-started"
"reactjs/packages/react-reconciler/src/ReactFiberReconciler.js","shouldError","function",true,"packages/React/src/react-reconciler/ReactFiberReconciler.cpp","not-started"
"reactjs/packages/react-reconciler/src/ReactFiberReconciler.js","shouldSuspendImpl","arrow-fn",false,"packages/React/src/react-reconciler/ReactFiberReconciler.cpp","not-started"
"reactjs/packages/react-reconciler/src/ReactFiberReconciler.js","shouldSuspend","function",true,"packages/React/src/react-reconciler/ReactFiberReconciler.cpp","not-started"
"reactjs/packages/react-reconciler/src/ReactFiberReconciler.js","copyWithDeleteImpl","arrow-fn",false,"packages/React/src/react-reconciler/ReactFiberReconciler.cpp","not-started"
"reactjs/packages/react-reconciler/src/ReactFiberReconciler.js","copyWithDelete","arrow-fn",false,"packages/React/src/react-reconciler/ReactFiberReconciler.cpp","not-started"
"reactjs/packages/react-reconciler/src/ReactFiberReconciler.js","copyWithRenameImpl","arrow-fn",false,"packages/React/src/react-reconciler/ReactFiberReconciler.cpp","not-started"
"reactjs/packages/react-reconciler/src/ReactFiberReconciler.js","copyWithRename","arrow-fn",false,"packages/React/src/react-reconciler/ReactFiberReconciler.cpp","not-started"
"reactjs/packages/react-reconciler/src/ReactFiberReconciler.js","i","const-export",false,"packages/React/src/react-reconciler/ReactFiberReconciler.cpp","not-started"
"reactjs/packages/react-reconciler/src/ReactFiberReconciler.js","copyWithSetImpl","arrow-fn",false,"packages/React/src/react-reconciler/ReactFiberReconciler.cpp","not-started"
"reactjs/packages/react-reconciler/src/ReactFiberReconciler.js","copyWithSet","arrow-fn",false,"packages/React/src/react-reconciler/ReactFiberReconciler.cpp","not-started"
"reactjs/packages/react-reconciler/src/ReactFiberReconciler.js","findHook","arrow-fn",false,"packages/React/src/react-reconciler/ReactFiberReconciler.cpp","not-started"
"reactjs/packages/react-reconciler/src/ReactFiberReconciler.js","getCurrentFiberForDevTools","function",false,"packages/React/src/react-reconciler/ReactFiberReconciler.cpp","not-started"
"reactjs/packages/react-reconciler/src/ReactFiberReconciler.js","getLaneLabelMap","function",false,"packages/React/src/react-reconciler/ReactFiberReconciler.cpp","not-started"
"reactjs/packages/react-reconciler/src/ReactFiberReconciler.js","lane","const-export",false,"packages/React/src/react-reconciler/ReactFiberReconciler.cpp","not-started"
"reactjs/packages/react-reconciler/src/ReactFiberReconciler.js","index","const-export",false,"packages/React/src/react-reconciler/ReactFiberReconciler.cpp","not-started"
"reactjs/packages/react-reconciler/src/ReactFiberReconciler.js","injectIntoDevTools","function",true,"packages/React/src/react-reconciler/ReactFiberReconciler.cpp","not-started"
"reactjs/packages/react-reconciler/src/ReactFiberReconciler.js","internals","variable-export",false,"packages/React/src/react-reconciler/ReactFiberReconciler.cpp","not-started"
"reactjs/packages/react-reconciler/src/ReactFiberRoot.js","RootState","type-export",true,"packages/React/src/react-reconciler/ReactFiberRoot.h","not-started"
"reactjs/packages/react-reconciler/src/ReactFiberRoot.js","FiberRootNode","function",false,"packages/React/src/react-reconciler/ReactFiberRoot.cpp","not-started"
"reactjs/packages/react-reconciler/src/ReactFiberRoot.js","i","const-export",false,"packages/React/src/react-reconciler/ReactFiberRoot.cpp","not-started"
"reactjs/packages/react-reconciler/src/ReactFiberRoot.js","createFiberRoot","function",true,"packages/React/src/react-reconciler/ReactFiberRoot.cpp","not-started"
"reactjs/packages/react-reconciler/src/ReactFiberRoot.js","initialState","variable-export",false,"packages/React/src/react-reconciler/ReactFiberRoot.cpp","not-started"
"reactjs/packages/react-reconciler/src/ReactFiberRootScheduler.js","firstScheduledRoot","variable-export",true,"packages/React/src/react-reconciler/ReactFiberRootScheduler.cpp","not-started"
"reactjs/packages/react-reconciler/src/ReactFiberRootScheduler.js","didScheduleMicrotask","const-export",false,"packages/React/src/react-reconciler/ReactFiberRootScheduler.cpp","not-started"
"reactjs/packages/react-reconciler/src/ReactFiberRootScheduler.js","didScheduleMicrotask_act","const-export",false,"packages/React/src/react-reconciler/ReactFiberRootScheduler.cpp","not-started"
"reactjs/packages/react-reconciler/src/ReactFiberRootScheduler.js","mightHavePendingSyncWork","const-export",false,"packages/React/src/react-reconciler/ReactFiberRootScheduler.cpp","not-started"
"reactjs/packages/react-reconciler/src/ReactFiberRootScheduler.js","isFlushingWork","const-export",false,"packages/React/src/react-reconciler/ReactFiberRootScheduler.cpp","not-started"
"reactjs/packages/react-reconciler/src/ReactFiberRootScheduler.js","ensureRootIsScheduled","function",true,"packages/React/src/react-reconciler/ReactFiberRootScheduler.cpp","not-started"
"reactjs/packages/react-reconciler/src/ReactFiberRootScheduler.js","ensureScheduleIsScheduled","function",true,"packages/React/src/react-reconciler/ReactFiberRootScheduler.cpp","not-started"
"reactjs/packages/react-reconciler/src/ReactFiberRootScheduler.js","flushSyncWorkOnAllRoots","function",true,"packages/React/src/react-reconciler/ReactFiberRootScheduler.cpp","not-started"
"reactjs/packages/react-reconciler/src/ReactFiberRootScheduler.js","flushSyncWorkOnLegacyRootsOnly","function",true,"packages/React/src/react-reconciler/ReactFiberRootScheduler.cpp","not-started"
"reactjs/packages/react-reconciler/src/ReactFiberRootScheduler.js","flushSyncWorkAcrossRoots_impl","function",false,"packages/React/src/react-reconciler/ReactFiberRootScheduler.cpp","not-started"
"reactjs/packages/react-reconciler/src/ReactFiberRootScheduler.js","processRootScheduleInImmediateTask","function",false,"packages/React/src/react-reconciler/ReactFiberRootScheduler.cpp","not-started"
"reactjs/packages/react-reconciler/src/ReactFiberRootScheduler.js","processRootScheduleInMicrotask","function",false,"packages/React/src/react-reconciler/ReactFiberRootScheduler.cpp","not-started"
"reactjs/packages/react-reconciler/src/ReactFiberRootScheduler.js","startDefaultTransitionIndicatorIfNeeded","function",false,"packages/React/src/react-reconciler/ReactFiberRootScheduler.cpp","not-started"
"reactjs/packages/react-reconciler/src/ReactFiberRootScheduler.js","scheduleTaskForRootDuringMicrotask","function",false,"packages/React/src/react-reconciler/ReactFiberRootScheduler.cpp","not-started"
"reactjs/packages/react-reconciler/src/ReactFiberRootScheduler.js","performWorkOnRootViaSchedulerTask","function",false,"packages/React/src/react-reconciler/ReactFiberRootScheduler.cpp","not-started"
"reactjs/packages/react-reconciler/src/ReactFiberRootScheduler.js","performSyncWorkOnRoot","function",false,"packages/React/src/react-reconciler/ReactFiberRootScheduler.cpp","not-started"
"reactjs/packages/react-reconciler/src/ReactFiberRootScheduler.js","forceSync","const-export",false,"packages/React/src/react-reconciler/ReactFiberRootScheduler.cpp","not-started"
"reactjs/packages/react-reconciler/src/ReactFiberRootScheduler.js","fakeActCallbackNode","variable-export",false,"packages/React/src/react-reconciler/ReactFiberRootScheduler.cpp","not-started"
"reactjs/packages/react-reconciler/src/ReactFiberRootScheduler.js","scheduleCallback","function",false,"packages/React/src/react-reconciler/ReactFiberRootScheduler.cpp","not-started"
"reactjs/packages/react-reconciler/src/ReactFiberRootScheduler.js","cancelCallback","function",false,"packages/React/src/react-reconciler/ReactFiberRootScheduler.cpp","not-started"
"reactjs/packages/react-reconciler/src/ReactFiberRootScheduler.js","scheduleImmediateRootScheduleTask","function",false,"packages/React/src/react-reconciler/ReactFiberRootScheduler.cpp","not-started"
"reactjs/packages/react-reconciler/src/ReactFiberRootScheduler.js","requestTransitionLane","function",true,"packages/React/src/react-reconciler/ReactFiberRootScheduler.cpp","not-started"
"reactjs/packages/react-reconciler/src/ReactFiberRootScheduler.js","didCurrentEventScheduleTransition","function",true,"packages/React/src/react-reconciler/ReactFiberRootScheduler.cpp","not-started"
"reactjs/packages/react-reconciler/src/ReactFiberRootScheduler.js","markIndicatorHandled","function",true,"packages/React/src/react-reconciler/ReactFiberRootScheduler.cpp","not-started"
"reactjs/packages/react-reconciler/src/ReactFiberScope.js","getSuspenseFallbackChild","function",false,"packages/React/src/react-reconciler/ReactFiberScope.cpp","not-started"
"reactjs/packages/react-reconciler/src/ReactFiberScope.js","emptyObject","variable-export",false,"packages/React/src/react-reconciler/ReactFiberScope.cpp","not-started"
"reactjs/packages/react-reconciler/src/ReactFiberScope.js","collectScopedNodes","function",false,"packages/React/src/react-reconciler/ReactFiberScope.cpp","not-started"
"reactjs/packages/react-reconciler/src/ReactFiberScope.js","collectFirstScopedNode","function",false,"packages/React/src/react-reconciler/ReactFiberScope.cpp","not-started"
"reactjs/packages/react-reconciler/src/ReactFiberScope.js","collectScopedNodesFromChildren","function",false,"packages/React/src/react-reconciler/ReactFiberScope.cpp","not-started"
"reactjs/packages/react-reconciler/src/ReactFiberScope.js","collectFirstScopedNodeFromChildren","function",false,"packages/React/src/react-reconciler/ReactFiberScope.cpp","not-started"
"reactjs/packages/react-reconciler/src/ReactFiberScope.js","collectNearestContextValues","function",false,"packages/React/src/react-reconciler/ReactFiberScope.cpp","not-started"
"reactjs/packages/react-reconciler/src/ReactFiberScope.js","collectNearestChildContextValues","function",false,"packages/React/src/react-reconciler/ReactFiberScope.cpp","not-started"
"reactjs/packages/react-reconciler/src/ReactFiberScope.js","DO_NOT_USE_queryAllNodes","function",false,"packages/React/src/react-reconciler/ReactFiberScope.cpp","not-started"
"reactjs/packages/react-reconciler/src/ReactFiberScope.js","DO_NOT_USE_queryFirstNode","function",false,"packages/React/src/react-reconciler/ReactFiberScope.cpp","not-started"
"reactjs/packages/react-reconciler/src/ReactFiberScope.js","containsNode","function",false,"packages/React/src/react-reconciler/ReactFiberScope.cpp","not-started"
"reactjs/packages/react-reconciler/src/ReactFiberScope.js","getChildContextValues","function",false,"packages/React/src/react-reconciler/ReactFiberScope.cpp","not-started"
"reactjs/packages/react-reconciler/src/ReactFiberScope.js","createScopeInstance","function",true,"packages/React/src/react-reconciler/ReactFiberScope.cpp","not-started"
"reactjs/packages/react-reconciler/src/ReactFiberShellHydration.js","isRootDehydrated","function",true,"packages/React/src/react-reconciler/ReactFiberShellHydration.cpp","not-started"
"reactjs/packages/react-reconciler/src/ReactFiberStack.js","StackCursor","type-export",true,"packages/React/src/react-reconciler/ReactFiberStack.h","not-started"
"reactjs/packages/react-reconciler/src/ReactFiberStack.js","createCursor","function",false,"packages/React/src/react-reconciler/ReactFiberStack.cpp","not-started"
"reactjs/packages/react-reconciler/src/ReactFiberStack.js","pop","function",false,"packages/React/src/react-reconciler/ReactFiberStack.cpp","not-started"
"reactjs/packages/react-reconciler/src/ReactFiberStack.js","push","function",false,"packages/React/src/react-reconciler/ReactFiberStack.cpp","not-started"
"reactjs/packages/react-reconciler/src/ReactFiberStack.js","createCursor","variable-export",true,"packages/React/src/react-reconciler/ReactFiberStack.cpp","not-started"
"reactjs/packages/react-reconciler/src/ReactFiberStack.js","pop","variable-export",true,"packages/React/src/react-reconciler/ReactFiberStack.cpp","not-started"
"reactjs/packages/react-reconciler/src/ReactFiberStack.js","push","variable-export",true,"packages/React/src/react-reconciler/ReactFiberStack.cpp","not-started"
"reactjs/packages/react-reconciler/src/ReactFiberSuspenseComponent.js","SuspenseState","type-export",true,"packages/React/src/react-reconciler/ReactFiberSuspenseComponent.h","not-started"
"reactjs/packages/react-reconciler/src/ReactFiberSuspenseComponent.js","SuspenseListRenderState","type-export",true,"packages/React/src/react-reconciler/ReactFiberSuspenseComponent.h","not-started"
"reactjs/packages/react-reconciler/src/ReactFiberSuspenseComponent.js","RetryQueue","type-export",true,"packages/React/src/react-reconciler/ReactFiberSuspenseComponent.h","not-started"
"reactjs/packages/react-reconciler/src/ReactFiberSuspenseComponent.js","findFirstSuspended","function",true,"packages/React/src/react-reconciler/ReactFiberSuspenseComponent.cpp","not-started"
"reactjs/packages/react-reconciler/src/ReactFiberSuspenseComponent.js","didSuspend","const-export",false,"packages/React/src/react-reconciler/ReactFiberSuspenseComponent.cpp","not-started"
"reactjs/packages/react-reconciler/src/ReactFiberSuspenseContext.js","getShellBoundary","function",true,"packages/React/src/react-reconciler/ReactFiberSuspenseContext.cpp","not-started"
"reactjs/packages/react-reconciler/src/ReactFiberSuspenseContext.js","pushPrimaryTreeSuspenseHandler","function",true,"packages/React/src/react-reconciler/ReactFiberSuspenseContext.cpp","not-started"
"reactjs/packages/react-reconciler/src/ReactFiberSuspenseContext.js","pushFallbackTreeSuspenseHandler","function",true,"packages/React/src/react-reconciler/ReactFiberSuspenseContext.cpp","not-started"
"reactjs/packages/react-reconciler/src/ReactFiberSuspenseContext.js","pushDehydratedActivitySuspenseHandler","function",true,"packages/React/src/react-reconciler/ReactFiberSuspenseContext.cpp","not-started"
"reactjs/packages/react-reconciler/src/ReactFiberSuspenseContext.js","pushOffscreenSuspenseHandler","function",true,"packages/React/src/react-reconciler/ReactFiberSuspenseContext.cpp","not-started"
"reactjs/packages/react-reconciler/src/ReactFiberSuspenseContext.js","reuseSuspenseHandlerOnStack","function",true,"packages/React/src/react-reconciler/ReactFiberSuspenseContext.cpp","not-started"
"reactjs/packages/react-reconciler/src/ReactFiberSuspenseContext.js","getSuspenseHandler","function",true,"packages/React/src/react-reconciler/ReactFiberSuspenseContext.cpp","not-started"
"reactjs/packages/react-reconciler/src/ReactFiberSuspenseContext.js","popSuspenseHandler","function",true,"packages/React/src/react-reconciler/ReactFiberSuspenseContext.cpp","not-started"
"reactjs/packages/react-reconciler/src/ReactFiberSuspenseContext.js","SuspenseContext","type-export",true,"packages/React/src/react-reconciler/ReactFiberSuspenseContext.h","not-started"
"reactjs/packages/react-reconciler/src/ReactFiberSuspenseContext.js","SubtreeSuspenseContext","type-export",true,"packages/React/src/react-reconciler/ReactFiberSuspenseContext.h","not-started"
"reactjs/packages/react-reconciler/src/ReactFiberSuspenseContext.js","ShallowSuspenseContext","type-export",true,"packages/React/src/react-reconciler/ReactFiberSuspenseContext.h","not-started"
"reactjs/packages/react-reconciler/src/ReactFiberSuspenseContext.js","DefaultSuspenseContext","const-export",false,"packages/React/src/react-reconciler/ReactFiberSuspenseContext.cpp","not-started"
"reactjs/packages/react-reconciler/src/ReactFiberSuspenseContext.js","SubtreeSuspenseContextMask","const-export",false,"packages/React/src/react-reconciler/ReactFiberSuspenseContext.cpp","not-started"
"reactjs/packages/react-reconciler/src/ReactFiberSuspenseContext.js","ForceSuspenseFallback","const-export",true,"packages/React/src/react-reconciler/ReactFiberSuspenseContext.cpp","not-started"
"reactjs/packages/react-reconciler/src/ReactFiberSuspenseContext.js","suspenseStackCursor","variable-export",true,"packages/React/src/react-reconciler/ReactFiberSuspenseContext.cpp","not-started"
"reactjs/packages/react-reconciler/src/ReactFiberSuspenseContext.js","hasSuspenseListContext","function",true,"packages/React/src/react-reconciler/ReactFiberSuspenseContext.cpp","not-started"
"reactjs/packages/react-reconciler/src/ReactFiberSuspenseContext.js","setDefaultShallowSuspenseListContext","function",true,"packages/React/src/react-reconciler/ReactFiberSuspenseContext.cpp","not-started"
"reactjs/packages/react-reconciler/src/ReactFiberSuspenseContext.js","setShallowSuspenseListContext","function",true,"packages/React/src/react-reconciler/ReactFiberSuspenseContext.cpp","not-started"
"reactjs/packages/react-reconciler/src/ReactFiberSuspenseContext.js","pushSuspenseListContext","function",true,"packages/React/src/react-reconciler/ReactFiberSuspenseContext.cpp","not-started"
"reactjs/packages/react-reconciler/src/ReactFiberSuspenseContext.js","popSuspenseListContext","function",true,"packages/React/src/react-reconciler/ReactFiberSuspenseContext.cpp","not-started"
"reactjs/packages/react-reconciler/src/ReactFiberThenable.js","ThenableState","type-export",true,"packages/React/src/react-reconciler/ReactFiberThenable.h","not-started"
"reactjs/packages/react-reconciler/src/ReactFiberThenable.js","getThenablesFromState","function",false,"packages/React/src/react-reconciler/ReactFiberThenable.cpp","not-started"
"reactjs/packages/react-reconciler/src/ReactFiberThenable.js","SuspenseException","variable-export",true,"packages/React/src/react-reconciler/ReactFiberThenable.cpp","not-started"
"reactjs/packages/react-reconciler/src/ReactFiberThenable.js","SuspenseyCommitException","variable-export",true,"packages/React/src/react-reconciler/ReactFiberThenable.cpp","not-started"
"reactjs/packages/react-reconciler/src/ReactFiberThenable.js","SuspenseActionException","variable-export",true,"packages/React/src/react-reconciler/ReactFiberThenable.cpp","not-started"
"reactjs/packages/react-reconciler/src/ReactFiberThenable.js","noopSuspenseyCommitThenable","variable-export",true,"packages/React/src/react-reconciler/ReactFiberThenable.cpp","not-started"
"reactjs/packages/react-reconciler/src/ReactFiberThenable.js","then","object-method",false,"packages/React/src/react-reconciler/ReactFiberThenable.cpp","not-started"
"reactjs/packages/react-reconciler/src/ReactFiberThenable.js","createThenableState","function",true,"packages/React/src/react-reconciler/ReactFiberThenable.cpp","not-started"
"reactjs/packages/react-reconciler/src/ReactFiberThenable.js","isThenableResolved","function",true,"packages/React/src/react-reconciler/ReactFiberThenable.cpp","not-started"
"reactjs/packages/react-reconciler/src/ReactFiberThenable.js","trackUsedThenable","function",true,"packages/React/src/react-reconciler/ReactFiberThenable.cpp","not-started"
"reactjs/packages/react-reconciler/src/ReactFiberThenable.js","ioInfo","variable-export",false,"packages/React/src/react-reconciler/ReactFiberThenable.cpp","not-started"
"reactjs/packages/react-reconciler/src/ReactFiberThenable.js","trackEndTime","arrow-fn",false,"packages/React/src/react-reconciler/ReactFiberThenable.cpp","not-started"
"reactjs/packages/react-reconciler/src/ReactFiberThenable.js","suspendCommit","function",true,"packages/React/src/react-reconciler/ReactFiberThenable.cpp","not-started"
"reactjs/packages/react-reconciler/src/ReactFiberThenable.js","resolveLazy","function",true,"packages/React/src/react-reconciler/ReactFiberThenable.cpp","not-started"
"reactjs/packages/react-reconciler/src/ReactFiberThenable.js","needsToResetSuspendedThenableDEV","const-export",false,"packages/React/src/react-reconciler/ReactFiberThenable.cpp","not-started"
"reactjs/packages/react-reconciler/src/ReactFiberThenable.js","getSuspendedThenable","function",true,"packages/React/src/react-reconciler/ReactFiberThenable.cpp","not-started"
"reactjs/packages/react-reconciler/src/ReactFiberThenable.js","checkIfUseWrappedInTryCatch","function",true,"packages/React/src/react-reconciler/ReactFiberThenable.cpp","not-started"
"reactjs/packages/react-reconciler/src/ReactFiberThenable.js","checkIfUseWrappedInAsyncCatch","function",true,"packages/React/src/react-reconciler/ReactFiberThenable.cpp","not-started"
"reactjs/packages/react-reconciler/src/ReactFiberThrow.js","createRootErrorUpdate","function",false,"packages/React/src/react-reconciler/ReactFiberThrow.cpp","not-started"
"reactjs/packages/react-reconciler/src/ReactFiberThrow.js","createClassErrorUpdate","function",false,"packages/React/src/react-reconciler/ReactFiberThrow.cpp","not-started"
"reactjs/packages/react-reconciler/src/ReactFiberThrow.js","initializeClassErrorUpdate","function",false,"packages/React/src/react-reconciler/ReactFiberThrow.cpp","not-started"
"reactjs/packages/react-reconciler/src/ReactFiberThrow.js","resetSuspendedComponent","function",false,"packages/React/src/react-reconciler/ReactFiberThrow.cpp","not-started"
"reactjs/packages/react-reconciler/src/ReactFiberThrow.js","markSuspenseBoundaryShouldCapture","function",false,"packages/React/src/react-reconciler/ReactFiberThrow.cpp","not-started"
"reactjs/packages/react-reconciler/src/ReactFiberThrow.js","throwException","function",false,"packages/React/src/react-reconciler/ReactFiberThrow.cpp","not-started"
"reactjs/packages/react-reconciler/src/ReactFiberThrow.js","isSuspenseyResource","const-export",false,"packages/React/src/react-reconciler/ReactFiberThrow.cpp","not-started"
"reactjs/packages/react-reconciler/src/ReactFiberThrow.js","isSuspenseyResource","const-export",false,"packages/React/src/react-reconciler/ReactFiberThrow.cpp","not-started"
"reactjs/packages/react-reconciler/src/ReactFiberThrow.js","newOffscreenQueue","variable-export",false,"packages/React/src/react-reconciler/ReactFiberThrow.cpp","not-started"
"reactjs/packages/react-reconciler/src/ReactFiberThrow.js","throwException","variable-export",true,"packages/React/src/react-reconciler/ReactFiberThrow.cpp","not-started"
"reactjs/packages/react-reconciler/src/ReactFiberThrow.js","createRootErrorUpdate","variable-export",true,"packages/React/src/react-reconciler/ReactFiberThrow.cpp","not-started"
"reactjs/packages/react-reconciler/src/ReactFiberThrow.js","createClassErrorUpdate","variable-export",true,"packages/React/src/react-reconciler/ReactFiberThrow.cpp","not-started"
"reactjs/packages/react-reconciler/src/ReactFiberThrow.js","initializeClassErrorUpdate","variable-export",true,"packages/React/src/react-reconciler/ReactFiberThrow.cpp","not-started"
"reactjs/packages/react-reconciler/src/ReactFiberTracingMarkerComponent.js","SuspenseInfo","type-export",true,"packages/React/src/react-reconciler/ReactFiberTracingMarkerComponent.h","not-started"
"reactjs/packages/react-reconciler/src/ReactFiberTracingMarkerComponent.js","PendingTransitionCallbacks","type-export",true,"packages/React/src/react-reconciler/ReactFiberTracingMarkerComponent.h","not-started"
"reactjs/packages/react-reconciler/src/ReactFiberTracingMarkerComponent.js","TracingMarkerInstance","type-export",true,"packages/React/src/react-reconciler/ReactFiberTracingMarkerComponent.h","not-started"
"reactjs/packages/react-reconciler/src/ReactFiberTracingMarkerComponent.js","TransitionAbort","type-export",true,"packages/React/src/react-reconciler/ReactFiberTracingMarkerComponent.h","not-started"
"reactjs/packages/react-reconciler/src/ReactFiberTracingMarkerComponent.js","TransitionRoot","const-export",true,"packages/React/src/react-reconciler/ReactFiberTracingMarkerComponent.cpp","not-started"
"reactjs/packages/react-reconciler/src/ReactFiberTracingMarkerComponent.js","TransitionTracingMarker","const-export",true,"packages/React/src/react-reconciler/ReactFiberTracingMarkerComponent.cpp","not-started"
"reactjs/packages/react-reconciler/src/ReactFiberTracingMarkerComponent.js","TracingMarkerTag","type-export",true,"packages/React/src/react-reconciler/ReactFiberTracingMarkerComponent.h","not-started"
"reactjs/packages/react-reconciler/src/ReactFiberTracingMarkerComponent.js","PendingBoundaries","type-export",true,"packages/React/src/react-reconciler/ReactFiberTracingMarkerComponent.h","not-started"
"reactjs/packages/react-reconciler/src/ReactFiberTracingMarkerComponent.js","processTransitionCallbacks","function",true,"packages/React/src/react-reconciler/ReactFiberTracingMarkerComponent.cpp","not-started"
"reactjs/packages/react-reconciler/src/ReactFiberTracingMarkerComponent.js","pushRootMarkerInstance","function",true,"packages/React/src/react-reconciler/ReactFiberTracingMarkerComponent.cpp","not-started"
"reactjs/packages/react-reconciler/src/ReactFiberTracingMarkerComponent.js","markerInstance","variable-export",false,"packages/React/src/react-reconciler/ReactFiberTracingMarkerComponent.cpp","not-started"
"reactjs/packages/react-reconciler/src/ReactFiberTracingMarkerComponent.js","popRootMarkerInstance","function",true,"packages/React/src/react-reconciler/ReactFiberTracingMarkerComponent.cpp","not-started"
"reactjs/packages/react-reconciler/src/ReactFiberTracingMarkerComponent.js","pushMarkerInstance","function",true,"packages/React/src/react-reconciler/ReactFiberTracingMarkerComponent.cpp","not-started"
"reactjs/packages/react-reconciler/src/ReactFiberTracingMarkerComponent.js","popMarkerInstance","function",true,"packages/React/src/react-reconciler/ReactFiberTracingMarkerComponent.cpp","not-started"
"reactjs/packages/react-reconciler/src/ReactFiberTracingMarkerComponent.js","getMarkerInstances","function",true,"packages/React/src/react-reconciler/ReactFiberTracingMarkerComponent.cpp","not-started"
"reactjs/packages/react-reconciler/src/ReactFiberTransition.js","NoTransition","variable-export",true,"packages/React/src/react-reconciler/ReactFiberTransition.cpp","not-started"
"reactjs/packages/react-reconciler/src/ReactFiberTransition.js","chainGestureCancellation","function",false,"packages/React/src/react-reconciler/ReactFiberTransition.cpp","not-started"
"reactjs/packages/react-reconciler/src/ReactFiberTransition.js","requestCurrentTransition","function",true,"packages/React/src/react-reconciler/ReactFiberTransition.cpp","not-started"
"reactjs/packages/react-reconciler/src/ReactFiberTransition.js","peekCacheFromPool","function",false,"packages/React/src/react-reconciler/ReactFiberTransition.cpp","not-started"
"reactjs/packages/react-reconciler/src/ReactFiberTransition.js","requestCacheFromPool","function",true,"packages/React/src/react-reconciler/ReactFiberTransition.cpp","not-started"
"reactjs/packages/react-reconciler/src/ReactFiberTransition.js","pushRootTransition","function",true,"packages/React/src/react-reconciler/ReactFiberTransition.cpp","not-started"
"reactjs/packages/react-reconciler/src/ReactFiberTransition.js","popRootTransition","function",true,"packages/React/src/react-reconciler/ReactFiberTransition.cpp","not-started"
"reactjs/packages/react-reconciler/src/ReactFiberTransition.js","pushTransition","function",true,"packages/React/src/react-reconciler/ReactFiberTransition.cpp","not-started"
"reactjs/packages/react-reconciler/src/ReactFiberTransition.js","popTransition","function",true,"packages/React/src/react-reconciler/ReactFiberTransition.cpp","not-started"
"reactjs/packages/react-reconciler/src/ReactFiberTransition.js","getPendingTransitions","function",true,"packages/React/src/react-reconciler/ReactFiberTransition.cpp","not-started"
"reactjs/packages/react-reconciler/src/ReactFiberTransition.js","getSuspendedCache","function",true,"packages/React/src/react-reconciler/ReactFiberTransition.cpp","not-started"
"reactjs/packages/react-reconciler/src/ReactFiberTransition.js","getOffscreenDeferredCache","function",true,"packages/React/src/react-reconciler/ReactFiberTransition.cpp","not-started"
"reactjs/packages/react-reconciler/src/ReactFiberTransitionTypes.js","queueTransitionTypes","function",true,"packages/React/src/react-reconciler/ReactFiberTransitionTypes.cpp","not-started"
"reactjs/packages/react-reconciler/src/ReactFiberTransitionTypes.js","i","const-export",false,"packages/React/src/react-reconciler/ReactFiberTransitionTypes.cpp","not-started"
"reactjs/packages/react-reconciler/src/ReactFiberTransitionTypes.js","entangledTransitionTypes","variable-export",true,"packages/React/src/react-reconciler/ReactFiberTransitionTypes.cpp","not-started"
"reactjs/packages/react-reconciler/src/ReactFiberTransitionTypes.js","entangleAsyncTransitionTypes","function",true,"packages/React/src/react-reconciler/ReactFiberTransitionTypes.cpp","not-started"
"reactjs/packages/react-reconciler/src/ReactFiberTransitionTypes.js","i","const-export",false,"packages/React/src/react-reconciler/ReactFiberTransitionTypes.cpp","not-started"
"reactjs/packages/react-reconciler/src/ReactFiberTransitionTypes.js","clearEntangledAsyncTransitionTypes","function",true,"packages/React/src/react-reconciler/ReactFiberTransitionTypes.cpp","not-started"
"reactjs/packages/react-reconciler/src/ReactFiberTransitionTypes.js","claimQueuedTransitionTypes","function",true,"packages/React/src/react-reconciler/ReactFiberTransitionTypes.cpp","not-started"
"reactjs/packages/react-reconciler/src/ReactFiberTreeContext.js","TreeContext","type-export",true,"packages/React/src/react-reconciler/ReactFiberTreeContext.h","not-started"
"reactjs/packages/react-reconciler/src/ReactFiberTreeContext.js","forkStackIndex","const-export",false,"packages/React/src/react-reconciler/ReactFiberTreeContext.cpp","not-started"
"reactjs/packages/react-reconciler/src/ReactFiberTreeContext.js","treeForkCount","const-export",false,"packages/React/src/react-reconciler/ReactFiberTreeContext.cpp","not-started"
"reactjs/packages/react-reconciler/src/ReactFiberTreeContext.js","idStackIndex","const-export",false,"packages/React/src/react-reconciler/ReactFiberTreeContext.cpp","not-started"
"reactjs/packages/react-reconciler/src/ReactFiberTreeContext.js","treeContextId","const-export",false,"packages/React/src/react-reconciler/ReactFiberTreeContext.cpp","not-started"
"reactjs/packages/react-reconciler/src/ReactFiberTreeContext.js","treeContextOverflow","const-export",false,"packages/React/src/react-reconciler/ReactFiberTreeContext.cpp","not-started"
"reactjs/packages/react-reconciler/src/ReactFiberTreeContext.js","isForkedChild","function",true,"packages/React/src/react-reconciler/ReactFiberTreeContext.cpp","not-started"
"reactjs/packages/react-reconciler/src/ReactFiberTreeContext.js","getForksAtLevel","function",true,"packages/React/src/react-reconciler/ReactFiberTreeContext.cpp","not-started"
"reactjs/packages/react-reconciler/src/ReactFiberTreeContext.js","getTreeId","function",true,"packages/React/src/react-reconciler/ReactFiberTreeContext.cpp","not-started"
"reactjs/packages/react-reconciler/src/ReactFiberTreeContext.js","id","const-export",false,"packages/React/src/react-reconciler/ReactFiberTreeContext.cpp","not-started"
"reactjs/packages/react-reconciler/src/ReactFiberTreeContext.js","pushTreeFork","function",true,"packages/React/src/react-reconciler/ReactFiberTreeContext.cpp","not-started"
"reactjs/packages/react-reconciler/src/ReactFiberTreeContext.js","pushTreeId","function",true,"packages/React/src/react-reconciler/ReactFiberTreeContext.cpp","not-started"
"reactjs/packages/react-reconciler/src/ReactFiberTreeContext.js","baseLength","const-export",false,"packages/React/src/react-reconciler/ReactFiberTreeContext.cpp","not-started"
"reactjs/packages/react-reconciler/src/ReactFiberTreeContext.js","baseId","const-export",false,"packages/React/src/react-reconciler/ReactFiberTreeContext.cpp","not-started"
"reactjs/packages/react-reconciler/src/ReactFiberTreeContext.js","slot","const-export",false,"packages/React/src/react-reconciler/ReactFiberTreeContext.cpp","not-started"
"reactjs/packages/react-reconciler/src/ReactFiberTreeContext.js","length","const-export",false,"packages/React/src/react-reconciler/ReactFiberTreeContext.cpp","not-started"
"reactjs/packages/react-reconciler/src/ReactFiberTreeContext.js","numberOfOverflowBits","const-export",false,"packages/React/src/react-reconciler/ReactFiberTreeContext.cpp","not-started"
"reactjs/packages/react-reconciler/src/ReactFiberTreeContext.js","newOverflowBits","const-export",false,"packages/React/src/react-reconciler/ReactFiberTreeContext.cpp","not-started"
"reactjs/packages/react-reconciler/src/ReactFiberTreeContext.js","restOfBaseId","const-export",false,"packages/React/src/react-reconciler/ReactFiberTreeContext.cpp","not-started"
"reactjs/packages/react-reconciler/src/ReactFiberTreeContext.js","restOfBaseLength","const-export",false,"packages/React/src/react-reconciler/ReactFiberTreeContext.cpp","not-started"
"reactjs/packages/react-reconciler/src/ReactFiberTreeContext.js","restOfLength","const-export",false,"packages/React/src/react-reconciler/ReactFiberTreeContext.cpp","not-started"
"reactjs/packages/react-reconciler/src/ReactFiberTreeContext.js","restOfNewBits","const-export",false,"packages/React/src/react-reconciler/ReactFiberTreeContext.cpp","not-started"
"reactjs/packages/react-reconciler/src/ReactFiberTreeContext.js","id","const-export",false,"packages/React/src/react-reconciler/ReactFiberTreeContext.cpp","not-started"
"reactjs/packages/react-reconciler/src/ReactFiberTreeContext.js","overflow","const-export",false,"packages/React/src/react-reconciler/ReactFiberTreeContext.cpp","not-started"
"reactjs/packages/react-reconciler/src/ReactFiberTreeContext.js","newBits","const-export",false,"packages/React/src/react-reconciler/ReactFiberTreeContext.cpp","not-started"
"reactjs/packages/react-reconciler/src/ReactFiberTreeContext.js","id","const-export",false,"packages/React/src/react-reconciler/ReactFiberTreeContext.cpp","not-started"
"reactjs/packages/react-reconciler/src/ReactFiberTreeContext.js","pushMaterializedTreeId","function",true,"packages/React/src/react-reconciler/ReactFiberTreeContext.cpp","not-started"
"reactjs/packages/react-reconciler/src/ReactFiberTreeContext.js","numberOfForks","const-export",false,"packages/React/src/react-reconciler/ReactFiberTreeContext.cpp","not-started"
"reactjs/packages/react-reconciler/src/ReactFiberTreeContext.js","slotIndex","const-export",false,"packages/React/src/react-reconciler/ReactFiberTreeContext.cpp","not-started"
"reactjs/packages/react-reconciler/src/ReactFiberTreeContext.js","getBitLength","function",false,"packages/React/src/react-reconciler/ReactFiberTreeContext.cpp","not-started"
"reactjs/packages/react-reconciler/src/ReactFiberTreeContext.js","getLeadingBit","function",false,"packages/React/src/react-reconciler/ReactFiberTreeContext.cpp","not-started"
"reactjs/packages/react-reconciler/src/ReactFiberTreeContext.js","popTreeContext","function",true,"packages/React/src/react-reconciler/ReactFiberTreeContext.cpp","not-started"
"reactjs/packages/react-reconciler/src/ReactFiberTreeContext.js","getSuspendedTreeContext","function",true,"packages/React/src/react-reconciler/ReactFiberTreeContext.cpp","not-started"
"reactjs/packages/react-reconciler/src/ReactFiberTreeContext.js","restoreSuspendedTreeContext","function",true,"packages/React/src/react-reconciler/ReactFiberTreeContext.cpp","not-started"
"reactjs/packages/react-reconciler/src/ReactFiberTreeContext.js","warnIfNotHydrating","function",false,"packages/React/src/react-reconciler/ReactFiberTreeContext.cpp","not-started"
"reactjs/packages/react-reconciler/src/ReactFiberTreeReflection.js","getNearestMountedFiber","function",true,"packages/React/src/react-reconciler/ReactFiberTreeReflection.cpp","not-started"
"reactjs/packages/react-reconciler/src/ReactFiberTreeReflection.js","getSuspenseInstanceFromFiber","function",true,"packages/React/src/react-reconciler/ReactFiberTreeReflection.cpp","not-started"
"reactjs/packages/react-reconciler/src/ReactFiberTreeReflection.js","getActivityInstanceFromFiber","function",true,"packages/React/src/react-reconciler/ReactFiberTreeReflection.cpp","not-started"
"reactjs/packages/react-reconciler/src/ReactFiberTreeReflection.js","getContainerFromFiber","function",true,"packages/React/src/react-reconciler/ReactFiberTreeReflection.cpp","not-started"
"reactjs/packages/react-reconciler/src/ReactFiberTreeReflection.js","assertIsMounted","function",false,"packages/React/src/react-reconciler/ReactFiberTreeReflection.cpp","not-started"
"reactjs/packages/react-reconciler/src/ReactFiberTreeReflection.js","findCurrentFiberUsingSlowPath","function",true,"packages/React/src/react-reconciler/ReactFiberTreeReflection.cpp","not-started"
"reactjs/packages/react-reconciler/src/ReactFiberTreeReflection.js","didFindChild","const-export",false,"packages/React/src/react-reconciler/ReactFiberTreeReflection.cpp","not-started"
"reactjs/packages/react-reconciler/src/ReactFiberTreeReflection.js","findCurrentHostFiber","function",true,"packages/React/src/react-reconciler/ReactFiberTreeReflection.cpp","not-started"
"reactjs/packages/react-reconciler/src/ReactFiberTreeReflection.js","findCurrentHostFiberImpl","function",false,"packages/React/src/react-reconciler/ReactFiberTreeReflection.cpp","not-started"
"reactjs/packages/react-reconciler/src/ReactFiberTreeReflection.js","findCurrentHostFiberWithNoPortals","function",true,"packages/React/src/react-reconciler/ReactFiberTreeReflection.cpp","not-started"
"reactjs/packages/react-reconciler/src/ReactFiberTreeReflection.js","findCurrentHostFiberWithNoPortalsImpl","function",false,"packages/React/src/react-reconciler/ReactFiberTreeReflection.cpp","not-started"
"reactjs/packages/react-reconciler/src/ReactFiberTreeReflection.js","isFiberSuspenseAndTimedOut","function",true,"packages/React/src/react-reconciler/ReactFiberTreeReflection.cpp","not-started"
"reactjs/packages/react-reconciler/src/ReactFiberTreeReflection.js","doesFiberContain","function",true,"packages/React/src/react-reconciler/ReactFiberTreeReflection.cpp","not-started"
"reactjs/packages/react-reconciler/src/ReactFiberTreeReflection.js","traverseFragmentInstance","function",true,"packages/React/src/react-reconciler/ReactFiberTreeReflection.cpp","not-started"
"reactjs/packages/react-reconciler/src/ReactFiberTreeReflection.js","traverseFragmentInstanceDeeply","function",true,"packages/React/src/react-reconciler/ReactFiberTreeReflection.cpp","not-started"
"reactjs/packages/react-reconciler/src/ReactFiberTreeReflection.js","traverseVisibleHostChildren","function",false,"packages/React/src/react-reconciler/ReactFiberTreeReflection.cpp","not-started"
"reactjs/packages/react-reconciler/src/ReactFiberTreeReflection.js","getFragmentParentHostFiber","function",true,"packages/React/src/react-reconciler/ReactFiberTreeReflection.cpp","not-started"
"reactjs/packages/react-reconciler/src/ReactFiberTreeReflection.js","fiberIsPortaledIntoHost","function",true,"packages/React/src/react-reconciler/ReactFiberTreeReflection.cpp","not-started"
"reactjs/packages/react-reconciler/src/ReactFiberTreeReflection.js","foundPortalParent","const-export",false,"packages/React/src/react-reconciler/ReactFiberTreeReflection.cpp","not-started"
"reactjs/packages/react-reconciler/src/ReactFiberTreeReflection.js","getInstanceFromHostFiber","function",true,"packages/React/src/react-reconciler/ReactFiberTreeReflection.cpp","not-started"
"reactjs/packages/react-reconciler/src/ReactFiberTreeReflection.js","pushSearchTarget","function",false,"packages/React/src/react-reconciler/ReactFiberTreeReflection.cpp","not-started"
"reactjs/packages/react-reconciler/src/ReactFiberTreeReflection.js","popSearchTarget","function",false,"packages/React/src/react-reconciler/ReactFiberTreeReflection.cpp","not-started"
"reactjs/packages/react-reconciler/src/ReactFiberTreeReflection.js","pushSearchBoundary","function",false,"packages/React/src/react-reconciler/ReactFiberTreeReflection.cpp","not-started"
"reactjs/packages/react-reconciler/src/ReactFiberTreeReflection.js","popSearchBoundary","function",false,"packages/React/src/react-reconciler/ReactFiberTreeReflection.cpp","not-started"
"reactjs/packages/react-reconciler/src/ReactFiberTreeReflection.js","getNextSiblingHostFiber","function",true,"packages/React/src/react-reconciler/ReactFiberTreeReflection.cpp","not-started"
"reactjs/packages/react-reconciler/src/ReactFiberTreeReflection.js","findNextSibling","function",false,"packages/React/src/react-reconciler/ReactFiberTreeReflection.cpp","not-started"
"reactjs/packages/react-reconciler/src/ReactFiberTreeReflection.js","isFiberContainedByFragment","function",true,"packages/React/src/react-reconciler/ReactFiberTreeReflection.cpp","not-started"
"reactjs/packages/react-reconciler/src/ReactFiberTreeReflection.js","isFragmentContainedByFiber","function",true,"packages/React/src/react-reconciler/ReactFiberTreeReflection.cpp","not-started"
"reactjs/packages/react-reconciler/src/ReactFiberTreeReflection.js","isFiberPreceding","function",true,"packages/React/src/react-reconciler/ReactFiberTreeReflection.cpp","not-started"
"reactjs/packages/react-reconciler/src/ReactFiberTreeReflection.js","isFiberPrecedingCheck","function",false,"packages/React/src/react-reconciler/ReactFiberTreeReflection.cpp","not-started"
"reactjs/packages/react-reconciler/src/ReactFiberTreeReflection.js","isFiberFollowing","function",true,"packages/React/src/react-reconciler/ReactFiberTreeReflection.cpp","not-started"
"reactjs/packages/react-reconciler/src/ReactFiberTreeReflection.js","isFiberFollowingCheck","function",false,"packages/React/src/react-reconciler/ReactFiberTreeReflection.cpp","not-started"
"reactjs/packages/react-reconciler/src/ReactFiberTreeReflection.js","getParentForFragmentAncestors","function",false,"packages/React/src/react-reconciler/ReactFiberTreeReflection.cpp","not-started"
"reactjs/packages/react-reconciler/src/ReactFiberTreeReflection.js","getLowestCommonAncestor","function",true,"packages/React/src/react-reconciler/ReactFiberTreeReflection.cpp","not-started"
"reactjs/packages/react-reconciler/src/ReactFiberTreeReflection.js","depthA","const-export",false,"packages/React/src/react-reconciler/ReactFiberTreeReflection.cpp","not-started"
"reactjs/packages/react-reconciler/src/ReactFiberTreeReflection.js","depthB","const-export",false,"packages/React/src/react-reconciler/ReactFiberTreeReflection.cpp","not-started"
"reactjs/packages/react-reconciler/src/ReactFiberUnwindWork.js","unwindWork","function",false,"packages/React/src/react-reconciler/ReactFiberUnwindWork.cpp","not-started"
"reactjs/packages/react-reconciler/src/ReactFiberUnwindWork.js","unwindInterruptedWork","function",false,"packages/React/src/react-reconciler/ReactFiberUnwindWork.cpp","not-started"
"reactjs/packages/react-reconciler/src/ReactFiberUnwindWork.js","unwindWork","variable-export",true,"packages/React/src/react-reconciler/ReactFiberUnwindWork.cpp","not-started"
"reactjs/packages/react-reconciler/src/ReactFiberUnwindWork.js","unwindInterruptedWork","variable-export",true,"packages/React/src/react-reconciler/ReactFiberUnwindWork.cpp","not-started"
"reactjs/packages/react-reconciler/src/ReactFiberViewTransitionComponent.js","ViewTransitionState","type-export",true,"packages/React/src/react-reconciler/ReactFiberViewTransitionComponent.h","not-started"
"reactjs/packages/react-reconciler/src/ReactFiberViewTransitionComponent.js","globalClientIdCounter","const-export",false,"packages/React/src/react-reconciler/ReactFiberViewTransitionComponent.cpp","not-started"
"reactjs/packages/react-reconciler/src/ReactFiberViewTransitionComponent.js","getViewTransitionName","function",true,"packages/React/src/react-reconciler/ReactFiberViewTransitionComponent.cpp","not-started"
"reactjs/packages/react-reconciler/src/ReactFiberViewTransitionComponent.js","name","const-export",false,"packages/React/src/react-reconciler/ReactFiberViewTransitionComponent.cpp","not-started"
"reactjs/packages/react-reconciler/src/ReactFiberViewTransitionComponent.js","getClassNameByType","function",false,"packages/React/src/react-reconciler/ReactFiberViewTransitionComponent.cpp","not-started"
"reactjs/packages/react-reconciler/src/ReactFiberViewTransitionComponent.js","i","const-export",false,"packages/React/src/react-reconciler/ReactFiberViewTransitionComponent.cpp","not-started"
"reactjs/packages/react-reconciler/src/ReactFiberViewTransitionComponent.js","getViewTransitionClassName","function",true,"packages/React/src/react-reconciler/ReactFiberViewTransitionComponent.cpp","not-started"
"reactjs/packages/react-reconciler/src/ReactFiberWorkLoop.js","NoContext","const-export",true,"packages/React/src/react-reconciler/ReactFiberWorkLoop.cpp","not-started"
"reactjs/packages/react-reconciler/src/ReactFiberWorkLoop.js","BatchedContext","const-export",false,"packages/React/src/react-reconciler/ReactFiberWorkLoop.cpp","not-started"
"reactjs/packages/react-reconciler/src/ReactFiberWorkLoop.js","RenderContext","const-export",true,"packages/React/src/react-reconciler/ReactFiberWorkLoop.cpp","not-started"
"reactjs/packages/react-reconciler/src/ReactFiberWorkLoop.js","CommitContext","const-export",true,"packages/React/src/react-reconciler/ReactFiberWorkLoop.cpp","not-started"
"reactjs/packages/react-reconciler/src/ReactFiberWorkLoop.js","RootInProgress","const-export",false,"packages/React/src/react-reconciler/ReactFiberWorkLoop.cpp","not-started"
"reactjs/packages/react-reconciler/src/ReactFiberWorkLoop.js","RootFatalErrored","const-export",false,"packages/React/src/react-reconciler/ReactFiberWorkLoop.cpp","not-started"
"reactjs/packages/react-reconciler/src/ReactFiberWorkLoop.js","RootErrored","const-export",false,"packages/React/src/react-reconciler/ReactFiberWorkLoop.cpp","not-started"
"reactjs/packages/react-reconciler/src/ReactFiberWorkLoop.js","RootSuspended","const-export",false,"packages/React/src/react-reconciler/ReactFiberWorkLoop.cpp","not-started"
"reactjs/packages/react-reconciler/src/ReactFiberWorkLoop.js","RootSuspendedWithDelay","const-export",false,"packages/React/src/react-reconciler/ReactFiberWorkLoop.cpp","not-started"
"reactjs/packages/react-reconciler/src/ReactFiberWorkLoop.js","RootSuspendedAtTheShell","const-export",false,"packages/React/src/react-reconciler/ReactFiberWorkLoop.cpp","not-started"
"reactjs/packages/react-reconciler/src/ReactFiberWorkLoop.js","RootCompleted","const-export",false,"packages/React/src/react-reconciler/ReactFiberWorkLoop.cpp","not-started"
"reactjs/packages/react-reconciler/src/ReactFiberWorkLoop.js","SuspendedReason","type-export",true,"packages/React/src/react-reconciler/ReactFiberWorkLoop.h","not-started"
"reactjs/packages/react-reconciler/src/ReactFiberWorkLoop.js","NotSuspended","const-export",false,"packages/React/src/react-reconciler/ReactFiberWorkLoop.cpp","not-started"
"reactjs/packages/react-reconciler/src/ReactFiberWorkLoop.js","SuspendedOnError","const-export",false,"packages/React/src/react-reconciler/ReactFiberWorkLoop.cpp","not-started"
"reactjs/packages/react-reconciler/src/ReactFiberWorkLoop.js","SuspendedOnData","const-export",false,"packages/React/src/react-reconciler/ReactFiberWorkLoop.cpp","not-started"
"reactjs/packages/react-reconciler/src/ReactFiberWorkLoop.js","SuspendedOnImmediate","const-export",false,"packages/React/src/react-reconciler/ReactFiberWorkLoop.cpp","not-started"
"reactjs/packages/react-reconciler/src/ReactFiberWorkLoop.js","SuspendedOnInstance","const-export",false,"packages/React/src/react-reconciler/ReactFiberWorkLoop.cpp","not-started"
"reactjs/packages/react-reconciler/src/ReactFiberWorkLoop.js","SuspendedOnInstanceAndReadyToContinue","const-export",false,"packages/React/src/react-reconciler/ReactFiberWorkLoop.cpp","not-started"
"reactjs/packages/react-reconciler/src/ReactFiberWorkLoop.js","SuspendedOnDeprecatedThrowPromise","const-export",false,"packages/React/src/react-reconciler/ReactFiberWorkLoop.cpp","not-started"
"reactjs/packages/react-reconciler/src/ReactFiberWorkLoop.js","SuspendedAndReadyToContinue","const-export",false,"packages/React/src/react-reconciler/ReactFiberWorkLoop.cpp","not-started"
"reactjs/packages/react-reconciler/src/ReactFiberWorkLoop.js","SuspendedOnHydration","const-export",false,"packages/React/src/react-reconciler/ReactFiberWorkLoop.cpp","not-started"
"reactjs/packages/react-reconciler/src/ReactFiberWorkLoop.js","SuspendedOnAction","const-export",false,"packages/React/src/react-reconciler/ReactFiberWorkLoop.cpp","not-started"
"reactjs/packages/react-reconciler/src/ReactFiberWorkLoop.js","workInProgressRootDidSkipSuspendedSiblings","const-export",false,"packages/React/src/react-reconciler/ReactFiberWorkLoop.cpp","not-started"
"reactjs/packages/react-reconciler/src/ReactFiberWorkLoop.js","workInProgressRootIsPrerendering","const-export",false,"packages/React/src/react-reconciler/ReactFiberWorkLoop.cpp","not-started"
"reactjs/packages/react-reconciler/src/ReactFiberWorkLoop.js","workInProgressRootDidAttachPingListener","const-export",false,"packages/React/src/react-reconciler/ReactFiberWorkLoop.cpp","not-started"
"reactjs/packages/react-reconciler/src/ReactFiberWorkLoop.js","entangledRenderLanes","variable-export",true,"packages/React/src/react-reconciler/ReactFiberWorkLoop.cpp","not-started"
"reactjs/packages/react-reconciler/src/ReactFiberWorkLoop.js","workInProgressRootDidIncludeRecursiveRenderUpdate","const-export",false,"packages/React/src/react-reconciler/ReactFiberWorkLoop.cpp","not-started"
"reactjs/packages/react-reconciler/src/ReactFiberWorkLoop.js","didIncludeCommitPhaseUpdate","const-export",false,"packages/React/src/react-reconciler/ReactFiberWorkLoop.cpp","not-started"
"reactjs/packages/react-reconciler/src/ReactFiberWorkLoop.js","globalMostRecentFallbackTime","const-export",false,"packages/React/src/react-reconciler/ReactFiberWorkLoop.cpp","not-started"
"reactjs/packages/react-reconciler/src/ReactFiberWorkLoop.js","FALLBACK_THROTTLE_MS","const-export",false,"packages/React/src/react-reconciler/ReactFiberWorkLoop.cpp","not-started"
"reactjs/packages/react-reconciler/src/ReactFiberWorkLoop.js","RENDER_TIMEOUT_MS","const-export",false,"packages/React/src/react-reconciler/ReactFiberWorkLoop.cpp","not-started"
"reactjs/packages/react-reconciler/src/ReactFiberWorkLoop.js","getWorkInProgressTransitions","function",true,"packages/React/src/react-reconciler/ReactFiberWorkLoop.cpp","not-started"
"reactjs/packages/react-reconciler/src/ReactFiberWorkLoop.js","addTransitionStartCallbackToPendingTransition","function",true,"packages/React/src/react-reconciler/ReactFiberWorkLoop.cpp","not-started"
"reactjs/packages/react-reconciler/src/ReactFiberWorkLoop.js","addMarkerProgressCallbackToPendingTransition","function",true,"packages/React/src/react-reconciler/ReactFiberWorkLoop.cpp","not-started"
"reactjs/packages/react-reconciler/src/ReactFiberWorkLoop.js","addMarkerIncompleteCallbackToPendingTransition","function",true,"packages/React/src/react-reconciler/ReactFiberWorkLoop.cpp","not-started"
"reactjs/packages/react-reconciler/src/ReactFiberWorkLoop.js","addMarkerCompleteCallbackToPendingTransition","function",true,"packages/React/src/react-reconciler/ReactFiberWorkLoop.cpp","not-started"
"reactjs/packages/react-reconciler/src/ReactFiberWorkLoop.js","addTransitionProgressCallbackToPendingTransition","function",true,"packages/React/src/react-reconciler/ReactFiberWorkLoop.cpp","not-started"
"reactjs/packages/react-reconciler/src/ReactFiberWorkLoop.js","addTransitionCompleteCallbackToPendingTransition","function",true,"packages/React/src/react-reconciler/ReactFiberWorkLoop.cpp","not-started"
"reactjs/packages/react-reconciler/src/ReactFiberWorkLoop.js","resetRenderTimer","function",false,"packages/React/src/react-reconciler/ReactFiberWorkLoop.cpp","not-started"
"reactjs/packages/react-reconciler/src/ReactFiberWorkLoop.js","getRenderTargetTime","function",true,"packages/React/src/react-reconciler/ReactFiberWorkLoop.cpp","not-started"
"reactjs/packages/react-reconciler/src/ReactFiberWorkLoop.js","IMMEDIATE_COMMIT","const-export",false,"packages/React/src/react-reconciler/ReactFiberWorkLoop.cpp","not-started"
"reactjs/packages/react-reconciler/src/ReactFiberWorkLoop.js","SUSPENDED_COMMIT","const-export",false,"packages/React/src/react-reconciler/ReactFiberWorkLoop.cpp","not-started"
"reactjs/packages/react-reconciler/src/ReactFiberWorkLoop.js","THROTTLED_COMMIT","const-export",false,"packages/React/src/react-reconciler/ReactFiberWorkLoop.cpp","not-started"
"reactjs/packages/react-reconciler/src/ReactFiberWorkLoop.js","NO_PENDING_EFFECTS","const-export",false,"packages/React/src/react-reconciler/ReactFiberWorkLoop.cpp","not-started"
"reactjs/packages/react-reconciler/src/ReactFiberWorkLoop.js","PENDING_MUTATION_PHASE","const-export",false,"packages/React/src/react-reconciler/ReactFiberWorkLoop.cpp","not-started"
"reactjs/packages/react-reconciler/src/ReactFiberWorkLoop.js","PENDING_LAYOUT_PHASE","const-export",false,"packages/React/src/react-reconciler/ReactFiberWorkLoop.cpp","not-started"
"reactjs/packages/react-reconciler/src/ReactFiberWorkLoop.js","PENDING_AFTER_MUTATION_PHASE","const-export",false,"packages/React/src/react-reconciler/ReactFiberWorkLoop.cpp","not-started"
"reactjs/packages/react-reconciler/src/ReactFiberWorkLoop.js","PENDING_SPAWNED_WORK","const-export",false,"packages/React/src/react-reconciler/ReactFiberWorkLoop.cpp","not-started"
"reactjs/packages/react-reconciler/src/ReactFiberWorkLoop.js","PENDING_PASSIVE_PHASE","const-export",false,"packages/React/src/react-reconciler/ReactFiberWorkLoop.cpp","not-started"
"reactjs/packages/react-reconciler/src/ReactFiberWorkLoop.js","PENDING_GESTURE_MUTATION_PHASE","const-export",false,"packages/React/src/react-reconciler/ReactFiberWorkLoop.cpp","not-started"
"reactjs/packages/react-reconciler/src/ReactFiberWorkLoop.js","PENDING_GESTURE_ANIMATION_PHASE","const-export",false,"packages/React/src/react-reconciler/ReactFiberWorkLoop.cpp","not-started"
"reactjs/packages/react-reconciler/src/ReactFiberWorkLoop.js","pendingEffectsStatus","const-export",false,"packages/React/src/react-reconciler/ReactFiberWorkLoop.cpp","not-started"
"reactjs/packages/react-reconciler/src/ReactFiberWorkLoop.js","pendingDidIncludeRenderPhaseUpdate","const-export",false,"packages/React/src/react-reconciler/ReactFiberWorkLoop.cpp","not-started"
"reactjs/packages/react-reconciler/src/ReactFiberWorkLoop.js","NESTED_UPDATE_LIMIT","const-export",false,"packages/React/src/react-reconciler/ReactFiberWorkLoop.cpp","not-started"
"reactjs/packages/react-reconciler/src/ReactFiberWorkLoop.js","nestedUpdateCount","const-export",false,"packages/React/src/react-reconciler/ReactFiberWorkLoop.cpp","not-started"
"reactjs/packages/react-reconciler/src/ReactFiberWorkLoop.js","isFlushingPassiveEffects","const-export",false,"packages/React/src/react-reconciler/ReactFiberWorkLoop.cpp","not-started"
"reactjs/packages/react-reconciler/src/ReactFiberWorkLoop.js","didScheduleUpdateDuringPassiveEffects","const-export",false,"packages/React/src/react-reconciler/ReactFiberWorkLoop.cpp","not-started"
"reactjs/packages/react-reconciler/src/ReactFiberWorkLoop.js","NESTED_PASSIVE_UPDATE_LIMIT","const-export",false,"packages/React/src/react-reconciler/ReactFiberWorkLoop.cpp","not-started"
"reactjs/packages/react-reconciler/src/ReactFiberWorkLoop.js","nestedPassiveUpdateCount","const-export",false,"packages/React/src/react-reconciler/ReactFiberWorkLoop.cpp","not-started"
"reactjs/packages/react-reconciler/src/ReactFiberWorkLoop.js","isRunningInsertionEffect","const-export",false,"packages/React/src/react-reconciler/ReactFiberWorkLoop.cpp","not-started"
"reactjs/packages/react-reconciler/src/ReactFiberWorkLoop.js","getWorkInProgressRoot","function",true,"packages/React/src/react-reconciler/ReactFiberWorkLoop.cpp","not-started"
"reactjs/packages/react-reconciler/src/ReactFiberWorkLoop.js","getCommittingRoot","function",true,"packages/React/src/react-reconciler/ReactFiberWorkLoop.cpp","not-started"
"reactjs/packages/react-reconciler/src/ReactFiberWorkLoop.js","getWorkInProgressRootRenderLanes","function",true,"packages/React/src/react-reconciler/ReactFiberWorkLoop.cpp","not-started"
"reactjs/packages/react-reconciler/src/ReactFiberWorkLoop.js","hasPendingCommitEffects","function",true,"packages/React/src/react-reconciler/ReactFiberWorkLoop.cpp","not-started"
"reactjs/packages/react-reconciler/src/ReactFiberWorkLoop.js","getRootWithPendingPassiveEffects","function",true,"packages/React/src/react-reconciler/ReactFiberWorkLoop.cpp","not-started"
"reactjs/packages/react-reconciler/src/ReactFiberWorkLoop.js","getPendingPassiveEffectsLanes","function",true,"packages/React/src/react-reconciler/ReactFiberWorkLoop.cpp","not-started"
"reactjs/packages/react-reconciler/src/ReactFiberWorkLoop.js","getPendingTransitionTypes","function",true,"packages/React/src/react-reconciler/ReactFiberWorkLoop.cpp","not-started"
"reactjs/packages/react-reconciler/src/ReactFiberWorkLoop.js","isWorkLoopSuspendedOnData","function",true,"packages/React/src/react-reconciler/ReactFiberWorkLoop.cpp","not-started"
"reactjs/packages/react-reconciler/src/ReactFiberWorkLoop.js","getCurrentTime","function",true,"packages/React/src/react-reconciler/ReactFiberWorkLoop.cpp","not-started"
"reactjs/packages/react-reconciler/src/ReactFiberWorkLoop.js","requestUpdateLane","function",true,"packages/React/src/react-reconciler/ReactFiberWorkLoop.cpp","not-started"
"reactjs/packages/react-reconciler/src/ReactFiberWorkLoop.js","requestRetryLane","function",false,"packages/React/src/react-reconciler/ReactFiberWorkLoop.cpp","not-started"
"reactjs/packages/react-reconciler/src/ReactFiberWorkLoop.js","requestDeferredLane","function",true,"packages/React/src/react-reconciler/ReactFiberWorkLoop.cpp","not-started"
"reactjs/packages/react-reconciler/src/ReactFiberWorkLoop.js","scheduleViewTransitionEvent","function",true,"packages/React/src/react-reconciler/ReactFiberWorkLoop.cpp","not-started"
"reactjs/packages/react-reconciler/src/ReactFiberWorkLoop.js","peekDeferredLane","function",true,"packages/React/src/react-reconciler/ReactFiberWorkLoop.cpp","not-started"
"reactjs/packages/react-reconciler/src/ReactFiberWorkLoop.js","scheduleUpdateOnFiber","function",true,"packages/React/src/react-reconciler/ReactFiberWorkLoop.cpp","not-started"
"reactjs/packages/react-reconciler/src/ReactFiberWorkLoop.js","didAttemptEntireTree","const-export",false,"packages/React/src/react-reconciler/ReactFiberWorkLoop.cpp","not-started"
"reactjs/packages/react-reconciler/src/ReactFiberWorkLoop.js","didAttemptEntireTree","const-export",false,"packages/React/src/react-reconciler/ReactFiberWorkLoop.cpp","not-started"
"reactjs/packages/react-reconciler/src/ReactFiberWorkLoop.js","scheduleInitialHydrationOnRoot","function",true,"packages/React/src/react-reconciler/ReactFiberWorkLoop.cpp","not-started"
"reactjs/packages/react-reconciler/src/ReactFiberWorkLoop.js","isUnsafeClassRenderPhaseUpdate","function",true,"packages/React/src/react-reconciler/ReactFiberWorkLoop.cpp","not-started"
"reactjs/packages/react-reconciler/src/ReactFiberWorkLoop.js","performWorkOnRoot","function",true,"packages/React/src/react-reconciler/ReactFiberWorkLoop.cpp","not-started"
"reactjs/packages/react-reconciler/src/ReactFiberWorkLoop.js","didAttemptEntireTree","const-export",false,"packages/React/src/react-reconciler/ReactFiberWorkLoop.cpp","not-started"
"reactjs/packages/react-reconciler/src/ReactFiberWorkLoop.js","renderEndTime","const-export",false,"packages/React/src/react-reconciler/ReactFiberWorkLoop.cpp","not-started"
"reactjs/packages/react-reconciler/src/ReactFiberWorkLoop.js","didAttemptEntireTree","const-export",false,"packages/React/src/react-reconciler/ReactFiberWorkLoop.cpp","not-started"
"reactjs/packages/react-reconciler/src/ReactFiberWorkLoop.js","recoverFromConcurrentError","function",false,"packages/React/src/react-reconciler/ReactFiberWorkLoop.cpp","not-started"
"reactjs/packages/react-reconciler/src/ReactFiberWorkLoop.js","queueRecoverableErrors","function",true,"packages/React/src/react-reconciler/ReactFiberWorkLoop.cpp","not-started"
"reactjs/packages/react-reconciler/src/ReactFiberWorkLoop.js","finishConcurrentRender","function",false,"packages/React/src/react-reconciler/ReactFiberWorkLoop.cpp","not-started"
"reactjs/packages/react-reconciler/src/ReactFiberWorkLoop.js","msUntilTimeout","const-export",false,"packages/React/src/react-reconciler/ReactFiberWorkLoop.cpp","not-started"
"reactjs/packages/react-reconciler/src/ReactFiberWorkLoop.js","commitRootWhenReady","function",false,"packages/React/src/react-reconciler/ReactFiberWorkLoop.cpp","not-started"
"reactjs/packages/react-reconciler/src/ReactFiberWorkLoop.js","BothVisibilityAndMaySuspendCommit","const-export",false,"packages/React/src/react-reconciler/ReactFiberWorkLoop.cpp","not-started"
"reactjs/packages/react-reconciler/src/ReactFiberWorkLoop.js","isRenderConsistentWithExternalStores","function",false,"packages/React/src/react-reconciler/ReactFiberWorkLoop.cpp","not-started"
"reactjs/packages/react-reconciler/src/ReactFiberWorkLoop.js","i","const-export",false,"packages/React/src/react-reconciler/ReactFiberWorkLoop.cpp","not-started"
"reactjs/packages/react-reconciler/src/ReactFiberWorkLoop.js","markRootUpdated","function",false,"packages/React/src/react-reconciler/ReactFiberWorkLoop.cpp","not-started"
"reactjs/packages/react-reconciler/src/ReactFiberWorkLoop.js","markRootPinged","function",false,"packages/React/src/react-reconciler/ReactFiberWorkLoop.cpp","not-started"
"reactjs/packages/react-reconciler/src/ReactFiberWorkLoop.js","markRootSuspended","function",false,"packages/React/src/react-reconciler/ReactFiberWorkLoop.cpp","not-started"
"reactjs/packages/react-reconciler/src/ReactFiberWorkLoop.js","flushRoot","function",true,"packages/React/src/react-reconciler/ReactFiberWorkLoop.cpp","not-started"
"reactjs/packages/react-reconciler/src/ReactFiberWorkLoop.js","getExecutionContext","function",true,"packages/React/src/react-reconciler/ReactFiberWorkLoop.cpp","not-started"
"reactjs/packages/react-reconciler/src/ReactFiberWorkLoop.js","deferredUpdates","function",true,"packages/React/src/react-reconciler/ReactFiberWorkLoop.cpp","not-started"
"reactjs/packages/react-reconciler/src/ReactFiberWorkLoop.js","batchedUpdates","function",true,"packages/React/src/react-reconciler/ReactFiberWorkLoop.cpp","not-started"
"reactjs/packages/react-reconciler/src/ReactFiberWorkLoop.js","discreteUpdates","function",true,"packages/React/src/react-reconciler/ReactFiberWorkLoop.cpp","not-started"
"reactjs/packages/react-reconciler/src/ReactFiberWorkLoop.js","flushSyncFromReconciler","function",true,"packages/React/src/react-reconciler/ReactFiberWorkLoop.cpp","not-started"
"reactjs/packages/react-reconciler/src/ReactFiberWorkLoop.js","flushSyncWork","function",true,"packages/React/src/react-reconciler/ReactFiberWorkLoop.cpp","not-started"
"reactjs/packages/react-reconciler/src/ReactFiberWorkLoop.js","isAlreadyRendering","function",true,"packages/React/src/react-reconciler/ReactFiberWorkLoop.cpp","not-started"
"reactjs/packages/react-reconciler/src/ReactFiberWorkLoop.js","isInvalidExecutionContextForEventFunction","function",true,"packages/React/src/react-reconciler/ReactFiberWorkLoop.cpp","not-started"
"reactjs/packages/react-reconciler/src/ReactFiberWorkLoop.js","setEntangledRenderLanes","function",true,"packages/React/src/react-reconciler/ReactFiberWorkLoop.cpp","not-started"
"reactjs/packages/react-reconciler/src/ReactFiberWorkLoop.js","getEntangledRenderLanes","function",true,"packages/React/src/react-reconciler/ReactFiberWorkLoop.cpp","not-started"
"reactjs/packages/react-reconciler/src/ReactFiberWorkLoop.js","resetWorkInProgressStack","function",false,"packages/React/src/react-reconciler/ReactFiberWorkLoop.cpp","not-started"
"reactjs/packages/react-reconciler/src/ReactFiberWorkLoop.js","finalizeRender","function",false,"packages/React/src/react-reconciler/ReactFiberWorkLoop.cpp","not-started"
"reactjs/packages/react-reconciler/src/ReactFiberWorkLoop.js","prepareFreshStack","function",false,"packages/React/src/react-reconciler/ReactFiberWorkLoop.cpp","not-started"
"reactjs/packages/react-reconciler/src/ReactFiberWorkLoop.js","resetSuspendedWorkLoopOnUnwind","function",false,"packages/React/src/react-reconciler/ReactFiberWorkLoop.cpp","not-started"
"reactjs/packages/react-reconciler/src/ReactFiberWorkLoop.js","handleThrow","function",false,"packages/React/src/react-reconciler/ReactFiberWorkLoop.cpp","not-started"
"reactjs/packages/react-reconciler/src/ReactFiberWorkLoop.js","shouldRemainOnPreviousScreen","function",true,"packages/React/src/react-reconciler/ReactFiberWorkLoop.cpp","not-started"
"reactjs/packages/react-reconciler/src/ReactFiberWorkLoop.js","pushDispatcher","function",false,"packages/React/src/react-reconciler/ReactFiberWorkLoop.cpp","not-started"
"reactjs/packages/react-reconciler/src/ReactFiberWorkLoop.js","popDispatcher","function",false,"packages/React/src/react-reconciler/ReactFiberWorkLoop.cpp","not-started"
"reactjs/packages/react-reconciler/src/ReactFiberWorkLoop.js","pushAsyncDispatcher","function",false,"packages/React/src/react-reconciler/ReactFiberWorkLoop.cpp","not-started"
"reactjs/packages/react-reconciler/src/ReactFiberWorkLoop.js","popAsyncDispatcher","function",false,"packages/React/src/react-reconciler/ReactFiberWorkLoop.cpp","not-started"
"reactjs/packages/react-reconciler/src/ReactFiberWorkLoop.js","markRenderDerivedCause","function",true,"packages/React/src/react-reconciler/ReactFiberWorkLoop.cpp","not-started"
"reactjs/packages/react-reconciler/src/ReactFiberWorkLoop.js","markCommitTimeOfFallback","function",true,"packages/React/src/react-reconciler/ReactFiberWorkLoop.cpp","not-started"
"reactjs/packages/react-reconciler/src/ReactFiberWorkLoop.js","markSkippedUpdateLanes","function",true,"packages/React/src/react-reconciler/ReactFiberWorkLoop.cpp","not-started"
"reactjs/packages/react-reconciler/src/ReactFiberWorkLoop.js","renderDidSuspend","function",true,"packages/React/src/react-reconciler/ReactFiberWorkLoop.cpp","not-started"
"reactjs/packages/react-reconciler/src/ReactFiberWorkLoop.js","renderDidSuspendDelayIfPossible","function",true,"packages/React/src/react-reconciler/ReactFiberWorkLoop.cpp","not-started"
"reactjs/packages/react-reconciler/src/ReactFiberWorkLoop.js","didAttemptEntireTree","const-export",false,"packages/React/src/react-reconciler/ReactFiberWorkLoop.cpp","not-started"
"reactjs/packages/react-reconciler/src/ReactFiberWorkLoop.js","renderDidError","function",true,"packages/React/src/react-reconciler/ReactFiberWorkLoop.cpp","not-started"
"reactjs/packages/react-reconciler/src/ReactFiberWorkLoop.js","queueConcurrentError","function",true,"packages/React/src/react-reconciler/ReactFiberWorkLoop.cpp","not-started"
"reactjs/packages/react-reconciler/src/ReactFiberWorkLoop.js","renderHasNotSuspendedYet","function",true,"packages/React/src/react-reconciler/ReactFiberWorkLoop.cpp","not-started"
"reactjs/packages/react-reconciler/src/ReactFiberWorkLoop.js","renderRootSync","function",false,"packages/React/src/react-reconciler/ReactFiberWorkLoop.cpp","not-started"
"reactjs/packages/react-reconciler/src/ReactFiberWorkLoop.js","didSuspendInShell","const-export",false,"packages/React/src/react-reconciler/ReactFiberWorkLoop.cpp","not-started"
"reactjs/packages/react-reconciler/src/ReactFiberWorkLoop.js","workLoopSync","function",false,"packages/React/src/react-reconciler/ReactFiberWorkLoop.cpp","not-started"
"reactjs/packages/react-reconciler/src/ReactFiberWorkLoop.js","renderRootConcurrent","function",false,"packages/React/src/react-reconciler/ReactFiberWorkLoop.cpp","not-started"
"reactjs/packages/react-reconciler/src/ReactFiberWorkLoop.js","onResolution","arrow-fn",false,"packages/React/src/react-reconciler/ReactFiberWorkLoop.cpp","not-started"
"reactjs/packages/react-reconciler/src/ReactFiberWorkLoop.js","workLoopConcurrent","function",false,"packages/React/src/react-reconciler/ReactFiberWorkLoop.cpp","not-started"
"reactjs/packages/react-reconciler/src/ReactFiberWorkLoop.js","yieldAfter","const-export",false,"packages/React/src/react-reconciler/ReactFiberWorkLoop.cpp","not-started"
"reactjs/packages/react-reconciler/src/ReactFiberWorkLoop.js","workLoopConcurrentByScheduler","function",false,"packages/React/src/react-reconciler/ReactFiberWorkLoop.cpp","not-started"
"reactjs/packages/react-reconciler/src/ReactFiberWorkLoop.js","performUnitOfWork","function",false,"packages/React/src/react-reconciler/ReactFiberWorkLoop.cpp","not-started"
"reactjs/packages/react-reconciler/src/ReactFiberWorkLoop.js","replaySuspendedUnitOfWork","function",false,"packages/React/src/react-reconciler/ReactFiberWorkLoop.cpp","not-started"
"reactjs/packages/react-reconciler/src/ReactFiberWorkLoop.js","replayBeginWork","function",false,"packages/React/src/react-reconciler/ReactFiberWorkLoop.cpp","not-started"
"reactjs/packages/react-reconciler/src/ReactFiberWorkLoop.js","throwAndUnwindWorkLoop","function",false,"packages/React/src/react-reconciler/ReactFiberWorkLoop.cpp","not-started"
"reactjs/packages/react-reconciler/src/ReactFiberWorkLoop.js","markSpawnedRetryLane","function",true,"packages/React/src/react-reconciler/ReactFiberWorkLoop.cpp","not-started"
"reactjs/packages/react-reconciler/src/ReactFiberWorkLoop.js","panicOnRootError","function",false,"packages/React/src/react-reconciler/ReactFiberWorkLoop.cpp","not-started"
"reactjs/packages/react-reconciler/src/ReactFiberWorkLoop.js","completeUnitOfWork","function",false,"packages/React/src/react-reconciler/ReactFiberWorkLoop.cpp","not-started"
"reactjs/packages/react-reconciler/src/ReactFiberWorkLoop.js","unwindUnitOfWork","function",false,"packages/React/src/react-reconciler/ReactFiberWorkLoop.cpp","not-started"
"reactjs/packages/react-reconciler/src/ReactFiberWorkLoop.js","commitRoot","function",false,"packages/React/src/react-reconciler/ReactFiberWorkLoop.cpp","not-started"
"reactjs/packages/react-reconciler/src/ReactFiberWorkLoop.js","subtreeHasBeforeMutationEffects","const-export",false,"packages/React/src/react-reconciler/ReactFiberWorkLoop.cpp","not-started"
"reactjs/packages/react-reconciler/src/ReactFiberWorkLoop.js","rootHasBeforeMutationEffect","const-export",false,"packages/React/src/react-reconciler/ReactFiberWorkLoop.cpp","not-started"
"reactjs/packages/react-reconciler/src/ReactFiberWorkLoop.js","reportViewTransitionError","function",false,"packages/React/src/react-reconciler/ReactFiberWorkLoop.cpp","not-started"
"reactjs/packages/react-reconciler/src/ReactFiberWorkLoop.js","flushAfterMutationEffects","function",false,"packages/React/src/react-reconciler/ReactFiberWorkLoop.cpp","not-started"
"reactjs/packages/react-reconciler/src/ReactFiberWorkLoop.js","flushMutationEffects","function",false,"packages/React/src/react-reconciler/ReactFiberWorkLoop.cpp","not-started"
"reactjs/packages/react-reconciler/src/ReactFiberWorkLoop.js","subtreeMutationHasEffects","const-export",false,"packages/React/src/react-reconciler/ReactFiberWorkLoop.cpp","not-started"
"reactjs/packages/react-reconciler/src/ReactFiberWorkLoop.js","rootMutationHasEffect","const-export",false,"packages/React/src/react-reconciler/ReactFiberWorkLoop.cpp","not-started"
"reactjs/packages/react-reconciler/src/ReactFiberWorkLoop.js","flushLayoutEffects","function",false,"packages/React/src/react-reconciler/ReactFiberWorkLoop.cpp","not-started"
"reactjs/packages/react-reconciler/src/ReactFiberWorkLoop.js","subtreeHasLayoutEffects","const-export",false,"packages/React/src/react-reconciler/ReactFiberWorkLoop.cpp","not-started"
"reactjs/packages/react-reconciler/src/ReactFiberWorkLoop.js","rootHasLayoutEffect","const-export",false,"packages/React/src/react-reconciler/ReactFiberWorkLoop.cpp","not-started"
"reactjs/packages/react-reconciler/src/ReactFiberWorkLoop.js","flushSpawnedWork","function",false,"packages/React/src/react-reconciler/ReactFiberWorkLoop.cpp","not-started"
"reactjs/packages/react-reconciler/src/ReactFiberWorkLoop.js","i","const-export",false,"packages/React/src/react-reconciler/ReactFiberWorkLoop.cpp","not-started"
"reactjs/packages/react-reconciler/src/ReactFiberWorkLoop.js","i","const-export",false,"packages/React/src/react-reconciler/ReactFiberWorkLoop.cpp","not-started"
"reactjs/packages/react-reconciler/src/ReactFiberWorkLoop.js","commitGestureOnRoot","function",false,"packages/React/src/react-reconciler/ReactFiberWorkLoop.cpp","not-started"
"reactjs/packages/react-reconciler/src/ReactFiberWorkLoop.js","flushGestureMutations","function",false,"packages/React/src/react-reconciler/ReactFiberWorkLoop.cpp","not-started"
"reactjs/packages/react-reconciler/src/ReactFiberWorkLoop.js","flushGestureAnimations","function",false,"packages/React/src/react-reconciler/ReactFiberWorkLoop.cpp","not-started"
"reactjs/packages/react-reconciler/src/ReactFiberWorkLoop.js","makeErrorInfo","function",false,"packages/React/src/react-reconciler/ReactFiberWorkLoop.cpp","not-started"
"reactjs/packages/react-reconciler/src/ReactFiberWorkLoop.js","errorInfo","variable-export",false,"packages/React/src/react-reconciler/ReactFiberWorkLoop.cpp","not-started"
"reactjs/packages/react-reconciler/src/ReactFiberWorkLoop.js","releaseRootPooledCache","function",false,"packages/React/src/react-reconciler/ReactFiberWorkLoop.cpp","not-started"
"reactjs/packages/react-reconciler/src/ReactFiberWorkLoop.js","didWarnAboutInterruptedViewTransitions","const-export",false,"packages/React/src/react-reconciler/ReactFiberWorkLoop.cpp","not-started"
"reactjs/packages/react-reconciler/src/ReactFiberWorkLoop.js","flushPendingEffects","function",true,"packages/React/src/react-reconciler/ReactFiberWorkLoop.cpp","not-started"
"reactjs/packages/react-reconciler/src/ReactFiberWorkLoop.js","flushPassiveEffects","function",false,"packages/React/src/react-reconciler/ReactFiberWorkLoop.cpp","not-started"
"reactjs/packages/react-reconciler/src/ReactFiberWorkLoop.js","flushPassiveEffectsImpl","function",false,"packages/React/src/react-reconciler/ReactFiberWorkLoop.cpp","not-started"
"reactjs/packages/react-reconciler/src/ReactFiberWorkLoop.js","passiveEffectStartTime","const-export",false,"packages/React/src/react-reconciler/ReactFiberWorkLoop.cpp","not-started"
"reactjs/packages/react-reconciler/src/ReactFiberWorkLoop.js","isAlreadyFailedLegacyErrorBoundary","function",true,"packages/React/src/react-reconciler/ReactFiberWorkLoop.cpp","not-started"
"reactjs/packages/react-reconciler/src/ReactFiberWorkLoop.js","markLegacyErrorBoundaryAsFailed","function",true,"packages/React/src/react-reconciler/ReactFiberWorkLoop.cpp","not-started"
"reactjs/packages/react-reconciler/src/ReactFiberWorkLoop.js","captureCommitPhaseErrorOnRoot","function",false,"packages/React/src/react-reconciler/ReactFiberWorkLoop.cpp","not-started"
"reactjs/packages/react-reconciler/src/ReactFiberWorkLoop.js","captureCommitPhaseError","function",true,"packages/React/src/react-reconciler/ReactFiberWorkLoop.cpp","not-started"
"reactjs/packages/react-reconciler/src/ReactFiberWorkLoop.js","attachPingListener","function",true,"packages/React/src/react-reconciler/ReactFiberWorkLoop.cpp","not-started"
"reactjs/packages/react-reconciler/src/ReactFiberWorkLoop.js","pingSuspendedRoot","function",false,"packages/React/src/react-reconciler/ReactFiberWorkLoop.cpp","not-started"
"reactjs/packages/react-reconciler/src/ReactFiberWorkLoop.js","retryTimedOutBoundary","function",false,"packages/React/src/react-reconciler/ReactFiberWorkLoop.cpp","not-started"
"reactjs/packages/react-reconciler/src/ReactFiberWorkLoop.js","retryDehydratedSuspenseBoundary","function",true,"packages/React/src/react-reconciler/ReactFiberWorkLoop.cpp","not-started"
"reactjs/packages/react-reconciler/src/ReactFiberWorkLoop.js","resolveRetryWakeable","function",true,"packages/React/src/react-reconciler/ReactFiberWorkLoop.cpp","not-started"
"reactjs/packages/react-reconciler/src/ReactFiberWorkLoop.js","throwIfInfiniteUpdateLoopDetected","function",true,"packages/React/src/react-reconciler/ReactFiberWorkLoop.cpp","not-started"
"reactjs/packages/react-reconciler/src/ReactFiberWorkLoop.js","flushRenderPhaseStrictModeWarningsInDEV","function",false,"packages/React/src/react-reconciler/ReactFiberWorkLoop.cpp","not-started"
"reactjs/packages/react-reconciler/src/ReactFiberWorkLoop.js","recursivelyTraverseAndDoubleInvokeEffectsInDEV","function",false,"packages/React/src/react-reconciler/ReactFiberWorkLoop.cpp","not-started"
"reactjs/packages/react-reconciler/src/ReactFiberWorkLoop.js","doubleInvokeEffectsOnFiber","function",false,"packages/React/src/react-reconciler/ReactFiberWorkLoop.cpp","not-started"
"reactjs/packages/react-reconciler/src/ReactFiberWorkLoop.js","doubleInvokeEffectsInDEVIfNecessary","function",false,"packages/React/src/react-reconciler/ReactFiberWorkLoop.cpp","not-started"
"reactjs/packages/react-reconciler/src/ReactFiberWorkLoop.js","isStrictModeFiber","const-export",false,"packages/React/src/react-reconciler/ReactFiberWorkLoop.cpp","not-started"
"reactjs/packages/react-reconciler/src/ReactFiberWorkLoop.js","commitDoubleInvokeEffectsInDEV","function",false,"packages/React/src/react-reconciler/ReactFiberWorkLoop.cpp","not-started"
"reactjs/packages/react-reconciler/src/ReactFiberWorkLoop.js","doubleInvokeEffects","const-export",false,"packages/React/src/react-reconciler/ReactFiberWorkLoop.cpp","not-started"
"reactjs/packages/react-reconciler/src/ReactFiberWorkLoop.js","legacyCommitDoubleInvokeEffectsInDEV","function",false,"packages/React/src/react-reconciler/ReactFiberWorkLoop.cpp","not-started"
"reactjs/packages/react-reconciler/src/ReactFiberWorkLoop.js","invokeEffectsInDev","function",false,"packages/React/src/react-reconciler/ReactFiberWorkLoop.cpp","not-started"
"reactjs/packages/react-reconciler/src/ReactFiberWorkLoop.js","primarySubtreeFlag","const-export",false,"packages/React/src/react-reconciler/ReactFiberWorkLoop.cpp","not-started"
"reactjs/packages/react-reconciler/src/ReactFiberWorkLoop.js","warnAboutUpdateOnNotYetMountedFiberInDEV","function",true,"packages/React/src/react-reconciler/ReactFiberWorkLoop.cpp","not-started"
"reactjs/packages/react-reconciler/src/ReactFiberWorkLoop.js","didWarnAboutUpdateInRender","const-export",false,"packages/React/src/react-reconciler/ReactFiberWorkLoop.cpp","not-started"
"reactjs/packages/react-reconciler/src/ReactFiberWorkLoop.js","warnAboutRenderPhaseUpdatesInDEV","function",false,"packages/React/src/react-reconciler/ReactFiberWorkLoop.cpp","not-started"
"reactjs/packages/react-reconciler/src/ReactFiberWorkLoop.js","restorePendingUpdaters","function",true,"packages/React/src/react-reconciler/ReactFiberWorkLoop.cpp","not-started"
"reactjs/packages/react-reconciler/src/ReactFiberWorkLoop.js","fakeActCallbackNode","variable-export",false,"packages/React/src/react-reconciler/ReactFiberWorkLoop.cpp","not-started"
"reactjs/packages/react-reconciler/src/ReactFiberWorkLoop.js","scheduleCallback","function",false,"packages/React/src/react-reconciler/ReactFiberWorkLoop.cpp","not-started"
"reactjs/packages/react-reconciler/src/ReactFiberWorkLoop.js","shouldForceFlushFallbacksInDEV","function",false,"packages/React/src/react-reconciler/ReactFiberWorkLoop.cpp","not-started"
"reactjs/packages/react-reconciler/src/ReactFiberWorkLoop.js","warnIfUpdatesNotWrappedWithActDEV","function",false,"packages/React/src/react-reconciler/ReactFiberWorkLoop.cpp","not-started"
"reactjs/packages/react-reconciler/src/ReactFiberWorkLoop.js","warnIfSuspenseResolutionNotWrappedWithActDEV","function",false,"packages/React/src/react-reconciler/ReactFiberWorkLoop.cpp","not-started"
"reactjs/packages/react-reconciler/src/ReactFiberWorkLoop.js","setIsRunningInsertionEffect","function",true,"packages/React/src/react-reconciler/ReactFiberWorkLoop.cpp","not-started"
"reactjs/packages/react-reconciler/src/ReactHookEffectTags.js","HookFlags","type-export",true,"packages/React/src/react-reconciler/ReactHookEffectTags.h","not-started"
"reactjs/packages/react-reconciler/src/ReactHookEffectTags.js","NoFlags","const-export",true,"packages/React/src/react-reconciler/ReactHookEffectTags.cpp","not-started"
"reactjs/packages/react-reconciler/src/ReactHookEffectTags.js","HasEffect","const-export",true,"packages/React/src/react-reconciler/ReactHookEffectTags.cpp","not-started"
"reactjs/packages/react-reconciler/src/ReactHookEffectTags.js","Insertion","const-export",true,"packages/React/src/react-reconciler/ReactHookEffectTags.cpp","not-started"
"reactjs/packages/react-reconciler/src/ReactHookEffectTags.js","Layout","const-export",true,"packages/React/src/react-reconciler/ReactHookEffectTags.cpp","not-started"
"reactjs/packages/react-reconciler/src/ReactHookEffectTags.js","Passive","const-export",true,"packages/React/src/react-reconciler/ReactHookEffectTags.cpp","not-started"
"reactjs/packages/react-reconciler/src/ReactInternalTypes.js","HookType","type-export",true,"packages/React/src/react-reconciler/ReactInternalTypes.h","not-started"
"reactjs/packages/react-reconciler/src/ReactInternalTypes.js","ContextDependency","type-export",true,"packages/React/src/react-reconciler/ReactInternalTypes.h","not-started"
"reactjs/packages/react-reconciler/src/ReactInternalTypes.js","Dependencies","type-export",true,"packages/React/src/react-reconciler/ReactInternalTypes.h","not-started"
"reactjs/packages/react-reconciler/src/ReactInternalTypes.js","MemoCache","type-export",true,"packages/React/src/react-reconciler/ReactInternalTypes.h","not-started"
"reactjs/packages/react-reconciler/src/ReactInternalTypes.js","Fiber","type-export",true,"packages/React/src/react-reconciler/ReactInternalTypes.h","not-started"
"reactjs/packages/react-reconciler/src/ReactInternalTypes.js","SuspenseHydrationCallbacks","type-export",true,"packages/React/src/react-reconciler/ReactInternalTypes.h","not-started"
"reactjs/packages/react-reconciler/src/ReactInternalTypes.js","TransitionTracingCallbacks","type-export",true,"packages/React/src/react-reconciler/ReactInternalTypes.h","not-started"
"reactjs/packages/react-reconciler/src/ReactInternalTypes.js","FiberRoot","type-export",true,"packages/React/src/react-reconciler/ReactInternalTypes.h","not-started"
"reactjs/packages/react-reconciler/src/ReactInternalTypes.js","Dispatcher","type-export",true,"packages/React/src/react-reconciler/ReactInternalTypes.h","not-started"
"reactjs/packages/react-reconciler/src/ReactInternalTypes.js","AsyncDispatcher","type-export",true,"packages/React/src/react-reconciler/ReactInternalTypes.h","not-started"
"reactjs/packages/react-reconciler/src/ReactPortal.js","createPortal","function",true,"packages/React/src/react-reconciler/ReactPortal.cpp","not-started"
"reactjs/packages/react-reconciler/src/ReactPostPaintCallback.js","postPaintCallbackScheduled","const-export",false,"packages/React/src/react-reconciler/ReactPostPaintCallback.cpp","not-started"
"reactjs/packages/react-reconciler/src/ReactPostPaintCallback.js","schedulePostPaintCallback","function",true,"packages/React/src/react-reconciler/ReactPostPaintCallback.cpp","not-started"
"reactjs/packages/react-reconciler/src/ReactPostPaintCallback.js","i","const-export",false,"packages/React/src/react-reconciler/ReactPostPaintCallback.cpp","not-started"
"reactjs/packages/react-reconciler/src/ReactProfilerTimer.js","REGULAR_UPDATE","const-export",true,"packages/React/src/react-reconciler/ReactProfilerTimer.cpp","not-started"
"reactjs/packages/react-reconciler/src/ReactProfilerTimer.js","SPAWNED_UPDATE","const-export",true,"packages/React/src/react-reconciler/ReactProfilerTimer.cpp","not-started"
"reactjs/packages/react-reconciler/src/ReactProfilerTimer.js","PINGED_UPDATE","const-export",true,"packages/React/src/react-reconciler/ReactProfilerTimer.cpp","not-started"
"reactjs/packages/react-reconciler/src/ReactProfilerTimer.js","UpdateType","type-export",true,"packages/React/src/react-reconciler/ReactProfilerTimer.h","not-started"
"reactjs/packages/react-reconciler/src/ReactProfilerTimer.js","renderStartTime","variable-export",true,"packages/React/src/react-reconciler/ReactProfilerTimer.cpp","not-started"
"reactjs/packages/react-reconciler/src/ReactProfilerTimer.js","commitStartTime","variable-export",true,"packages/React/src/react-reconciler/ReactProfilerTimer.cpp","not-started"
"reactjs/packages/react-reconciler/src/ReactProfilerTimer.js","commitEndTime","variable-export",true,"packages/React/src/react-reconciler/ReactProfilerTimer.cpp","not-started"
"reactjs/packages/react-reconciler/src/ReactProfilerTimer.js","commitErrors","variable-export",true,"packages/React/src/react-reconciler/ReactProfilerTimer.cpp","not-started"
"reactjs/packages/react-reconciler/src/ReactProfilerTimer.js","profilerStartTime","variable-export",true,"packages/React/src/react-reconciler/ReactProfilerTimer.cpp","not-started"
"reactjs/packages/react-reconciler/src/ReactProfilerTimer.js","profilerEffectDuration","variable-export",true,"packages/React/src/react-reconciler/ReactProfilerTimer.cpp","not-started"
"reactjs/packages/react-reconciler/src/ReactProfilerTimer.js","componentEffectDuration","variable-export",true,"packages/React/src/react-reconciler/ReactProfilerTimer.cpp","not-started"
"reactjs/packages/react-reconciler/src/ReactProfilerTimer.js","componentEffectStartTime","variable-export",true,"packages/React/src/react-reconciler/ReactProfilerTimer.cpp","not-started"
"reactjs/packages/react-reconciler/src/ReactProfilerTimer.js","componentEffectEndTime","variable-export",true,"packages/React/src/react-reconciler/ReactProfilerTimer.cpp","not-started"
"reactjs/packages/react-reconciler/src/ReactProfilerTimer.js","componentEffectErrors","variable-export",true,"packages/React/src/react-reconciler/ReactProfilerTimer.cpp","not-started"
"reactjs/packages/react-reconciler/src/ReactProfilerTimer.js","blockingClampTime","variable-export",true,"packages/React/src/react-reconciler/ReactProfilerTimer.cpp","not-started"
"reactjs/packages/react-reconciler/src/ReactProfilerTimer.js","blockingUpdateTime","variable-export",true,"packages/React/src/react-reconciler/ReactProfilerTimer.cpp","not-started"
"reactjs/packages/react-reconciler/src/ReactProfilerTimer.js","blockingUpdateTask","variable-export",true,"packages/React/src/react-reconciler/ReactProfilerTimer.cpp","not-started"
"reactjs/packages/react-reconciler/src/ReactProfilerTimer.js","blockingUpdateType","const-export",true,"packages/React/src/react-reconciler/ReactProfilerTimer.cpp","not-started"
"reactjs/packages/react-reconciler/src/ReactProfilerTimer.js","blockingEventTime","variable-export",true,"packages/React/src/react-reconciler/ReactProfilerTimer.cpp","not-started"
"reactjs/packages/react-reconciler/src/ReactProfilerTimer.js","blockingEventType","variable-export",true,"packages/React/src/react-reconciler/ReactProfilerTimer.cpp","not-started"
"reactjs/packages/react-reconciler/src/ReactProfilerTimer.js","blockingEventIsRepeat","const-export",true,"packages/React/src/react-reconciler/ReactProfilerTimer.cpp","not-started"
"reactjs/packages/react-reconciler/src/ReactProfilerTimer.js","blockingSuspendedTime","variable-export",true,"packages/React/src/react-reconciler/ReactProfilerTimer.cpp","not-started"
"reactjs/packages/react-reconciler/src/ReactProfilerTimer.js","transitionClampTime","variable-export",true,"packages/React/src/react-reconciler/ReactProfilerTimer.cpp","not-started"
"reactjs/packages/react-reconciler/src/ReactProfilerTimer.js","transitionStartTime","variable-export",true,"packages/React/src/react-reconciler/ReactProfilerTimer.cpp","not-started"
"reactjs/packages/react-reconciler/src/ReactProfilerTimer.js","transitionUpdateTime","variable-export",true,"packages/React/src/react-reconciler/ReactProfilerTimer.cpp","not-started"
"reactjs/packages/react-reconciler/src/ReactProfilerTimer.js","transitionUpdateType","const-export",true,"packages/React/src/react-reconciler/ReactProfilerTimer.cpp","not-started"
"reactjs/packages/react-reconciler/src/ReactProfilerTimer.js","transitionUpdateTask","variable-export",true,"packages/React/src/react-reconciler/ReactProfilerTimer.cpp","not-started"
"reactjs/packages/react-reconciler/src/ReactProfilerTimer.js","transitionEventTime","variable-export",true,"packages/React/src/react-reconciler/ReactProfilerTimer.cpp","not-started"
"reactjs/packages/react-reconciler/src/ReactProfilerTimer.js","transitionEventType","variable-export",true,"packages/React/src/react-reconciler/ReactProfilerTimer.cpp","not-started"
"reactjs/packages/react-reconciler/src/ReactProfilerTimer.js","transitionEventIsRepeat","const-export",true,"packages/React/src/react-reconciler/ReactProfilerTimer.cpp","not-started"
"reactjs/packages/react-reconciler/src/ReactProfilerTimer.js","transitionSuspendedTime","variable-export",true,"packages/React/src/react-reconciler/ReactProfilerTimer.cpp","not-started"
"reactjs/packages/react-reconciler/src/ReactProfilerTimer.js","yieldReason","variable-export",true,"packages/React/src/react-reconciler/ReactProfilerTimer.cpp","not-started"
"reactjs/packages/react-reconciler/src/ReactProfilerTimer.js","yieldStartTime","variable-export",true,"packages/React/src/react-reconciler/ReactProfilerTimer.cpp","not-started"
"reactjs/packages/react-reconciler/src/ReactProfilerTimer.js","startYieldTimer","function",true,"packages/React/src/react-reconciler/ReactProfilerTimer.cpp","not-started"
"reactjs/packages/react-reconciler/src/ReactProfilerTimer.js","startUpdateTimerByLane","function",true,"packages/React/src/react-reconciler/ReactProfilerTimer.cpp","not-started"
"reactjs/packages/react-reconciler/src/ReactProfilerTimer.js","startHostActionTimer","function",true,"packages/React/src/react-reconciler/ReactProfilerTimer.cpp","not-started"
"reactjs/packages/react-reconciler/src/ReactProfilerTimer.js","startPingTimerByLanes","function",true,"packages/React/src/react-reconciler/ReactProfilerTimer.cpp","not-started"
"reactjs/packages/react-reconciler/src/ReactProfilerTimer.js","trackSuspendedTime","function",true,"packages/React/src/react-reconciler/ReactProfilerTimer.cpp","not-started"
"reactjs/packages/react-reconciler/src/ReactProfilerTimer.js","clearBlockingTimers","function",true,"packages/React/src/react-reconciler/ReactProfilerTimer.cpp","not-started"
"reactjs/packages/react-reconciler/src/ReactProfilerTimer.js","startAsyncTransitionTimer","function",true,"packages/React/src/react-reconciler/ReactProfilerTimer.cpp","not-started"
"reactjs/packages/react-reconciler/src/ReactProfilerTimer.js","hasScheduledTransitionWork","function",true,"packages/React/src/react-reconciler/ReactProfilerTimer.cpp","not-started"
"reactjs/packages/react-reconciler/src/ReactProfilerTimer.js","clearAsyncTransitionTimer","function",true,"packages/React/src/react-reconciler/ReactProfilerTimer.cpp","not-started"
"reactjs/packages/react-reconciler/src/ReactProfilerTimer.js","clearTransitionTimers","function",true,"packages/React/src/react-reconciler/ReactProfilerTimer.cpp","not-started"
"reactjs/packages/react-reconciler/src/ReactProfilerTimer.js","clampBlockingTimers","function",true,"packages/React/src/react-reconciler/ReactProfilerTimer.cpp","not-started"
"reactjs/packages/react-reconciler/src/ReactProfilerTimer.js","clampTransitionTimers","function",true,"packages/React/src/react-reconciler/ReactProfilerTimer.cpp","not-started"
"reactjs/packages/react-reconciler/src/ReactProfilerTimer.js","pushNestedEffectDurations","function",true,"packages/React/src/react-reconciler/ReactProfilerTimer.cpp","not-started"
"reactjs/packages/react-reconciler/src/ReactProfilerTimer.js","popNestedEffectDurations","function",true,"packages/React/src/react-reconciler/ReactProfilerTimer.cpp","not-started"
"reactjs/packages/react-reconciler/src/ReactProfilerTimer.js","bubbleNestedEffectDurations","function",true,"packages/React/src/react-reconciler/ReactProfilerTimer.cpp","not-started"
"reactjs/packages/react-reconciler/src/ReactProfilerTimer.js","resetComponentEffectTimers","function",true,"packages/React/src/react-reconciler/ReactProfilerTimer.cpp","not-started"
"reactjs/packages/react-reconciler/src/ReactProfilerTimer.js","pushComponentEffectStart","function",true,"packages/React/src/react-reconciler/ReactProfilerTimer.cpp","not-started"
"reactjs/packages/react-reconciler/src/ReactProfilerTimer.js","popComponentEffectStart","function",true,"packages/React/src/react-reconciler/ReactProfilerTimer.cpp","not-started"
"reactjs/packages/react-reconciler/src/ReactProfilerTimer.js","pushComponentEffectDuration","function",true,"packages/React/src/react-reconciler/ReactProfilerTimer.cpp","not-started"
"reactjs/packages/react-reconciler/src/ReactProfilerTimer.js","popComponentEffectDuration","function",true,"packages/React/src/react-reconciler/ReactProfilerTimer.cpp","not-started"
"reactjs/packages/react-reconciler/src/ReactProfilerTimer.js","pushComponentEffectErrors","function",true,"packages/React/src/react-reconciler/ReactProfilerTimer.cpp","not-started"
"reactjs/packages/react-reconciler/src/ReactProfilerTimer.js","popComponentEffectErrors","function",true,"packages/React/src/react-reconciler/ReactProfilerTimer.cpp","not-started"
"reactjs/packages/react-reconciler/src/ReactProfilerTimer.js","currentUpdateIsNested","const-export",false,"packages/React/src/react-reconciler/ReactProfilerTimer.cpp","not-started"
"reactjs/packages/react-reconciler/src/ReactProfilerTimer.js","nestedUpdateScheduled","const-export",false,"packages/React/src/react-reconciler/ReactProfilerTimer.cpp","not-started"
"reactjs/packages/react-reconciler/src/ReactProfilerTimer.js","isCurrentUpdateNested","function",true,"packages/React/src/react-reconciler/ReactProfilerTimer.cpp","not-started"
"reactjs/packages/react-reconciler/src/ReactProfilerTimer.js","markNestedUpdateScheduled","function",true,"packages/React/src/react-reconciler/ReactProfilerTimer.cpp","not-started"
"reactjs/packages/react-reconciler/src/ReactProfilerTimer.js","resetNestedUpdateFlag","function",true,"packages/React/src/react-reconciler/ReactProfilerTimer.cpp","not-started"
"reactjs/packages/react-reconciler/src/ReactProfilerTimer.js","syncNestedUpdateFlag","function",true,"packages/React/src/react-reconciler/ReactProfilerTimer.cpp","not-started"
"reactjs/packages/react-reconciler/src/ReactProfilerTimer.js","recordRenderTime","function",true,"packages/React/src/react-reconciler/ReactProfilerTimer.cpp","not-started"
"reactjs/packages/react-reconciler/src/ReactProfilerTimer.js","recordCommitTime","function",true,"packages/React/src/react-reconciler/ReactProfilerTimer.cpp","not-started"
"reactjs/packages/react-reconciler/src/ReactProfilerTimer.js","recordCommitEndTime","function",true,"packages/React/src/react-reconciler/ReactProfilerTimer.cpp","not-started"
"reactjs/packages/react-reconciler/src/ReactProfilerTimer.js","startProfilerTimer","function",true,"packages/React/src/react-reconciler/ReactProfilerTimer.cpp","not-started"
"reactjs/packages/react-reconciler/src/ReactProfilerTimer.js","stopProfilerTimerIfRunning","function",true,"packages/React/src/react-reconciler/ReactProfilerTimer.cpp","not-started"
"reactjs/packages/react-reconciler/src/ReactProfilerTimer.js","stopProfilerTimerIfRunningAndRecordDuration","function",true,"packages/React/src/react-reconciler/ReactProfilerTimer.cpp","not-started"
"reactjs/packages/react-reconciler/src/ReactProfilerTimer.js","elapsedTime","const-export",false,"packages/React/src/react-reconciler/ReactProfilerTimer.cpp","not-started"
"reactjs/packages/react-reconciler/src/ReactProfilerTimer.js","stopProfilerTimerIfRunningAndRecordIncompleteDuration","function",true,"packages/React/src/react-reconciler/ReactProfilerTimer.cpp","not-started"
"reactjs/packages/react-reconciler/src/ReactProfilerTimer.js","elapsedTime","const-export",false,"packages/React/src/react-reconciler/ReactProfilerTimer.cpp","not-started"
"reactjs/packages/react-reconciler/src/ReactProfilerTimer.js","recordEffectDuration","function",true,"packages/React/src/react-reconciler/ReactProfilerTimer.cpp","not-started"
"reactjs/packages/react-reconciler/src/ReactProfilerTimer.js","elapsedTime","const-export",false,"packages/React/src/react-reconciler/ReactProfilerTimer.cpp","not-started"
"reactjs/packages/react-reconciler/src/ReactProfilerTimer.js","recordEffectError","function",true,"packages/React/src/react-reconciler/ReactProfilerTimer.cpp","not-started"
"reactjs/packages/react-reconciler/src/ReactProfilerTimer.js","resetCommitErrors","function",true,"packages/React/src/react-reconciler/ReactProfilerTimer.cpp","not-started"
"reactjs/packages/react-reconciler/src/ReactProfilerTimer.js","startEffectTimer","function",true,"packages/React/src/react-reconciler/ReactProfilerTimer.cpp","not-started"
"reactjs/packages/react-reconciler/src/ReactProfilerTimer.js","transferActualDuration","function",true,"packages/React/src/react-reconciler/ReactProfilerTimer.cpp","not-started"
"reactjs/packages/react-reconciler/src/ReactReconcilerConstants.js","NoEventPriority","variable-export",true,"packages/React/src/react-reconciler/ReactReconcilerConstants.cpp","not-started"
"reactjs/packages/react-reconciler/src/ReactReconcilerConstants.js","DiscreteEventPriority","variable-export",true,"packages/React/src/react-reconciler/ReactReconcilerConstants.cpp","not-started"
"reactjs/packages/react-reconciler/src/ReactReconcilerConstants.js","ContinuousEventPriority","variable-export",true,"packages/React/src/react-reconciler/ReactReconcilerConstants.cpp","not-started"
"reactjs/packages/react-reconciler/src/ReactReconcilerConstants.js","DefaultEventPriority","variable-export",true,"packages/React/src/react-reconciler/ReactReconcilerConstants.cpp","not-started"
"reactjs/packages/react-reconciler/src/ReactReconcilerConstants.js","IdleEventPriority","variable-export",true,"packages/React/src/react-reconciler/ReactReconcilerConstants.cpp","not-started"
"reactjs/packages/react-reconciler/src/ReactReconcilerConstants.js","ConcurrentRoot","variable-export",true,"packages/React/src/react-reconciler/ReactReconcilerConstants.cpp","not-started"
"reactjs/packages/react-reconciler/src/ReactReconcilerConstants.js","LegacyRoot","variable-export",true,"packages/React/src/react-reconciler/ReactReconcilerConstants.cpp","not-started"
"reactjs/packages/react-reconciler/src/ReactRootTags.js","RootTag","type-export",true,"packages/React/src/react-reconciler/ReactRootTags.h","not-started"
"reactjs/packages/react-reconciler/src/ReactRootTags.js","LegacyRoot","const-export",true,"packages/React/src/react-reconciler/ReactRootTags.cpp","not-started"
"reactjs/packages/react-reconciler/src/ReactRootTags.js","ConcurrentRoot","const-export",true,"packages/React/src/react-reconciler/ReactRootTags.cpp","not-started"
"reactjs/packages/react-reconciler/src/ReactStrictModeWarnings.js","ReactStrictModeWarnings","variable-export",false,"packages/React/src/react-reconciler/ReactStrictModeWarnings.cpp","not-started"
"reactjs/packages/react-reconciler/src/ReactStrictModeWarnings.js","findStrictRoot","arrow-fn",false,"packages/React/src/react-reconciler/ReactStrictModeWarnings.cpp","not-started"
"reactjs/packages/react-reconciler/src/ReactStrictModeWarnings.js","setToSortedString","arrow-fn",false,"packages/React/src/react-reconciler/ReactStrictModeWarnings.cpp","not-started"
"reactjs/packages/react-reconciler/src/ReactStrictModeWarnings.js","ReactStrictModeWarnings","default-export",true,"packages/React/src/react-reconciler/ReactStrictModeWarnings.cpp","not-started"
"reactjs/packages/react-reconciler/src/ReactTestSelectors.js","COMPONENT_TYPE","const-export",false,"packages/React/src/react-reconciler/ReactTestSelectors.cpp","not-started"
"reactjs/packages/react-reconciler/src/ReactTestSelectors.js","HAS_PSEUDO_CLASS_TYPE","const-export",false,"packages/React/src/react-reconciler/ReactTestSelectors.cpp","not-started"
"reactjs/packages/react-reconciler/src/ReactTestSelectors.js","ROLE_TYPE","const-export",false,"packages/React/src/react-reconciler/ReactTestSelectors.cpp","not-started"
"reactjs/packages/react-reconciler/src/ReactTestSelectors.js","TEST_NAME_TYPE","const-export",false,"packages/React/src/react-reconciler/ReactTestSelectors.cpp","not-started"
"reactjs/packages/react-reconciler/src/ReactTestSelectors.js","TEXT_TYPE","const-export",false,"packages/React/src/react-reconciler/ReactTestSelectors.cpp","not-started"
"reactjs/packages/react-reconciler/src/ReactTestSelectors.js","createComponentSelector","function",true,"packages/React/src/react-reconciler/ReactTestSelectors.cpp","not-started"
"reactjs/packages/react-reconciler/src/ReactTestSelectors.js","createHasPseudoClassSelector","function",true,"packages/React/src/react-reconciler/ReactTestSelectors.cpp","not-started"
"reactjs/packages/react-reconciler/src/ReactTestSelectors.js","createRoleSelector","function",true,"packages/React/src/react-reconciler/ReactTestSelectors.cpp","not-started"
"reactjs/packages/react-reconciler/src/ReactTestSelectors.js","createTextSelector","function",true,"packages/React/src/react-reconciler/ReactTestSelectors.cpp","not-started"
"reactjs/packages/react-reconciler/src/ReactTestSelectors.js","createTestNameSelector","function",true,"packages/React/src/react-reconciler/ReactTestSelectors.cpp","not-started"
"reactjs/packages/react-reconciler/src/ReactTestSelectors.js","findFiberRootForHostRoot","function",false,"packages/React/src/react-reconciler/ReactTestSelectors.cpp","not-started"
"reactjs/packages/react-reconciler/src/ReactTestSelectors.js","matchSelector","function",false,"packages/React/src/react-reconciler/ReactTestSelectors.cpp","not-started"
"reactjs/packages/react-reconciler/src/ReactTestSelectors.js","selectorToString","function",false,"packages/React/src/react-reconciler/ReactTestSelectors.cpp","not-started"
"reactjs/packages/react-reconciler/src/ReactTestSelectors.js","findPaths","function",false,"packages/React/src/react-reconciler/ReactTestSelectors.cpp","not-started"
"reactjs/packages/react-reconciler/src/ReactTestSelectors.js","index","const-export",false,"packages/React/src/react-reconciler/ReactTestSelectors.cpp","not-started"
"reactjs/packages/react-reconciler/src/ReactTestSelectors.js","hasMatchingPaths","function",false,"packages/React/src/react-reconciler/ReactTestSelectors.cpp","not-started"
"reactjs/packages/react-reconciler/src/ReactTestSelectors.js","index","const-export",false,"packages/React/src/react-reconciler/ReactTestSelectors.cpp","not-started"
"reactjs/packages/react-reconciler/src/ReactTestSelectors.js","findAllNodes","function",true,"packages/React/src/react-reconciler/ReactTestSelectors.cpp","not-started"
"reactjs/packages/react-reconciler/src/ReactTestSelectors.js","index","const-export",false,"packages/React/src/react-reconciler/ReactTestSelectors.cpp","not-started"
"reactjs/packages/react-reconciler/src/ReactTestSelectors.js","getFindAllNodesFailureDescription","function",true,"packages/React/src/react-reconciler/ReactTestSelectors.cpp","not-started"
"reactjs/packages/react-reconciler/src/ReactTestSelectors.js","maxSelectorIndex","const-export",false,"packages/React/src/react-reconciler/ReactTestSelectors.cpp","not-started"
"reactjs/packages/react-reconciler/src/ReactTestSelectors.js","index","const-export",false,"packages/React/src/react-reconciler/ReactTestSelectors.cpp","not-started"
"reactjs/packages/react-reconciler/src/ReactTestSelectors.js","BoundingRect","type-export",true,"packages/React/src/react-reconciler/ReactTestSelectors.h","not-started"
"reactjs/packages/react-reconciler/src/ReactTestSelectors.js","findBoundingRects","function",true,"packages/React/src/react-reconciler/ReactTestSelectors.cpp","not-started"
"reactjs/packages/react-reconciler/src/ReactTestSelectors.js","i","const-export",false,"packages/React/src/react-reconciler/ReactTestSelectors.cpp","not-started"
"reactjs/packages/react-reconciler/src/ReactTestSelectors.js","i","const-export",false,"packages/React/src/react-reconciler/ReactTestSelectors.cpp","not-started"
"reactjs/packages/react-reconciler/src/ReactTestSelectors.js","targetRight","const-export",false,"packages/React/src/react-reconciler/ReactTestSelectors.cpp","not-started"
"reactjs/packages/react-reconciler/src/ReactTestSelectors.js","targetBottom","const-export",false,"packages/React/src/react-reconciler/ReactTestSelectors.cpp","not-started"
"reactjs/packages/react-reconciler/src/ReactTestSelectors.js","j","const-export",false,"packages/React/src/react-reconciler/ReactTestSelectors.cpp","not-started"
"reactjs/packages/react-reconciler/src/ReactTestSelectors.js","otherRight","const-export",false,"packages/React/src/react-reconciler/ReactTestSelectors.cpp","not-started"
"reactjs/packages/react-reconciler/src/ReactTestSelectors.js","otherBottom","const-export",false,"packages/React/src/react-reconciler/ReactTestSelectors.cpp","not-started"
"reactjs/packages/react-reconciler/src/ReactTestSelectors.js","focusWithin","function",true,"packages/React/src/react-reconciler/ReactTestSelectors.cpp","not-started"
"reactjs/packages/react-reconciler/src/ReactTestSelectors.js","index","const-export",false,"packages/React/src/react-reconciler/ReactTestSelectors.cpp","not-started"
"reactjs/packages/react-reconciler/src/ReactTestSelectors.js","onCommitRoot","function",true,"packages/React/src/react-reconciler/ReactTestSelectors.cpp","not-started"
"reactjs/packages/react-reconciler/src/ReactTestSelectors.js","IntersectionObserverOptions","type-export",true,"packages/React/src/react-reconciler/ReactTestSelectors.h","not-started"
"reactjs/packages/react-reconciler/src/ReactTestSelectors.js","ObserveVisibleRectsCallback","type-export",true,"packages/React/src/react-reconciler/ReactTestSelectors.h","not-started"
"reactjs/packages/react-reconciler/src/ReactTestSelectors.js","observeVisibleRects","function",true,"packages/React/src/react-reconciler/ReactTestSelectors.cpp","not-started"
"reactjs/packages/react-reconciler/src/ReactTestSelectors.js","commitHook","arrow-fn",false,"packages/React/src/react-reconciler/ReactTestSelectors.cpp","not-started"
"reactjs/packages/react-reconciler/src/ReactTypeOfMode.js","TypeOfMode","type-export",true,"packages/React/src/react-reconciler/ReactTypeOfMode.h","not-started"
"reactjs/packages/react-reconciler/src/ReactTypeOfMode.js","NoMode","const-export",true,"packages/React/src/react-reconciler/ReactTypeOfMode.cpp","not-started"
"reactjs/packages/react-reconciler/src/ReactTypeOfMode.js","ConcurrentMode","const-export",true,"packages/React/src/react-reconciler/ReactTypeOfMode.cpp","not-started"
"reactjs/packages/react-reconciler/src/ReactTypeOfMode.js","ProfileMode","const-export",true,"packages/React/src/react-reconciler/ReactTypeOfMode.cpp","not-started"
"reactjs/packages/react-reconciler/src/ReactTypeOfMode.js","StrictLegacyMode","const-export",true,"packages/React/src/react-reconciler/ReactTypeOfMode.cpp","not-started"
"reactjs/packages/react-reconciler/src/ReactTypeOfMode.js","StrictEffectsMode","const-export",true,"packages/React/src/react-reconciler/ReactTypeOfMode.cpp","not-started"
"reactjs/packages/react-reconciler/src/ReactTypeOfMode.js","SuspenseyImagesMode","const-export",true,"packages/React/src/react-reconciler/ReactTypeOfMode.cpp","not-started"
"reactjs/packages/react-reconciler/src/ReactWorkTags.js","WorkTag","type-export",true,"packages/React/src/react-reconciler/ReactWorkTags.h","not-started"
"reactjs/packages/react-reconciler/src/ReactWorkTags.js","FunctionComponent","const-export",true,"packages/React/src/react-reconciler/ReactWorkTags.cpp","not-started"
"reactjs/packages/react-reconciler/src/ReactWorkTags.js","ClassComponent","const-export",true,"packages/React/src/react-reconciler/ReactWorkTags.cpp","not-started"
"reactjs/packages/react-reconciler/src/ReactWorkTags.js","HostRoot","const-export",true,"packages/React/src/react-reconciler/ReactWorkTags.cpp","not-started"
"reactjs/packages/react-reconciler/src/ReactWorkTags.js","HostPortal","const-export",true,"packages/React/src/react-reconciler/ReactWorkTags.cpp","not-started"
"reactjs/packages/react-reconciler/src/ReactWorkTags.js","HostComponent","const-export",true,"packages/React/src/react-reconciler/ReactWorkTags.cpp","not-started"
"reactjs/packages/react-reconciler/src/ReactWorkTags.js","HostText","const-export",true,"packages/React/src/react-reconciler/ReactWorkTags.cpp","not-started"
"reactjs/packages/react-reconciler/src/ReactWorkTags.js","Fragment","const-export",true,"packages/React/src/react-reconciler/ReactWorkTags.cpp","not-started"
"reactjs/packages/react-reconciler/src/ReactWorkTags.js","Mode","const-export",true,"packages/React/src/react-reconciler/ReactWorkTags.cpp","not-started"
"reactjs/packages/react-reconciler/src/ReactWorkTags.js","ContextConsumer","const-export",true,"packages/React/src/react-reconciler/ReactWorkTags.cpp","not-started"
"reactjs/packages/react-reconciler/src/ReactWorkTags.js","ContextProvider","const-export",true,"packages/React/src/react-reconciler/ReactWorkTags.cpp","not-started"
"reactjs/packages/react-reconciler/src/ReactWorkTags.js","ForwardRef","const-export",true,"packages/React/src/react-reconciler/ReactWorkTags.cpp","not-started"
"reactjs/packages/react-reconciler/src/ReactWorkTags.js","Profiler","const-export",true,"packages/React/src/react-reconciler/ReactWorkTags.cpp","not-started"
"reactjs/packages/react-reconciler/src/ReactWorkTags.js","SuspenseComponent","const-export",true,"packages/React/src/react-reconciler/ReactWorkTags.cpp","not-started"
"reactjs/packages/react-reconciler/src/ReactWorkTags.js","MemoComponent","const-export",true,"packages/React/src/react-reconciler/ReactWorkTags.cpp","not-started"
"reactjs/packages/react-reconciler/src/ReactWorkTags.js","SimpleMemoComponent","const-export",true,"packages/React/src/react-reconciler/ReactWorkTags.cpp","not-started"
"reactjs/packages/react-reconciler/src/ReactWorkTags.js","LazyComponent","const-export",true,"packages/React/src/react-reconciler/ReactWorkTags.cpp","not-started"
"reactjs/packages/react-reconciler/src/ReactWorkTags.js","IncompleteClassComponent","const-export",true,"packages/React/src/react-reconciler/ReactWorkTags.cpp","not-started"
"reactjs/packages/react-reconciler/src/ReactWorkTags.js","DehydratedFragment","const-export",true,"packages/React/src/react-reconciler/ReactWorkTags.cpp","not-started"
"reactjs/packages/react-reconciler/src/ReactWorkTags.js","SuspenseListComponent","const-export",true,"packages/React/src/react-reconciler/ReactWorkTags.cpp","not-started"
"reactjs/packages/react-reconciler/src/ReactWorkTags.js","ScopeComponent","const-export",true,"packages/React/src/react-reconciler/ReactWorkTags.cpp","not-started"
"reactjs/packages/react-reconciler/src/ReactWorkTags.js","OffscreenComponent","const-export",true,"packages/React/src/react-reconciler/ReactWorkTags.cpp","not-started"
"reactjs/packages/react-reconciler/src/ReactWorkTags.js","LegacyHiddenComponent","const-export",true,"packages/React/src/react-reconciler/ReactWorkTags.cpp","not-started"
"reactjs/packages/react-reconciler/src/ReactWorkTags.js","CacheComponent","const-export",true,"packages/React/src/react-reconciler/ReactWorkTags.cpp","not-started"
"reactjs/packages/react-reconciler/src/ReactWorkTags.js","TracingMarkerComponent","const-export",true,"packages/React/src/react-reconciler/ReactWorkTags.cpp","not-started"
"reactjs/packages/react-reconciler/src/ReactWorkTags.js","HostHoistable","const-export",true,"packages/React/src/react-reconciler/ReactWorkTags.cpp","not-started"
"reactjs/packages/react-reconciler/src/ReactWorkTags.js","HostSingleton","const-export",true,"packages/React/src/react-reconciler/ReactWorkTags.cpp","not-started"
"reactjs/packages/react-reconciler/src/ReactWorkTags.js","IncompleteFunctionComponent","const-export",true,"packages/React/src/react-reconciler/ReactWorkTags.cpp","not-started"
"reactjs/packages/react-reconciler/src/ReactWorkTags.js","Throw","const-export",true,"packages/React/src/react-reconciler/ReactWorkTags.cpp","not-started"
"reactjs/packages/react-reconciler/src/ReactWorkTags.js","ViewTransitionComponent","const-export",true,"packages/React/src/react-reconciler/ReactWorkTags.cpp","not-started"
"reactjs/packages/react-reconciler/src/ReactWorkTags.js","ActivityComponent","const-export",true,"packages/React/src/react-reconciler/ReactWorkTags.cpp","not-started"
"reactjs/packages/react-reconciler/src/Scheduler.js","scheduleCallback","variable-export",true,"packages/React/src/react-reconciler/Scheduler.cpp","not-started"
"reactjs/packages/react-reconciler/src/Scheduler.js","cancelCallback","variable-export",true,"packages/React/src/react-reconciler/Scheduler.cpp","not-started"
"reactjs/packages/react-reconciler/src/Scheduler.js","shouldYield","variable-export",true,"packages/React/src/react-reconciler/Scheduler.cpp","not-started"
"reactjs/packages/react-reconciler/src/Scheduler.js","requestPaint","variable-export",true,"packages/React/src/react-reconciler/Scheduler.cpp","not-started"
"reactjs/packages/react-reconciler/src/Scheduler.js","now","variable-export",true,"packages/React/src/react-reconciler/Scheduler.cpp","not-started"
"reactjs/packages/react-reconciler/src/Scheduler.js","getCurrentPriorityLevel","variable-export",true,"packages/React/src/react-reconciler/Scheduler.cpp","not-started"
"reactjs/packages/react-reconciler/src/Scheduler.js","ImmediatePriority","variable-export",true,"packages/React/src/react-reconciler/Scheduler.cpp","not-started"
"reactjs/packages/react-reconciler/src/Scheduler.js","UserBlockingPriority","variable-export",true,"packages/React/src/react-reconciler/Scheduler.cpp","not-started"
"reactjs/packages/react-reconciler/src/Scheduler.js","NormalPriority","variable-export",true,"packages/React/src/react-reconciler/Scheduler.cpp","not-started"
"reactjs/packages/react-reconciler/src/Scheduler.js","LowPriority","variable-export",true,"packages/React/src/react-reconciler/Scheduler.cpp","not-started"
"reactjs/packages/react-reconciler/src/Scheduler.js","IdlePriority","variable-export",true,"packages/React/src/react-reconciler/Scheduler.cpp","not-started"
"reactjs/packages/react-reconciler/src/Scheduler.js","SchedulerCallback","type-export",true,"packages/React/src/react-reconciler/Scheduler.h","not-started"
"reactjs/packages/react-reconciler/src/Scheduler.js","log","variable-export",true,"packages/React/src/react-reconciler/Scheduler.cpp","not-started"
"reactjs/packages/react-reconciler/src/Scheduler.js","unstable_setDisableYieldValue","variable-export",true,"packages/React/src/react-reconciler/Scheduler.cpp","not-started"
"reactjs/packages/react-reconciler/src/clz32.js","clz32","variable-export",true,"packages/React/src/react-reconciler/clz32.cpp","not-started"
"reactjs/packages/react-reconciler/src/clz32.js","clz32Fallback","function",false,"packages/React/src/react-reconciler/clz32.cpp","not-started"
"reactjs/packages/react-reconciler/src/clz32.js","asUint","const-export",false,"packages/React/src/react-reconciler/clz32.cpp","not-started"
"reactjs/packages/react-reconciler/src/getComponentNameFromFiber.js","getWrappedName","function",false,"packages/React/src/react-reconciler/getComponentNameFromFiber.cpp","not-started"
"reactjs/packages/react-reconciler/src/getComponentNameFromFiber.js","getContextName","function",false,"packages/React/src/react-reconciler/getComponentNameFromFiber.cpp","not-started"
"reactjs/packages/react-reconciler/src/getComponentNameFromFiber.js","getComponentNameFromOwner","function",true,"packages/React/src/react-reconciler/getComponentNameFromFiber.cpp","not-started"
"reactjs/packages/react-reconciler/src/getComponentNameFromFiber.js","getComponentNameFromFiber","function",true,"packages/React/src/react-reconciler/getComponentNameFromFiber.cpp","not-started"
"reactjs/packages/react-reconciler/src/getComponentNameFromFiber.js","i","const-export",false,"packages/React/src/react-reconciler/getComponentNameFromFiber.cpp","not-started"
"reactjs/packages/scheduler/src/SchedulerFeatureFlags.js","enableProfiling","const-export",true,"packages/React/src/scheduler/SchedulerFeatureFlags.cpp","not-started"
"reactjs/packages/scheduler/src/SchedulerFeatureFlags.js","frameYieldMs","const-export",true,"packages/React/src/scheduler/SchedulerFeatureFlags.cpp","not-started"
"reactjs/packages/scheduler/src/SchedulerFeatureFlags.js","userBlockingPriorityTimeout","const-export",true,"packages/React/src/scheduler/SchedulerFeatureFlags.cpp","not-started"
"reactjs/packages/scheduler/src/SchedulerFeatureFlags.js","normalPriorityTimeout","const-export",true,"packages/React/src/scheduler/SchedulerFeatureFlags.cpp","not-started"
"reactjs/packages/scheduler/src/SchedulerFeatureFlags.js","lowPriorityTimeout","const-export",true,"packages/React/src/scheduler/SchedulerFeatureFlags.cpp","not-started"
"reactjs/packages/scheduler/src/SchedulerFeatureFlags.js","enableRequestPaint","const-export",true,"packages/React/src/scheduler/SchedulerFeatureFlags.cpp","not-started"
"reactjs/packages/scheduler/src/SchedulerFeatureFlags.js","enableAlwaysYieldScheduler","variable-export",true,"packages/React/src/scheduler/SchedulerFeatureFlags.cpp","not-started"
"reactjs/packages/scheduler/src/SchedulerMinHeap.js","push","function",true,"packages/React/src/scheduler/SchedulerMinHeap.cpp","not-started"
"reactjs/packages/scheduler/src/SchedulerMinHeap.js","peek","function",true,"packages/React/src/scheduler/SchedulerMinHeap.cpp","not-started"
"reactjs/packages/scheduler/src/SchedulerMinHeap.js","pop","function",true,"packages/React/src/scheduler/SchedulerMinHeap.cpp","not-started"
"reactjs/packages/scheduler/src/SchedulerMinHeap.js","siftUp","function",false,"packages/React/src/scheduler/SchedulerMinHeap.cpp","not-started"
"reactjs/packages/scheduler/src/SchedulerMinHeap.js","parentIndex","const-export",false,"packages/React/src/scheduler/SchedulerMinHeap.cpp","not-started"
"reactjs/packages/scheduler/src/SchedulerMinHeap.js","siftDown","function",false,"packages/React/src/scheduler/SchedulerMinHeap.cpp","not-started"
"reactjs/packages/scheduler/src/SchedulerMinHeap.js","halfLength","const-export",false,"packages/React/src/scheduler/SchedulerMinHeap.cpp","not-started"
"reactjs/packages/scheduler/src/SchedulerMinHeap.js","leftIndex","const-export",false,"packages/React/src/scheduler/SchedulerMinHeap.cpp","not-started"
"reactjs/packages/scheduler/src/SchedulerMinHeap.js","rightIndex","const-export",false,"packages/React/src/scheduler/SchedulerMinHeap.cpp","not-started"
"reactjs/packages/scheduler/src/SchedulerMinHeap.js","compare","function",false,"packages/React/src/scheduler/SchedulerMinHeap.cpp","not-started"
"reactjs/packages/scheduler/src/SchedulerMinHeap.js","diff","const-export",false,"packages/React/src/scheduler/SchedulerMinHeap.cpp","not-started"
"reactjs/packages/scheduler/src/SchedulerPriorities.js","PriorityLevel","type-export",true,"packages/React/src/scheduler/SchedulerPriorities.h","not-started"
"reactjs/packages/scheduler/src/SchedulerPriorities.js","NoPriority","const-export",true,"packages/React/src/scheduler/SchedulerPriorities.cpp","not-started"
"reactjs/packages/scheduler/src/SchedulerPriorities.js","ImmediatePriority","const-export",true,"packages/React/src/scheduler/SchedulerPriorities.cpp","not-started"
"reactjs/packages/scheduler/src/SchedulerPriorities.js","UserBlockingPriority","const-export",true,"packages/React/src/scheduler/SchedulerPriorities.cpp","not-started"
"reactjs/packages/scheduler/src/SchedulerPriorities.js","NormalPriority","const-export",true,"packages/React/src/scheduler/SchedulerPriorities.cpp","not-started"
"reactjs/packages/scheduler/src/SchedulerPriorities.js","LowPriority","const-export",true,"packages/React/src/scheduler/SchedulerPriorities.cpp","not-started"
"reactjs/packages/scheduler/src/SchedulerPriorities.js","IdlePriority","const-export",true,"packages/React/src/scheduler/SchedulerPriorities.cpp","not-started"
"reactjs/packages/scheduler/src/SchedulerProfiling.js","runIdCounter","const-export",false,"packages/React/src/scheduler/SchedulerProfiling.cpp","not-started"
"reactjs/packages/scheduler/src/SchedulerProfiling.js","mainThreadIdCounter","const-export",false,"packages/React/src/scheduler/SchedulerProfiling.cpp","not-started"
"reactjs/packages/scheduler/src/SchedulerProfiling.js","INITIAL_EVENT_LOG_SIZE","const-export",false,"packages/React/src/scheduler/SchedulerProfiling.cpp","not-started"
"reactjs/packages/scheduler/src/SchedulerProfiling.js","MAX_EVENT_LOG_SIZE","const-export",false,"packages/React/src/scheduler/SchedulerProfiling.cpp","not-started"
"reactjs/packages/scheduler/src/SchedulerProfiling.js","eventLogSize","const-export",false,"packages/React/src/scheduler/SchedulerProfiling.cpp","not-started"
"reactjs/packages/scheduler/src/SchedulerProfiling.js","eventLogIndex","const-export",false,"packages/React/src/scheduler/SchedulerProfiling.cpp","not-started"
"reactjs/packages/scheduler/src/SchedulerProfiling.js","TaskStartEvent","const-export",false,"packages/React/src/scheduler/SchedulerProfiling.cpp","not-started"
"reactjs/packages/scheduler/src/SchedulerProfiling.js","TaskCompleteEvent","const-export",false,"packages/React/src/scheduler/SchedulerProfiling.cpp","not-started"
"reactjs/packages/scheduler/src/SchedulerProfiling.js","TaskErrorEvent","const-export",false,"packages/React/src/scheduler/SchedulerProfiling.cpp","not-started"
"reactjs/packages/scheduler/src/SchedulerProfiling.js","TaskCancelEvent","const-export",false,"packages/React/src/scheduler/SchedulerProfiling.cpp","not-started"
"reactjs/packages/scheduler/src/SchedulerProfiling.js","TaskRunEvent","const-export",false,"packages/React/src/scheduler/SchedulerProfiling.cpp","not-started"
"reactjs/packages/scheduler/src/SchedulerProfiling.js","TaskYieldEvent","const-export",false,"packages/React/src/scheduler/SchedulerProfiling.cpp","not-started"
"reactjs/packages/scheduler/src/SchedulerProfiling.js","SchedulerSuspendEvent","const-export",false,"packages/React/src/scheduler/SchedulerProfiling.cpp","not-started"
"reactjs/packages/scheduler/src/SchedulerProfiling.js","SchedulerResumeEvent","const-export",false,"packages/React/src/scheduler/SchedulerProfiling.cpp","not-started"
"reactjs/packages/scheduler/src/SchedulerProfiling.js","logEvent","function",false,"packages/React/src/scheduler/SchedulerProfiling.cpp","not-started"
"reactjs/packages/scheduler/src/SchedulerProfiling.js","startLoggingProfilingEvents","function",true,"packages/React/src/scheduler/SchedulerProfiling.cpp","not-started"
"reactjs/packages/scheduler/src/SchedulerProfiling.js","stopLoggingProfilingEvents","function",true,"packages/React/src/scheduler/SchedulerProfiling.cpp","not-started"
"reactjs/packages/scheduler/src/SchedulerProfiling.js","markTaskStart","function",true,"packages/React/src/scheduler/SchedulerProfiling.cpp","not-started"
"reactjs/packages/scheduler/src/SchedulerProfiling.js","markTaskCompleted","function",true,"packages/React/src/scheduler/SchedulerProfiling.cpp","not-started"
"reactjs/packages/scheduler/src/SchedulerProfiling.js","markTaskCanceled","function",true,"packages/React/src/scheduler/SchedulerProfiling.cpp","not-started"
"reactjs/packages/scheduler/src/SchedulerProfiling.js","markTaskErrored","function",true,"packages/React/src/scheduler/SchedulerProfiling.cpp","not-started"
"reactjs/packages/scheduler/src/SchedulerProfiling.js","markTaskRun","function",true,"packages/React/src/scheduler/SchedulerProfiling.cpp","not-started"
"reactjs/packages/scheduler/src/SchedulerProfiling.js","markTaskYield","function",true,"packages/React/src/scheduler/SchedulerProfiling.cpp","not-started"
"reactjs/packages/scheduler/src/SchedulerProfiling.js","markSchedulerSuspended","function",true,"packages/React/src/scheduler/SchedulerProfiling.cpp","not-started"
"reactjs/packages/scheduler/src/SchedulerProfiling.js","markSchedulerUnsuspended","function",true,"packages/React/src/scheduler/SchedulerProfiling.cpp","not-started"
"reactjs/packages/shared/CheckStringCoercion.js","typeName","function",false,"packages/React/src/shared/CheckStringCoercion.cpp","not-started"
"reactjs/packages/shared/CheckStringCoercion.js","willCoercionThrow","function",false,"packages/React/src/shared/CheckStringCoercion.cpp","not-started"
"reactjs/packages/shared/CheckStringCoercion.js","testStringCoercion","function",false,"packages/React/src/shared/CheckStringCoercion.cpp","not-started"
"reactjs/packages/shared/CheckStringCoercion.js","checkAttributeStringCoercion","function",true,"packages/React/src/shared/CheckStringCoercion.cpp","not-started"
"reactjs/packages/shared/CheckStringCoercion.js","checkKeyStringCoercion","function",true,"packages/React/src/shared/CheckStringCoercion.cpp","not-started"
"reactjs/packages/shared/CheckStringCoercion.js","checkPropStringCoercion","function",true,"packages/React/src/shared/CheckStringCoercion.cpp","not-started"
"reactjs/packages/shared/CheckStringCoercion.js","checkOptionStringCoercion","function",true,"packages/React/src/shared/CheckStringCoercion.cpp","not-started"
"reactjs/packages/shared/CheckStringCoercion.js","checkCSSPropertyStringCoercion","function",true,"packages/React/src/shared/CheckStringCoercion.cpp","not-started"
"reactjs/packages/shared/CheckStringCoercion.js","checkHtmlStringCoercion","function",true,"packages/React/src/shared/CheckStringCoercion.cpp","not-started"
"reactjs/packages/shared/CheckStringCoercion.js","checkFormFieldValueStringCoercion","function",true,"packages/React/src/shared/CheckStringCoercion.cpp","not-started"
"reactjs/packages/shared/ConsolePatchingDev.js","disabledDepth","const-export",false,"packages/React/src/shared/ConsolePatchingDev.cpp","not-started"
"reactjs/packages/shared/ConsolePatchingDev.js","disabledLog","function",false,"packages/React/src/shared/ConsolePatchingDev.cpp","not-started"
"reactjs/packages/shared/ConsolePatchingDev.js","disableLogs","function",true,"packages/React/src/shared/ConsolePatchingDev.cpp","not-started"
"reactjs/packages/shared/ConsolePatchingDev.js","props","variable-export",false,"packages/React/src/shared/ConsolePatchingDev.cpp","not-started"
"reactjs/packages/shared/ConsolePatchingDev.js","reenableLogs","function",true,"packages/React/src/shared/ConsolePatchingDev.cpp","not-started"
"reactjs/packages/shared/ConsolePatchingDev.js","props","variable-export",false,"packages/React/src/shared/ConsolePatchingDev.cpp","not-started"
"reactjs/packages/shared/DefaultPrepareStackTraceV8.js","prepareStackTrace","function",false,"packages/React/src/shared/DefaultPrepareStackTraceV8.cpp","not-started"
"reactjs/packages/shared/DefaultPrepareStackTraceV8.js","stack","const-export",false,"packages/React/src/shared/DefaultPrepareStackTraceV8.cpp","not-started"
"reactjs/packages/shared/DefaultPrepareStackTraceV8.js","i","const-export",false,"packages/React/src/shared/DefaultPrepareStackTraceV8.cpp","not-started"
"reactjs/packages/shared/DefaultPrepareStackTraceV8.js","prepareStackTrace","default-export",true,"packages/React/src/shared/DefaultPrepareStackTraceV8.cpp","not-started"
"reactjs/packages/shared/ExecutionEnvironment.js","canUseDOM","variable-export",true,"packages/React/src/shared/ExecutionEnvironment.cpp","not-started"
"reactjs/packages/shared/ReactComponentInfoStack.js","getOwnerStackByComponentInfoInDev","function",true,"packages/React/src/shared/ReactComponentInfoStack.cpp","not-started"
"reactjs/packages/shared/ReactComponentInfoStack.js","info","const-export",false,"packages/React/src/shared/ReactComponentInfoStack.cpp","not-started"
"reactjs/packages/shared/ReactComponentStackFrame.js","describeBuiltInComponentFrame","function",true,"packages/React/src/shared/ReactComponentStackFrame.cpp","not-started"
"reactjs/packages/shared/ReactComponentStackFrame.js","describeDebugInfoFrame","function",true,"packages/React/src/shared/ReactComponentStackFrame.cpp","not-started"
"reactjs/packages/shared/ReactComponentStackFrame.js","reentry","const-export",false,"packages/React/src/shared/ReactComponentStackFrame.cpp","not-started"
"reactjs/packages/shared/ReactComponentStackFrame.js","describeNativeComponentFrame","function",true,"packages/React/src/shared/ReactComponentStackFrame.cpp","not-started"
"reactjs/packages/shared/ReactComponentStackFrame.js","RunInRootFrame","variable-export",false,"packages/React/src/shared/ReactComponentStackFrame.cpp","not-started"
"reactjs/packages/shared/ReactComponentStackFrame.js","Fake","function",false,"packages/React/src/shared/ReactComponentStackFrame.cpp","not-started"
"reactjs/packages/shared/ReactComponentStackFrame.js","s","const-export",false,"packages/React/src/shared/ReactComponentStackFrame.cpp","not-started"
"reactjs/packages/shared/ReactComponentStackFrame.js","c","const-export",false,"packages/React/src/shared/ReactComponentStackFrame.cpp","not-started"
"reactjs/packages/shared/ReactComponentStackFrame.js","frame","const-export",false,"packages/React/src/shared/ReactComponentStackFrame.cpp","not-started"
"reactjs/packages/shared/ReactComponentStackFrame.js","describeClassComponentFrame","function",true,"packages/React/src/shared/ReactComponentStackFrame.cpp","not-started"
"reactjs/packages/shared/ReactComponentStackFrame.js","describeFunctionComponentFrame","function",true,"packages/React/src/shared/ReactComponentStackFrame.cpp","not-started"
"reactjs/packages/shared/ReactDOMFragmentRefShared.js","compareDocumentPositionForEmptyFragment","function",true,"packages/React/src/shared/ReactDOMFragmentRefShared.cpp","not-started"
"reactjs/packages/shared/ReactDOMSharedInternals.js","ReactDOMSharedInternals","default-export",true,"packages/React/src/shared/ReactDOMSharedInternals.cpp","not-started"
"reactjs/packages/shared/ReactElementType.js","ReactElement","type-export",true,"packages/React/src/shared/ReactElementType.h","not-started"
"reactjs/packages/shared/ReactFeatureFlags.js","enableHydrationLaneScheduling","const-export",true,"packages/React/src/shared/ReactFeatureFlags.cpp","not-started"
"reactjs/packages/shared/ReactFeatureFlags.js","disableSchedulerTimeoutInWorkLoop","const-export",true,"packages/React/src/shared/ReactFeatureFlags.cpp","not-started"
"reactjs/packages/shared/ReactFeatureFlags.js","enableSuspenseCallback","const-export",true,"packages/React/src/shared/ReactFeatureFlags.cpp","not-started"
"reactjs/packages/shared/ReactFeatureFlags.js","enableScopeAPI","const-export",true,"packages/React/src/shared/ReactFeatureFlags.cpp","not-started"
"reactjs/packages/shared/ReactFeatureFlags.js","enableCreateEventHandleAPI","const-export",true,"packages/React/src/shared/ReactFeatureFlags.cpp","not-started"
"reactjs/packages/shared/ReactFeatureFlags.js","enableLegacyFBSupport","const-export",true,"packages/React/src/shared/ReactFeatureFlags.cpp","not-started"
"reactjs/packages/shared/ReactFeatureFlags.js","enableYieldingBeforePassive","const-export",true,"packages/React/src/shared/ReactFeatureFlags.cpp","not-started"
"reactjs/packages/shared/ReactFeatureFlags.js","enableThrottledScheduling","const-export",true,"packages/React/src/shared/ReactFeatureFlags.cpp","not-started"
"reactjs/packages/shared/ReactFeatureFlags.js","enableLegacyCache","variable-export",true,"packages/React/src/shared/ReactFeatureFlags.cpp","not-started"
"reactjs/packages/shared/ReactFeatureFlags.js","enableAsyncIterableChildren","variable-export",true,"packages/React/src/shared/ReactFeatureFlags.cpp","not-started"
"reactjs/packages/shared/ReactFeatureFlags.js","enableTaint","variable-export",true,"packages/React/src/shared/ReactFeatureFlags.cpp","not-started"
"reactjs/packages/shared/ReactFeatureFlags.js","enablePostpone","variable-export",true,"packages/React/src/shared/ReactFeatureFlags.cpp","not-started"
"reactjs/packages/shared/ReactFeatureFlags.js","enableHalt","variable-export",true,"packages/React/src/shared/ReactFeatureFlags.cpp","not-started"
"reactjs/packages/shared/ReactFeatureFlags.js","enableViewTransition","variable-export",true,"packages/React/src/shared/ReactFeatureFlags.cpp","not-started"
"reactjs/packages/shared/ReactFeatureFlags.js","enableGestureTransition","variable-export",true,"packages/React/src/shared/ReactFeatureFlags.cpp","not-started"
"reactjs/packages/shared/ReactFeatureFlags.js","enableScrollEndPolyfill","variable-export",true,"packages/React/src/shared/ReactFeatureFlags.cpp","not-started"
"reactjs/packages/shared/ReactFeatureFlags.js","enableSuspenseyImages","const-export",true,"packages/React/src/shared/ReactFeatureFlags.cpp","not-started"
"reactjs/packages/shared/ReactFeatureFlags.js","enableFizzBlockingRender","variable-export",true,"packages/React/src/shared/ReactFeatureFlags.cpp","not-started"
"reactjs/packages/shared/ReactFeatureFlags.js","enableSrcObject","variable-export",true,"packages/React/src/shared/ReactFeatureFlags.cpp","not-started"
"reactjs/packages/shared/ReactFeatureFlags.js","enableHydrationChangeEvent","variable-export",true,"packages/React/src/shared/ReactFeatureFlags.cpp","not-started"
"reactjs/packages/shared/ReactFeatureFlags.js","enableDefaultTransitionIndicator","variable-export",true,"packages/React/src/shared/ReactFeatureFlags.cpp","not-started"
"reactjs/packages/shared/ReactFeatureFlags.js","enableObjectFiber","const-export",true,"packages/React/src/shared/ReactFeatureFlags.cpp","not-started"
"reactjs/packages/shared/ReactFeatureFlags.js","enableTransitionTracing","const-export",true,"packages/React/src/shared/ReactFeatureFlags.cpp","not-started"
"reactjs/packages/shared/ReactFeatureFlags.js","enableLegacyHidden","const-export",true,"packages/React/src/shared/ReactFeatureFlags.cpp","not-started"
"reactjs/packages/shared/ReactFeatureFlags.js","enableSuspenseAvoidThisFallback","const-export",true,"packages/React/src/shared/ReactFeatureFlags.cpp","not-started"
"reactjs/packages/shared/ReactFeatureFlags.js","enableCPUSuspense","variable-export",true,"packages/React/src/shared/ReactFeatureFlags.cpp","not-started"
"reactjs/packages/shared/ReactFeatureFlags.js","enableNoCloningMemoCache","const-export",true,"packages/React/src/shared/ReactFeatureFlags.cpp","not-started"
"reactjs/packages/shared/ReactFeatureFlags.js","enableUseEffectEventHook","variable-export",true,"packages/React/src/shared/ReactFeatureFlags.cpp","not-started"
"reactjs/packages/shared/ReactFeatureFlags.js","enableFizzExternalRuntime","variable-export",true,"packages/React/src/shared/ReactFeatureFlags.cpp","not-started"
"reactjs/packages/shared/ReactFeatureFlags.js","alwaysThrottleRetries","const-export",true,"packages/React/src/shared/ReactFeatureFlags.cpp","not-started"
"reactjs/packages/shared/ReactFeatureFlags.js","passChildrenWhenCloningPersistedNodes","const-export",true,"packages/React/src/shared/ReactFeatureFlags.cpp","not-started"
"reactjs/packages/shared/ReactFeatureFlags.js","enablePersistedModeClonedFlag","const-export",true,"packages/React/src/shared/ReactFeatureFlags.cpp","not-started"
"reactjs/packages/shared/ReactFeatureFlags.js","enableEagerAlternateStateNodeCleanup","const-export",true,"packages/React/src/shared/ReactFeatureFlags.cpp","not-started"
"reactjs/packages/shared/ReactFeatureFlags.js","enableRetryLaneExpiration","const-export",true,"packages/React/src/shared/ReactFeatureFlags.cpp","not-started"
"reactjs/packages/shared/ReactFeatureFlags.js","retryLaneExpirationMs","const-export",true,"packages/React/src/shared/ReactFeatureFlags.cpp","not-started"
"reactjs/packages/shared/ReactFeatureFlags.js","syncLaneExpirationMs","const-export",true,"packages/React/src/shared/ReactFeatureFlags.cpp","not-started"
"reactjs/packages/shared/ReactFeatureFlags.js","transitionLaneExpirationMs","const-export",true,"packages/React/src/shared/ReactFeatureFlags.cpp","not-started"
"reactjs/packages/shared/ReactFeatureFlags.js","enableInfiniteRenderLoopDetection","const-export",true,"packages/React/src/shared/ReactFeatureFlags.cpp","not-started"
"reactjs/packages/shared/ReactFeatureFlags.js","enableFragmentRefs","variable-export",true,"packages/React/src/shared/ReactFeatureFlags.cpp","not-started"
"reactjs/packages/shared/ReactFeatureFlags.js","renameElementSymbol","const-export",true,"packages/React/src/shared/ReactFeatureFlags.cpp","not-started"
"reactjs/packages/shared/ReactFeatureFlags.js","enableHiddenSubtreeInsertionEffectCleanup","const-export",true,"packages/React/src/shared/ReactFeatureFlags.cpp","not-started"
"reactjs/packages/shared/ReactFeatureFlags.js","disableLegacyContext","const-export",true,"packages/React/src/shared/ReactFeatureFlags.cpp","not-started"
"reactjs/packages/shared/ReactFeatureFlags.js","disableLegacyContextForFunctionComponents","const-export",true,"packages/React/src/shared/ReactFeatureFlags.cpp","not-started"
"reactjs/packages/shared/ReactFeatureFlags.js","enableMoveBefore","const-export",true,"packages/React/src/shared/ReactFeatureFlags.cpp","not-started"
"reactjs/packages/shared/ReactFeatureFlags.js","disableClientCache","const-export",true,"packages/React/src/shared/ReactFeatureFlags.cpp","not-started"
"reactjs/packages/shared/ReactFeatureFlags.js","enableReactTestRendererWarning","const-export",true,"packages/React/src/shared/ReactFeatureFlags.cpp","not-started"
"reactjs/packages/shared/ReactFeatureFlags.js","disableLegacyMode","const-export",true,"packages/React/src/shared/ReactFeatureFlags.cpp","not-started"
"reactjs/packages/shared/ReactFeatureFlags.js","disableCommentsAsDOMContainers","const-export",true,"packages/React/src/shared/ReactFeatureFlags.cpp","not-started"
"reactjs/packages/shared/ReactFeatureFlags.js","enableTrustedTypesIntegration","const-export",true,"packages/React/src/shared/ReactFeatureFlags.cpp","not-started"
"reactjs/packages/shared/ReactFeatureFlags.js","disableInputAttributeSyncing","const-export",true,"packages/React/src/shared/ReactFeatureFlags.cpp","not-started"
"reactjs/packages/shared/ReactFeatureFlags.js","disableTextareaChildren","const-export",true,"packages/React/src/shared/ReactFeatureFlags.cpp","not-started"
"reactjs/packages/shared/ReactFeatureFlags.js","enableProfilerTimer","variable-export",true,"packages/React/src/shared/ReactFeatureFlags.cpp","not-started"
"reactjs/packages/shared/ReactFeatureFlags.js","enableComponentPerformanceTrack","variable-export",true,"packages/React/src/shared/ReactFeatureFlags.cpp","not-started"
"reactjs/packages/shared/ReactFeatureFlags.js","enableSchedulingProfiler","variable-export",true,"packages/React/src/shared/ReactFeatureFlags.cpp","not-started"
"reactjs/packages/shared/ReactFeatureFlags.js","enableProfilerCommitHooks","variable-export",true,"packages/React/src/shared/ReactFeatureFlags.cpp","not-started"
"reactjs/packages/shared/ReactFeatureFlags.js","enableProfilerNestedUpdatePhase","variable-export",true,"packages/React/src/shared/ReactFeatureFlags.cpp","not-started"
"reactjs/packages/shared/ReactFeatureFlags.js","enableAsyncDebugInfo","const-export",true,"packages/React/src/shared/ReactFeatureFlags.cpp","not-started"
"reactjs/packages/shared/ReactFeatureFlags.js","enableUpdaterTracking","variable-export",true,"packages/React/src/shared/ReactFeatureFlags.cpp","not-started"
"reactjs/packages/shared/ReactFeatureFlags.js","ownerStackLimit","const-export",true,"packages/React/src/shared/ReactFeatureFlags.cpp","not-started"
"reactjs/packages/shared/ReactFlightPropertyAccess.js","OMITTED_PROP_ERROR","const-export",true,"packages/React/src/shared/ReactFlightPropertyAccess.cpp","not-started"
"reactjs/packages/shared/ReactIODescription.js","getIODescription","function",true,"packages/React/src/shared/ReactIODescription.cpp","not-started"
"reactjs/packages/shared/ReactInstanceMap.js","get","function",true,"packages/React/src/shared/ReactInstanceMap.cpp","not-started"
"reactjs/packages/shared/ReactInstanceMap.js","set","function",true,"packages/React/src/shared/ReactInstanceMap.cpp","not-started"
"reactjs/packages/shared/ReactOwnerStackFrames.js","formatOwnerStack","function",true,"packages/React/src/shared/ReactOwnerStackFrames.cpp","not-started"
"reactjs/packages/shared/ReactOwnerStackReset.js","lastResetTime","const-export",false,"packages/React/src/shared/ReactOwnerStackReset.cpp","not-started"
"reactjs/packages/shared/ReactOwnerStackReset.js","resetOwnerStackLimit","function",true,"packages/React/src/shared/ReactOwnerStackReset.cpp","not-started"
"reactjs/packages/shared/ReactOwnerStackReset.js","timeSinceLastReset","const-export",false,"packages/React/src/shared/ReactOwnerStackReset.cpp","not-started"
"reactjs/packages/shared/ReactPerformanceTrackProperties.js","EMPTY_ARRAY","const-export",false,"packages/React/src/shared/ReactPerformanceTrackProperties.cpp","not-started"
"reactjs/packages/shared/ReactPerformanceTrackProperties.js","COMPLEX_ARRAY","const-export",false,"packages/React/src/shared/ReactPerformanceTrackProperties.cpp","not-started"
"reactjs/packages/shared/ReactPerformanceTrackProperties.js","PRIMITIVE_ARRAY","const-export",false,"packages/React/src/shared/ReactPerformanceTrackProperties.cpp","not-started"
"reactjs/packages/shared/ReactPerformanceTrackProperties.js","ENTRIES_ARRAY","const-export",false,"packages/React/src/shared/ReactPerformanceTrackProperties.cpp","not-started"
"reactjs/packages/shared/ReactPerformanceTrackProperties.js","getArrayKind","function",false,"packages/React/src/shared/ReactPerformanceTrackProperties.cpp","not-started"
"reactjs/packages/shared/ReactPerformanceTrackProperties.js","i","const-export",false,"packages/React/src/shared/ReactPerformanceTrackProperties.cpp","not-started"
"reactjs/packages/shared/ReactPerformanceTrackProperties.js","addObjectToProperties","function",true,"packages/React/src/shared/ReactPerformanceTrackProperties.cpp","not-started"
"reactjs/packages/shared/ReactPerformanceTrackProperties.js","addValueToProperties","function",true,"packages/React/src/shared/ReactPerformanceTrackProperties.cpp","not-started"
"reactjs/packages/shared/ReactPerformanceTrackProperties.js","hasChildren","const-export",false,"packages/React/src/shared/ReactPerformanceTrackProperties.cpp","not-started"
"reactjs/packages/shared/ReactPerformanceTrackProperties.js","i","const-export",false,"packages/React/src/shared/ReactPerformanceTrackProperties.cpp","not-started"
"reactjs/packages/shared/ReactPerformanceTrackProperties.js","REMOVED","const-export",false,"packages/React/src/shared/ReactPerformanceTrackProperties.cpp","not-started"
"reactjs/packages/shared/ReactPerformanceTrackProperties.js","ADDED","const-export",false,"packages/React/src/shared/ReactPerformanceTrackProperties.cpp","not-started"
"reactjs/packages/shared/ReactPerformanceTrackProperties.js","UNCHANGED","const-export",false,"packages/React/src/shared/ReactPerformanceTrackProperties.cpp","not-started"
"reactjs/packages/shared/ReactPerformanceTrackProperties.js","addObjectDiffToProperties","function",true,"packages/React/src/shared/ReactPerformanceTrackProperties.cpp","not-started"
"reactjs/packages/shared/ReactPerformanceTrackProperties.js","isDeeplyEqual","const-export",false,"packages/React/src/shared/ReactPerformanceTrackProperties.cpp","not-started"
"reactjs/packages/shared/ReactPerformanceTrackProperties.js","line","const-export",false,"packages/React/src/shared/ReactPerformanceTrackProperties.cpp","not-started"
"reactjs/packages/shared/ReactPerformanceTrackProperties.js","line","const-export",false,"packages/React/src/shared/ReactPerformanceTrackProperties.cpp","not-started"
"reactjs/packages/shared/ReactPerformanceTrackProperties.js","desc","const-export",false,"packages/React/src/shared/ReactPerformanceTrackProperties.cpp","not-started"
"reactjs/packages/shared/ReactSerializationErrors.js","jsxPropsParents","variable-export",true,"packages/React/src/shared/ReactSerializationErrors.cpp","not-started"
"reactjs/packages/shared/ReactSerializationErrors.js","jsxChildrenParents","variable-export",true,"packages/React/src/shared/ReactSerializationErrors.cpp","not-started"
"reactjs/packages/shared/ReactSerializationErrors.js","isObjectPrototype","function",false,"packages/React/src/shared/ReactSerializationErrors.cpp","not-started"
"reactjs/packages/shared/ReactSerializationErrors.js","i","const-export",false,"packages/React/src/shared/ReactSerializationErrors.cpp","not-started"
"reactjs/packages/shared/ReactSerializationErrors.js","isGetter","function",true,"packages/React/src/shared/ReactSerializationErrors.cpp","not-started"
"reactjs/packages/shared/ReactSerializationErrors.js","isSimpleObject","function",true,"packages/React/src/shared/ReactSerializationErrors.cpp","not-started"
"reactjs/packages/shared/ReactSerializationErrors.js","i","const-export",false,"packages/React/src/shared/ReactSerializationErrors.cpp","not-started"
"reactjs/packages/shared/ReactSerializationErrors.js","objectName","function",true,"packages/React/src/shared/ReactSerializationErrors.cpp","not-started"
"reactjs/packages/shared/ReactSerializationErrors.js","describeKeyForErrorMessage","function",false,"packages/React/src/shared/ReactSerializationErrors.cpp","not-started"
"reactjs/packages/shared/ReactSerializationErrors.js","describeValueForErrorMessage","function",true,"packages/React/src/shared/ReactSerializationErrors.cpp","not-started"
"reactjs/packages/shared/ReactSerializationErrors.js","describeElementType","function",false,"packages/React/src/shared/ReactSerializationErrors.cpp","not-started"
"reactjs/packages/shared/ReactSerializationErrors.js","describeClientReference","function",false,"packages/React/src/shared/ReactSerializationErrors.cpp","not-started"
"reactjs/packages/shared/ReactSerializationErrors.js","describeObjectForErrorMessage","function",true,"packages/React/src/shared/ReactSerializationErrors.cpp","not-started"
"reactjs/packages/shared/ReactSerializationErrors.js","str","const-export",false,"packages/React/src/shared/ReactSerializationErrors.cpp","not-started"
"reactjs/packages/shared/ReactSerializationErrors.js","length","const-export",false,"packages/React/src/shared/ReactSerializationErrors.cpp","not-started"
"reactjs/packages/shared/ReactSerializationErrors.js","i","const-export",false,"packages/React/src/shared/ReactSerializationErrors.cpp","not-started"
"reactjs/packages/shared/ReactSerializationErrors.js","i","const-export",false,"packages/React/src/shared/ReactSerializationErrors.cpp","not-started"
"reactjs/packages/shared/ReactSerializationErrors.js","i","const-export",false,"packages/React/src/shared/ReactSerializationErrors.cpp","not-started"
"reactjs/packages/shared/ReactSerializationErrors.js","i","const-export",false,"packages/React/src/shared/ReactSerializationErrors.cpp","not-started"
"reactjs/packages/shared/ReactSerializationErrors.js","highlight","const-export",false,"packages/React/src/shared/ReactSerializationErrors.cpp","not-started"
"reactjs/packages/shared/ReactSharedInternals.js","ReactSharedInternals","default-export",true,"packages/React/src/shared/ReactSharedInternals.cpp","not-started"
"reactjs/packages/shared/ReactSymbols.js","REACT_LEGACY_ELEMENT_TYPE","variable-export",true,"packages/React/src/shared/ReactSymbols.cpp","not-started"
"reactjs/packages/shared/ReactSymbols.js","REACT_ELEMENT_TYPE","variable-export",true,"packages/React/src/shared/ReactSymbols.cpp","not-started"
"reactjs/packages/shared/ReactSymbols.js","REACT_PORTAL_TYPE","variable-export",true,"packages/React/src/shared/ReactSymbols.cpp","not-started"
"reactjs/packages/shared/ReactSymbols.js","REACT_FRAGMENT_TYPE","variable-export",true,"packages/React/src/shared/ReactSymbols.cpp","not-started"
"reactjs/packages/shared/ReactSymbols.js","REACT_STRICT_MODE_TYPE","variable-export",true,"packages/React/src/shared/ReactSymbols.cpp","not-started"
"reactjs/packages/shared/ReactSymbols.js","REACT_PROFILER_TYPE","variable-export",true,"packages/React/src/shared/ReactSymbols.cpp","not-started"
"reactjs/packages/shared/ReactSymbols.js","REACT_CONSUMER_TYPE","variable-export",true,"packages/React/src/shared/ReactSymbols.cpp","not-started"
"reactjs/packages/shared/ReactSymbols.js","REACT_CONTEXT_TYPE","variable-export",true,"packages/React/src/shared/ReactSymbols.cpp","not-started"
"reactjs/packages/shared/ReactSymbols.js","REACT_FORWARD_REF_TYPE","variable-export",true,"packages/React/src/shared/ReactSymbols.cpp","not-started"
"reactjs/packages/shared/ReactSymbols.js","REACT_SUSPENSE_TYPE","variable-export",true,"packages/React/src/shared/ReactSymbols.cpp","not-started"
"reactjs/packages/shared/ReactSymbols.js","REACT_SUSPENSE_LIST_TYPE","variable-export",true,"packages/React/src/shared/ReactSymbols.cpp","not-started"
"reactjs/packages/shared/ReactSymbols.js","REACT_MEMO_TYPE","variable-export",true,"packages/React/src/shared/ReactSymbols.cpp","not-started"
"reactjs/packages/shared/ReactSymbols.js","REACT_LAZY_TYPE","variable-export",true,"packages/React/src/shared/ReactSymbols.cpp","not-started"
"reactjs/packages/shared/ReactSymbols.js","REACT_SCOPE_TYPE","variable-export",true,"packages/React/src/shared/ReactSymbols.cpp","not-started"
"reactjs/packages/shared/ReactSymbols.js","REACT_ACTIVITY_TYPE","variable-export",true,"packages/React/src/shared/ReactSymbols.cpp","not-started"
"reactjs/packages/shared/ReactSymbols.js","REACT_LEGACY_HIDDEN_TYPE","variable-export",true,"packages/React/src/shared/ReactSymbols.cpp","not-started"
"reactjs/packages/shared/ReactSymbols.js","REACT_TRACING_MARKER_TYPE","variable-export",true,"packages/React/src/shared/ReactSymbols.cpp","not-started"
"reactjs/packages/shared/ReactSymbols.js","REACT_MEMO_CACHE_SENTINEL","variable-export",true,"packages/React/src/shared/ReactSymbols.cpp","not-started"
"reactjs/packages/shared/ReactSymbols.js","REACT_POSTPONE_TYPE","variable-export",true,"packages/React/src/shared/ReactSymbols.cpp","not-started"
"reactjs/packages/shared/ReactSymbols.js","REACT_VIEW_TRANSITION_TYPE","variable-export",true,"packages/React/src/shared/ReactSymbols.cpp","not-started"
"reactjs/packages/shared/ReactSymbols.js","FAUX_ITERATOR_SYMBOL","const-export",false,"packages/React/src/shared/ReactSymbols.cpp","not-started"
"reactjs/packages/shared/ReactSymbols.js","getIteratorFn","function",true,"packages/React/src/shared/ReactSymbols.cpp","not-started"
"reactjs/packages/shared/ReactSymbols.js","ASYNC_ITERATOR","variable-export",true,"packages/React/src/shared/ReactSymbols.cpp","not-started"
"reactjs/packages/shared/assign.js","assign","default-export",true,"packages/React/src/shared/assign.cpp","not-started"
"reactjs/packages/shared/binaryToComparableString.js","binaryToComparableString","function",true,"packages/React/src/shared/binaryToComparableString.cpp","not-started"
"reactjs/packages/shared/enqueueTask.js","didWarnAboutMessageChannel","const-export",false,"packages/React/src/shared/enqueueTask.cpp","not-started"
"reactjs/packages/shared/enqueueTask.js","enqueueTask","function",true,"packages/React/src/shared/enqueueTask.cpp","not-started"
"reactjs/packages/shared/formatProdErrorMessage.js","formatProdErrorMessage","function",false,"packages/React/src/shared/formatProdErrorMessage.cpp","not-started"
"reactjs/packages/shared/formatProdErrorMessage.js","url","const-export",false,"packages/React/src/shared/formatProdErrorMessage.cpp","not-started"
"reactjs/packages/shared/formatProdErrorMessage.js","i","const-export",false,"packages/React/src/shared/formatProdErrorMessage.cpp","not-started"
"reactjs/packages/shared/formatProdErrorMessage.js","formatProdErrorMessage","default-export",true,"packages/React/src/shared/formatProdErrorMessage.cpp","not-started"
"reactjs/packages/shared/getComponentNameFromType.js","getWrappedName","function",false,"packages/React/src/shared/getComponentNameFromType.cpp","not-started"
"reactjs/packages/shared/getComponentNameFromType.js","getContextName","function",false,"packages/React/src/shared/getComponentNameFromType.cpp","not-started"
"reactjs/packages/shared/getComponentNameFromType.js","getComponentNameFromType","function",true,"packages/React/src/shared/getComponentNameFromType.cpp","not-started"
"reactjs/packages/shared/getPrototypeOf.js","getPrototypeOf","default-export",true,"packages/React/src/shared/getPrototypeOf.cpp","not-started"
"reactjs/packages/shared/hasOwnProperty.js","hasOwnProperty","default-export",true,"packages/React/src/shared/hasOwnProperty.cpp","not-started"
"reactjs/packages/shared/isArray.js","isArray","function",false,"packages/React/src/shared/isArray.cpp","not-started"
"reactjs/packages/shared/isArray.js","isArray","default-export",true,"packages/React/src/shared/isArray.cpp","not-started"
"reactjs/packages/shared/noop.js","noop","function",true,"packages/React/src/shared/noop.cpp","not-started"
"reactjs/packages/shared/normalizeConsoleFormat.js","normalizeConsoleFormat","function",true,"packages/React/src/shared/normalizeConsoleFormat.cpp","not-started"
"reactjs/packages/shared/normalizeConsoleFormat.js","normalizedString","const-export",false,"packages/React/src/shared/normalizeConsoleFormat.cpp","not-started"
"reactjs/packages/shared/normalizeConsoleFormat.js","last","const-export",false,"packages/React/src/shared/normalizeConsoleFormat.cpp","not-started"
"reactjs/packages/shared/normalizeConsoleFormat.js","i","const-export",false,"packages/React/src/shared/normalizeConsoleFormat.cpp","not-started"
"reactjs/packages/shared/objectIs.js","is","function",false,"packages/React/src/shared/objectIs.cpp","not-started"
"reactjs/packages/shared/objectIs.js","objectIs","default-export",true,"packages/React/src/shared/objectIs.cpp","not-started"
"reactjs/packages/shared/reportGlobalError.js","reportGlobalError","default-export",true,"packages/React/src/shared/reportGlobalError.cpp","not-started"
"reactjs/packages/shared/shallowEqual.js","shallowEqual","function",false,"packages/React/src/shared/shallowEqual.cpp","not-started"
"reactjs/packages/shared/shallowEqual.js","i","const-export",false,"packages/React/src/shared/shallowEqual.cpp","not-started"
"reactjs/packages/shared/shallowEqual.js","shallowEqual","default-export",true,"packages/React/src/shared/shallowEqual.cpp","not-started"